"Authors","Author full names","Author(s) ID","Title","Year","Source title","Volume","Issue","Art. No.","Page start","Page end","Cited by","DOI","Link","Affiliations","Authors with affiliations","Abstract","Author Keywords","Index Keywords","Correspondence Address","Editors","Publisher","ISSN","ISBN","CODEN","PubMed ID","Language of Original Document","Abbreviated Source Title","Document Type","Publication Stage","Open Access","Source","EID"
"Zhang, Y.; Chi, J.; Yang, G.; Chen, C.; Yu, T.","Zhang, Yuhao (57480787100); Chi, Jieru (24536802800); Yang, Guowei (60244810600); Chen, Chenglizhao Li Zhao (56599394000); Yu, Teng (55354355800)","57480787100; 24536802800; 60244810600; 56599394000; 55354355800","SAR-NanoShipNet: A scale-adaptive network for robust small ship detection in SAR imagery","2026","ISPRS Journal of Photogrammetry and Remote Sensing","232","","","262","279","0","10.1016/j.isprsjprs.2025.12.006","https://www.scopus.com/inward/record.uri?eid=2-s2.0-105025110998&doi=10.1016%2Fj.isprsjprs.2025.12.006&partnerID=40&md5=fe687b545dca9b827c4b098d8a3417ec","College of Electronics and Information, Qingdao University, Qingdao, Shandong, China; College of Computer Science and Technology, China University of Petroleum (East China), Qingdao, Shandong, China","Zhang, Yuhao, College of Electronics and Information, Qingdao University, Qingdao, Shandong, China; Chi, Jieru, College of Electronics and Information, Qingdao University, Qingdao, Shandong, China; Yang, Guowei, College of Electronics and Information, Qingdao University, Qingdao, Shandong, China; Chen, Chenglizhao Li Zhao, College of Computer Science and Technology, China University of Petroleum (East China), Qingdao, Shandong, China; Yu, Teng, College of Electronics and Information, Qingdao University, Qingdao, Shandong, China","Currently, notable progress has been attained in small ship target detection for synthetic aperture radar (SAR) imagery, with such advancements being driven by three key methodological innovations within the deep learning framework: self-supervision combined with knowledge distillation, rotated bounding box detection, and multi-scale feature fusion. However, it still faces challenges such as high speckle noise in SAR images, difficulty in extracting small target features, geometric distortion of ship shapes and heading dependence. Therefore, this article proposes a new SAR-NanoShipNet model. To enhance the targeting of ship objects, the proposed method employs a specialized convolution (DABConv) that exhibits greater suitability for ship targets, replacing the conventional standard convolution. As opposed to traditional approaches for SAR target detection, which typically lack the capability to adaptively capture the irregular boundaries and low-contrast features of small ship targets in SAR images, this method pioneers the adaptive capture of these features through deformable convolutions and boundary attention mechanisms, leading to enhanced target localization accuracy. In addition, we introduce the VerticalCompSPPF module (VC-SPPF), which incorporates longitudinal multi-scale convolution alongside a channel attention mechanism. Finally, the design of D-CLEM is linked with DABConv to enhance directional feature extraction while also fusing, improving the accuracy of small object detection. We have validated the superiority of our method on five datasets, particularly for high precision detection of small targets (AP<inf>s</inf> ↑2.66%). Our code can be found at https://github.com/Z-Yuhao/1.git. © 2025 International Society for Photogrammetry and Remote Sensing, Inc. (ISPRS)","Deep learning; SAR imagery; SAR-NanoShipNet; Small ship detection","Convolution; Feature extraction; Image enhancement; Object detection; Object recognition; Radar imaging; Radar target recognition; Remote sensing; Ships; Synthetic aperture radar; Target tracking; Tracking radar; Adaptive networks; Attention mechanisms; Deep learning; Ship detection; Ship targets; Small ship detection; Small targets; Synthetic Aperture Radar Imagery; Synthetic aperture radar images; Synthetic aperture radar-nanoshipnet; artificial intelligence; artificial neural network; detection method; instrumentation; satellite imagery; synthetic aperture radar","T. Yu; College of Electronic Information, Qingdao University, Qingdao, No. 308 Ningxia Road, Shandong, 260000, China; email: yuteng@qdu.edu.cn","","Elsevier B.V.","09242716","","IRSEE","","English","ISPRS J. Photogramm. Remote Sens.","Article","Final","","Scopus","2-s2.0-105025110998"
"Song, Y.; Yuan, S.; Tian, T.; Tian, J.; Zhao, T.; Liu, Y.","Song, Yucheng (57192998254); Yuan, Sijia (60193967000); Tian, Tian (57206471430); Tian, Jinwen (7401635999); Zhao, Tianming (57215549257); Liu, Youmeng (57937234900)","57192998254; 60193967000; 57206471430; 7401635999; 57215549257; 57937234900","A Rotationally Equivariant Attention Framework for Integrated Inshore Ship Detection and Fine-Grained Classification","2026","IEEE Journal of Selected Topics in Applied Earth Observations and Remote Sensing","19","","","1071","1084","0","10.1109/JSTARS.2025.3631549","https://www.scopus.com/inward/record.uri?eid=2-s2.0-105021857054&doi=10.1109%2FJSTARS.2025.3631549&partnerID=40&md5=1cd31d50b7e15441d5d926b5ea65d478","School of Artificial Intelligence and Automation, Huazhong University of Science and Technology, Wuhan, Hubei, China","Song, Yucheng, School of Artificial Intelligence and Automation, Huazhong University of Science and Technology, Wuhan, Hubei, China; Yuan, Sijia, School of Artificial Intelligence and Automation, Huazhong University of Science and Technology, Wuhan, Hubei, China; Tian, Tian, School of Artificial Intelligence and Automation, Huazhong University of Science and Technology, Wuhan, Hubei, China; Tian, Jinwen, School of Artificial Intelligence and Automation, Huazhong University of Science and Technology, Wuhan, Hubei, China; Zhao, Tianming, School of Artificial Intelligence and Automation, Huazhong University of Science and Technology, Wuhan, Hubei, China; Liu, Youmeng, School of Artificial Intelligence and Automation, Huazhong University of Science and Technology, Wuhan, Hubei, China","Detecting and finely classifying inshore ships in optical remote sensing imagery is challenging. This difficulty arises due to complex backgrounds, arbitrary ship orientations, and subtle differences between classes. Existing methods often treat detection and classification separately, and struggle with rotational variability and feature conflicts. We propose a novel end-to-end framework for ship detection and classification. The framework integrates contextual attention, rotationally equivariant feature extraction, and decoupled detection-classification modules. A contextual attention enhancement module suppresses background interference and highlights ship regions in diverse coastal scenarios. A rotational equivariant network backbone, combined with global and local rotation-invariant pooling, captures orientation-robust features for both detection and fine-grained classification. A multilevel feature fusion module consolidates global and local representations through attention guidance. In addition, a detection-classification decoupling module resolves task conflicts and enables unified training. Our framework demonstrates competitive results in optical ship datasets, particularly in rotational robustness and background suppression. The integrated modules enhance detection recall, and exhibiting strong robustness to rotation, background clutter, and interclass similarity. © 2008-2012 IEEE.","Contextual attention; end-to-end framework; fine-grained classification; inshore ship detection; rotation-invariant pooling; rotational equivariance","Classification (of information); Feature extraction; Rotation; Ships; Contextual attention; End to end; End-to-end framework; Equivariance; Fine grained; Fine-grained classification; Inshore ship detection; Rotation invariant; Rotation-invariant pooling; Rotational equivariance; Ship detection; Remote sensing; artificial neural network; computer vision; detection method; EOS; image analysis; monitoring system; remote sensing; rotation; satellite imagery","T. Tian; Huazhong University of Science and Technology, School of Artificial Intelligence and Automation, Wuhan, 430074, China; email: ttian@hust.edu.cn","","Institute of Electrical and Electronics Engineers Inc.","19391404","","","","English","IEEE J. Sel. Top. Appl. Earth Obs. Remote Sens.","Article","Final","All Open Access; Gold Open Access","Scopus","2-s2.0-105021857054"
"Cui, Q.; Zhou, Y.; Zhou, G.; Li, J.; Zhu, X.; Irampaye, R.","Cui, Quan (60168564900); Zhou, Yan (57188815143); Zhou, Gaodian (57219604979); Li, Jianxun (9236863000); Zhu, Xiaolin (57204978944); Irampaye, Richard (57614806800)","60168564900; 57188815143; 57219604979; 9236863000; 57204978944; 57614806800","Multidirectional Rotation-Aware Network for Oriented Ship Detection From Remote Sensing Imagery","2026","IEEE Journal of Selected Topics in Applied Earth Observations and Remote Sensing","19","","","190","208","0","10.1109/JSTARS.2025.3629101","https://www.scopus.com/inward/record.uri?eid=2-s2.0-105021049411&doi=10.1109%2FJSTARS.2025.3629101&partnerID=40&md5=4f6114262495810712fa50bade0464ef","School of Automation and Electronic Information, Xiangtan University, Xiangtan, Hunan, China; School of Automation, Shanghai Jiao Tong University, Shanghai, China; Hunan Institute of Engineering, Xiangtan, Hunan, China; Xiangtan University, Xiangtan, Hunan, China","Cui, Quan, School of Automation and Electronic Information, Xiangtan University, Xiangtan, Hunan, China; Zhou, Yan, School of Automation and Electronic Information, Xiangtan University, Xiangtan, Hunan, China; Zhou, Gaodian, School of Automation and Electronic Information, Xiangtan University, Xiangtan, Hunan, China; Li, Jianxun, School of Automation, Shanghai Jiao Tong University, Shanghai, China; Zhu, Xiaolin, Hunan Institute of Engineering, Xiangtan, Hunan, China; Irampaye, Richard, Xiangtan University, Xiangtan, Hunan, China","Ship detection in remote sensing imagery (RSI) plays a vital role in military and industrial applications. However, the effectiveness of deep-learning-based detectors is often constrained by the complex characteristics of ships. Specifically, the arbitrary directional alignment of ships results in substantial intraclass feature variability, and conventional square convolution kernels struggle to accommodate the elongated geometric structures, such as ships. To overcome these challenges, we proposed a novel network called multidirectional rotation-aware network (MDR-Net), which consists of three key modules. Gated pinwheel-shaped convolution (GPC): The GPC, resembling a windmilllike pattern, enhances the detection of elongated targets aligned along horizontal and vertical axes by adaptively fusing receptive fields in orthogonal directions. Rotated convolution module with attention-guided routing (RCA): RCA introduces a multiscale convolutional attention mechanism to capture rotation angles and weights as inputs of the rotated convolution operation for effective feature alignment. Feature-aligned oriented region proposal network (FAORPN): To generate proposals that more accurately localize multioriented and elongated targets, FAORPN is introduced by integrating RCA and GPC through weighted fusion within the ORPN. Extensive comparative experiments with over ten classical and state-of-the-art models on the RSSDD and DOTA-v1.0 datasets demonstrate that the MDR-Net achieves superior performance, with AP<inf>50</inf> and AP<inf>75</inf> improved by 0.6% and 0.8% on RSSDD, by 0.52% and 2.19% on DOTA-v1.0, respectively. Visualization results further corroborate the enhanced detection capabilities of our approach, substantiating the effectiveness of MDR-Net in extracting robust ship features. © 2008-2012 IEEE.","Oriented object detection; pinwheel-shaped convolution; remote sensing; rotational convolution kernel; ship detection","Deep learning; Distributed computer systems; Geometry; Job analysis; Learning systems; Military applications; Object detection; Object recognition; Rotation; Scales (weighing instruments); Ships; Complex characteristics; Convolution kernel; Directional alignment; Objects detection; Oriented object detection; Pinwheel-shaped convolution; Re mote sensing; Remote sensing imagery; Rotational convolution kernel; Ship detection; Convolution; detection method; remote sensing; rotation; satellite imagery; ship technology","Y. Zhou; Xiangtan University, School of Automation and Electronic Information, Xiangtan, 411105, China; email: yanzhou@xtu.edu.cn; G. Zhou; Xiangtan University, School of Automation and Electronic Information, Xiangtan, 411105, China; email: zhougaodian@xtu.edu.cn","","Institute of Electrical and Electronics Engineers Inc.","19391404","","","","English","IEEE J. Sel. Top. Appl. Earth Obs. Remote Sens.","Article","Final","All Open Access; Gold Open Access","Scopus","2-s2.0-105021049411"
"Lee, D.H.; Hong, J.H.; Seo, H.W.; Oh, H.","Lee, Dongho (57204630848); Hong, Ji-hun (60015365900); Seo, Hyun-woo (60210734200); Oh, Han (26667976800)","57204630848; 60015365900; 60210734200; 26667976800","KFGOD: A Fine-Grained Object Detection Dataset in KOMPSAT Satellite Imagery","2025","Remote Sensing","17","22","3774","","","0","10.3390/rs17223774","https://www.scopus.com/inward/record.uri?eid=2-s2.0-105022866964&doi=10.3390%2Frs17223774&partnerID=40&md5=6d7f59c2bed22f3d5dc50d907c1368b3","Korea Aerospace Research Institute, Daejeon, South Korea; Department of Aerospace System Engineering, University of Science and Technology (UST), Daejeon, South Korea","Lee, Dongho, Korea Aerospace Research Institute, Daejeon, South Korea; Hong, Ji-hun, Korea Aerospace Research Institute, Daejeon, South Korea; Seo, Hyun-woo, Department of Aerospace System Engineering, University of Science and Technology (UST), Daejeon, South Korea; Oh, Han, Korea Aerospace Research Institute, Daejeon, South Korea, Department of Aerospace System Engineering, University of Science and Technology (UST), Daejeon, South Korea","Highlights: What are the main findings? KFGOD provides approximately 880K object instances across 33 fine-grained classes from homogeneous KOMPSAT-3/3A imagery (0.55–0.7 m resolution), with dual OBB+HBB annotations. The dataset’s unique sensor homogeneity (KOMPSAT-3/3A only) provides a well-controlled, sensor-consistent benchmark that minimizes sensor-induced domain gaps and enables a fair comparison of the detection algorithms. What are the implications of the main findings? Benchmark results (SOTA mAP 63.9%) validate KFGOD as a challenging benchmark, highlighting critical, real-world research problems in fine-grained, long-tail, and oriented object detection. Multi-format label support and demonstrated real-world use cases (e.g., Korea Coast Guard maritime surveillance) show that KFGOD is practically useful and generalizes well to diverse high-resolution satellite imagery. Object detection in high-resolution satellite imagery is a critical technology for various applications, yet it faces persistent challenges due to extreme variations in object scale, orientation, and density. The development of numerous public datasets has been pivotal for advancing the field. To continue this progress and expand the diversity of sensor data available for research, we introduce the KOMPSAT Fine-Grained Object Detection (KFGOD) dataset, a new large-scale benchmark for fine-grained object detection. KFGOD is uniquely constructed using 70 cm and 55 cm resolution optical imagery from the KOMPSAT-3 and 3A satellites, sources not covered by existing major datasets. It provides approximately 880,000 object instances across 33 fine-grained classes, encompassing a wide range of ships, aircraft, vehicles, and infrastructure. The dataset ensures high quality and sensor consistency, covering diverse geographical regions worldwide to promote model generalization. For precise localization, all objects are annotated with both oriented (OBB) and horizontal (HBB) bounding boxes. Comprehensive experiments with state-of-the-art detection models provide benchmark results and highlight the challenging nature of the dataset, particularly in distinguishing between visually similar fine-grained classes. The KFGOD dataset is publicly available and aims to foster further research in fine-grained object detection and analysis of high-resolution satellite imagery. © 2025 by the authors.","artificial intelligence; fine-grained object detection; KOMPSAT; large-scale dataset; remote sensing; satellite imagery","Benchmarking; Geographical regions; Large datasets; Object detection; Object recognition; Security systems; Signal detection; Detection algorithm; Fine grained; Fine-grained object detection; High resolution satellite imagery; KOMPSAT; Large-scale datasets; Objects detection; Real-world; Remote-sensing; Research problems; Remote sensing; Satellite imagery","H. Oh; Korea Aerospace Research Institute (KARI), Daejeon, 169-84 Gwahak-ro, Yuseong-gu, 34133, South Korea; email: ohhan@kari.re.kr","","Multidisciplinary Digital Publishing Institute (MDPI)","","9780891814184; 0891814183; 9780123694072","","","English","Remote Sens.","Article","Final","All Open Access; Gold Open Access","Scopus","2-s2.0-105022866964"
"Cao, W.; Zhao, X.; Wang, H.; Hu, Y.","Cao, Wei (58540271900); Zhao, Xinyu (59443904600); Wang, Hongqi (59894038800); Hu, Yuxin (56163045500)","58540271900; 59443904600; 59894038800; 56163045500","WTDBNet: A Wavelet Transform-Based Dual-Stream Backbone Network for Fine-Grained Ship Detection","2025","Remote Sensing","17","9","1570","","","0","10.3390/rs17091570","https://www.scopus.com/inward/record.uri?eid=2-s2.0-105004887083&doi=10.3390%2Frs17091570&partnerID=40&md5=687cf7f4408c7ebc0dd59f123136800e","Aerospace Information Research Institute, Beijing, China; Chinese Academy of Sciences, Beijing, Beijing, China; Electrical and Communication Engineering, University of Chinese Academy of Sciences, Beijing, China","Cao, Wei, Aerospace Information Research Institute, Beijing, China, Chinese Academy of Sciences, Beijing, Beijing, China, Electrical and Communication Engineering, University of Chinese Academy of Sciences, Beijing, China; Zhao, Xinyu, Aerospace Information Research Institute, Beijing, China, Chinese Academy of Sciences, Beijing, Beijing, China, Electrical and Communication Engineering, University of Chinese Academy of Sciences, Beijing, China; Wang, Hongqi, Aerospace Information Research Institute, Beijing, China, Chinese Academy of Sciences, Beijing, Beijing, China, Electrical and Communication Engineering, University of Chinese Academy of Sciences, Beijing, China; Hu, Yuxin, Aerospace Information Research Institute, Beijing, China, Chinese Academy of Sciences, Beijing, Beijing, China, Electrical and Communication Engineering, University of Chinese Academy of Sciences, Beijing, China","Fine-grained ship detection tasks require models to accurately classify fine-grained categories and precisely localize them within complex backgrounds, relying on detailed features. The challenges of this task mainly lie in bird’s-eye viewpoints, scale variations, rotational changes, and environmental factors, which lead to minor inter-class differences and significant intra-class variations. This paper presents a novel model, called Wavelet Transform-based Dual-Stream Backbone Network (WTDBNet), which effectively integrates three key strengths: the ability of the Transformer to model long-range dependencies for global context, the capability of convolutional neural networks to extract detailed local features, and the efficiency of wavelet transform in frequency-domain decomposition for enhancing edges and texture details. These components are fused via channel and spatial attention mechanisms, thereby improving the model’s ability to extract discriminative features. The effectiveness of WTDBNet is validated on two widely used benchmarks for fine-grained oriented ship detection, as well as on a self-constructed dataset designed to represent complex scenarios. Experimental results demonstrate the superior performance of the proposed method. © 2025 by the authors.","CNN; deep learning; fine-grained ship detection; remote sensing images; Transformer; wavelet transform","Convolutional neural networks; Ship models; Wavelet decomposition; A-wavelet transform; Back-bone network; Deep learning; Detection tasks; Fine grained; Fine-grained ship detection; Remote sensing images; Ship detection; Transformer; Wavelets transform; Cutoff frequency","Y. Hu; Aerospace Information Research Institute, Chinese Academy of Sciences, Beijing, 100094, China; email: huyx@aircas.ac.cn","","Multidisciplinary Digital Publishing Institute (MDPI)","","9780891814184; 0891814183; 9780123694072","","","English","Remote Sens.","Article","Final","All Open Access; Gold Open Access","Scopus","2-s2.0-105004887083"
"Wei, S.; Xinyi, S.; Zhang, Z.; Fei, G.","Wei, Sun (57203330097); Xinyi, Shen (26642262300); Zhang, Xiaorui (34882458800); Fei, Guan (60010888000)","57203330097; 26642262300; 34882458800; 60010888000","Lightweight rotating small target detection network adapted to remote sensing ship images; 适应遥感船舶图像的轻量化旋转小目标检测网络","2025","Journal of Electronic Measurement and Instrumentation","39","4","","122","131","0","10.13382/j.jemi.B2407771","https://www.scopus.com/inward/record.uri?eid=2-s2.0-105011413514&doi=10.13382%2Fj.jemi.B2407771&partnerID=40&md5=31fae95883b06eb11316b7aa672631fd","School of Automation, Nanjing University of Information Science & Technology, Nanjing, Jiangsu, China; Nanjing University of Information Science & Technology, Nanjing, Jiangsu, China; College of Computer and Information Engineering, Nanjing Tech University, Nanjing, Jiangsu, China","Wei, Sun, School of Automation, Nanjing University of Information Science & Technology, Nanjing, Jiangsu, China, Nanjing University of Information Science & Technology, Nanjing, Jiangsu, China; Xinyi, Shen, School of Automation, Nanjing University of Information Science & Technology, Nanjing, Jiangsu, China; Zhang, Xiaorui, College of Computer and Information Engineering, Nanjing Tech University, Nanjing, Jiangsu, China; Fei, Guan, School of Automation, Nanjing University of Information Science & Technology, Nanjing, Jiangsu, China","Remote sensing images of ships is characterized by small target sizes, complex backgrounds, and significant attitude changes. Traditional ship detection algorithms focus on improving detection accuracy while neglecting model size and real-time performance, thereby limiting their practical application on resource-constrained devices. A lightweight rotated fusion detection network RFDNet adapted to remote sensing ship images is proposed to address the above problems. Considering that the remote sensing ship images are taken at a long distance, resulting in small target sizes and rich background information in the images, ACFNet is designed to improve the detection accuracy of small ship targets by fully extracting local feature information and global spatial sensing information. To avoid accuracy degradation when detecting ship targets with different attitudes, a rotating bounding box loss function is introduced, which utilizes the orientation information of rotating targets for obtaining a more accurate bounding box regression loss, thereby improving the detection performance of ship targets rotating in any direction; for the problem of increasing parameter counts brought about by increasing the accuracy of the model, a lightweight convolution is introduced into the feature fusion part, which combines the convolution, the depth separable convolution, and the channel blending to reduce the number of parameters in the model. Through comparative and ablation experiments, it has been demonstrated that RFDNet achieved mAPs of 97. 63% and 81. 63% on the HRSC2016 and DOTA datasets, respectively, while reducing the model parameters to 2. 99×106. This not only effectively improved detection accuracy but also realized a lightweight model design, providing a new insight for the application of remote sensing ship detection algorithms to resource-constrained devices. © 2025 Editorial Office of EMI Journal. All rights reserved.","deep learning; feature fusion; loss function; remote sensing image; rotating target detection","Feature extraction; Image enhancement; Remote sensing; Ships; Signal detection; Target tracking; Vehicle performance; Deep learning; Detection accuracy; Detection networks; Features fusions; Loss functions; Remote sensing images; Remote-sensing; Rotating target detection; Ship targets; Targets detection; Convolution; accuracy assessment; detection method; equipment; remote sensing; satellite imagery; ship design","S. Wei; School of Automation, Nanjing University of Information Science and Technology, Nanjing, 210044, China; email: sunw0125@163.com","","Editorial Office of EMI Journal","10007105","","","","Chinese","J. Electron. Meas. Instrum.","Article","Final","","Scopus","2-s2.0-105011413514"
"Zhu, J.; Lin, Q.; Jing, D.; Fu, Q.; Ma, T.; Li, J.","Zhu, Jiangang (57221392593); Lin, Qianjin (57220204433); Jing, Dongling (57219259409); Fu, Qiang (57661113600); Ma, Ting (57216820393); Li, Jianming (57840969000)","57221392593; 57220204433; 57219259409; 57661113600; 57216820393; 57840969000","Symmetry-Driven Gaussian Representation and Adaptive Assignment for Oriented Object Detection","2025","Symmetry","17","4","594","","","0","10.3390/sym17040594","https://www.scopus.com/inward/record.uri?eid=2-s2.0-105003571370&doi=10.3390%2Fsym17040594&partnerID=40&md5=9564c5d86cbca18f040c55d0c1bde3fa","School of Computer Science, Civil Aviation Flight University of China, Guanghan, Sichuan, China; Shanghai Aerospace Control Technology Institute, Shanghai, Shanghai, China; Research and Development Center of Infrared Detection Technology, China Aerospace Science and Technology Corporation, Beijing, China","Zhu, Jiangang, School of Computer Science, Civil Aviation Flight University of China, Guanghan, Sichuan, China; Lin, Qianjin, Shanghai Aerospace Control Technology Institute, Shanghai, Shanghai, China; Jing, Dongling, Shanghai Aerospace Control Technology Institute, Shanghai, Shanghai, China, Research and Development Center of Infrared Detection Technology, China Aerospace Science and Technology Corporation, Beijing, China; Fu, Qiang, School of Computer Science, Civil Aviation Flight University of China, Guanghan, Sichuan, China; Ma, Ting, School of Computer Science, Civil Aviation Flight University of China, Guanghan, Sichuan, China; Li, Jianming, School of Computer Science, Civil Aviation Flight University of China, Guanghan, Sichuan, China","Object Detection (OD) in Remote Sensing Imagery (RSI) encounters significant challenges such as multi-scale variation, high aspect ratios, and densely distributed objects. These challenges often result in misalignments among Bounding Box (BBox) representation, Label Assignment (LA) strategies, and regression loss functions. To address these limitations, this study proposes a novel detection framework, the Gaussian Detection (GaussianDet) Framework, that integrates probabilistic modeling with dynamic sample assignment to achieve more precise OD. The core design of this framework is inspired by the theory of geometric symmetry. Specifically, the radial symmetry of a two-dimensional Gaussian distribution is employed to capture the rotational and scale-invariant properties of Remote Sensing (RS) objects. By leveraging the axial symmetry of elliptical geometry, the proposed Gaussian Elliptical Intersection over Union (GEIoU) enables rotation-aligned matching, while Omni-dimensional Adaptive Assignment (ODAA) introduces dynamic symmetric constraints to optimize the spatial distribution of training samples. Specifically, a Flexible Bounding Box (FBBox) representation based on a 2D Gaussian distribution is introduced to more accurately characterize the shape, aspect ratio, and orientation of objects. In addition, the GEIoU is designed as a scale-invariant similarity metric to align regression loss with detection accuracy. To further enhance sample quality and feature learning, the ODAA strategy adaptively selects positive samples based on object scale and geometric constraints. Experimental results on the High-Resolution Ship Collection 2016 (HRSC2016) and University of Chinese Academy of Sciences–Aerial Object Detection (UCAS-AOD) datasets demonstrate that GaussianDet achieves mean Average Precision (mAP) scores of 90.53% and 96.24%, respectively. These results significantly outperform existing Oriented Object Detection (OOD) methods, thereby validating the effectiveness of the proposed approach and providing a solid theoretical foundation for future research in Remote Sensing Object Detection (RSOD). © 2025 by the authors.","bounding box regression; deep learning; dynamic label assignment; elliptical IoU; gaussian representation; object detection; remote sensing imagery; symmetry","","J. Li; School of Computer Science, Civil Aviation Flight University of China, Guanghan, 618307, China; email: lijianming@cafuc.edu.cn; D. Jing; Shanghai Aerospace Control Technology Institute, Shanghai, 201109, China; email: jingdonglin@bit.edu.cn","","Multidisciplinary Digital Publishing Institute (MDPI)","","","","","English","Symmetry","Article","Final","All Open Access; Gold Open Access","Scopus","2-s2.0-105003571370"
"Zhong, J.; Liu, L.; Song, F.; Li, Y.; Xue, Y.","Zhong, Jiandan (57192196152); Liu, Lingfeng (59660769300); Song, Fei (59179063600); Li, Yingxiang (57192522057); Xue, Yajuan (36976507000)","57192196152; 59660769300; 59179063600; 57192522057; 36976507000","RACR-ShipDet: A Ship Orientation Detection Method Based on Rotation-Adaptive ConvNeXt and Enhanced RepBiFPAN","2025","Remote Sensing","17","4","643","","","0","10.3390/rs17040643","https://www.scopus.com/inward/record.uri?eid=2-s2.0-85219170147&doi=10.3390%2Frs17040643&partnerID=40&md5=03c11f13a9fe9175de4d83e5d835ca49","College of Communication Engineering, Chengdu University of Information Technology, Chengdu, Sichuan, China; College of Computer and Software Engineering, Xihua University, Chengdu, Sichuan, China","Zhong, Jiandan, College of Communication Engineering, Chengdu University of Information Technology, Chengdu, Sichuan, China; Liu, Lingfeng, College of Communication Engineering, Chengdu University of Information Technology, Chengdu, Sichuan, China; Song, Fei, College of Computer and Software Engineering, Xihua University, Chengdu, Sichuan, China; Li, Yingxiang, College of Communication Engineering, Chengdu University of Information Technology, Chengdu, Sichuan, China; Xue, Yajuan, College of Communication Engineering, Chengdu University of Information Technology, Chengdu, Sichuan, China","Ship orientation detection is essential for maritime navigation, traffic monitoring, and defense, yet existing methods face challenges with rotational invariance in large-angle scenarios, difficulties in multi-scale feature fusion, and the limitations of traditional IoU when detecting oriented objects and predicting objects’ orientation. In this article, we propose a novel ship orientation detection (RACR-ShipDet) network based on rotation-adaptive ConvNeXt and Enhanced RepBiFPAN in remote sensing images. To equip the model with rotational invariance, ConvNeXt is first improved so that it can dynamically adjust the rotation angle and convolution kernel through adaptive rotation convolution, namely, ARRConv, forming a new architecture called RotConvNeXt. Subsequently, the RepBiFPAN, enhanced with the Weighted Feature Aggregation module, is employed to prioritize informative features by dynamically assigning adaptive weights, effectively reducing the influence of redundant or irrelevant features and improving feature representation. Moreover, a more stable version of KFIoU is proposed, named SCKFIoU, which improves the accuracy and stability of overlap calculation by introducing a small perturbation term and utilizing Cholesky decomposition for efficient matrix inversion and determinant calculation. Evaluations using the DOTA-ORShip dataset demonstrate that RACR-ShipDet outperforms current state-of-the-art models, achieving an mAP of 95.3%, representing an improvement of 5.3% over PSC (90.0%) and of 1.9% over HDDet (93.4%). Furthermore, it demonstrates a superior orientation accuracy of 96.9%, exceeding HDDet by a margin of 5.0%, establishing itself as a robust solution for ship orientation detection in complex environments. © 2025 by the authors.","ConvNeXt; deep learning; feature fusion; remote sensing; ship orientation detection","Air navigation; Deep learning; Image enhancement; Marine navigation; Waterway transportation; Convnext; Detection methods; Features fusions; Maritime navigation; Orientation detections; Remote-sensing; Rotational invariances; Ship orientation detection; Traffic monitoring; Ships","F. Song; College of Computer Science and Software Engineering, Xihua University, Chengdu, 610039, China; email: sfei_work@mail.xhu.edu.cn","","Multidisciplinary Digital Publishing Institute (MDPI)","","9780891814184; 0891814183; 9780123694072","","","English","Remote Sens.","Article","Final","All Open Access; Gold Open Access","Scopus","2-s2.0-85219170147"
"Li, P.; Feng, C.; Feng, W.; Hu, X.","Li, Peng (57331073900); Feng, Cunqian (24767704700); Feng, Weike (56574625300); Hu, Xiaowei (56571695400)","57331073900; 24767704700; 56574625300; 56571695400","Oriented Bounding Box Representation Based on Continuous Encoding in Oriented SAR Ship Detection","2025","IEEE Journal of Selected Topics in Applied Earth Observations and Remote Sensing","18","","","6350","6362","7","10.1109/JSTARS.2025.3541217","https://www.scopus.com/inward/record.uri?eid=2-s2.0-86000437348&doi=10.1109%2FJSTARS.2025.3541217&partnerID=40&md5=445775e5e4aa0a846b0828973fa84cf0","Air Force Engineering University China, Xi'an, Shaanxi, China","Li, Peng, Air Force Engineering University China, Xi'an, Shaanxi, China; Feng, Cunqian, Air Force Engineering University China, Xi'an, Shaanxi, China; Feng, Weike, Air Force Engineering University China, Xi'an, Shaanxi, China; Hu, Xiaowei, Air Force Engineering University China, Xi'an, Shaanxi, China","Ship detection of synthetic aperture radar (SAR) images holds significant value for both civilian and military applications. Compared to horizontal ship detection, oriented ship detection based on oriented bounding boxes can capture the orientation and aspect ratio of ships, thus receiving increasing attention. However, in oriented ship detection, when ships rotate near the specific angles, the angle prediction result obtained by the deep learning network may have a severe mutation, which is the well-known boundary discontinuity problem. To address the issue of boundary discontinuity in SAR ship detection, researchers have proposed numerous methods. However, through our systematic analysis, we found that these methods do not fundamentally solve the problem. To this end, we first clarified the reasons for the existence of boundary discontinuity and how it affects the detection network. Based on this, we proposed the conditions that the encoding methods and loss functions of the detection network must satisfy to address the issue of boundary discontinuity. In line with these conditions, we designed a continuous encoding method called coordinate decomposition method (CDM). In addition, we also analyzed the impact of different optimization methods on the detection network and, based on this, presented a joint optimization paradigm based on continuous encoding. Experimental results on two commonly used SAR ship detection datasets demonstrate that our proposed CDM encoding method effectively addresses the boundary discontinuity issue and enhances the detection performance. Compared to the state-of-the-art methods, the fully convolutional one-stage network using the CDM-based joint optimization achieves optimal detection results without employing any additional techniques. © 2008-2012 IEEE.","Boundary discontinuity; joint optimization; oriented object detection; ship detection; synthetic aperture radar (SAR)","Health risks; Image coding; Image segmentation; Marine radar; Military photography; Military radar; Network coding; Object detection; Optical radar; Remote sensing; Synthetic aperture radar; Tracking radar; Boundary discontinuity; Decomposition methods; Detection networks; Encoding methods; Encodings; Joint optimization; Objects detection; Oriented bounding box; Oriented object detection; Ship detection; Aspect ratio; decomposition analysis; image analysis; optimization; synthetic aperture radar","W. Feng; Air Force Engineering University, Air and Missile Defense College, Xi'an, 710051, China; email: fengweike007@163.com; X. Hu; Air Force Engineering University, Air and Missile Defense College, Xi'an, 710051, China; email: xwhu002@163.com","","Institute of Electrical and Electronics Engineers Inc.","19391404","","","","English","IEEE J. Sel. Top. Appl. Earth Obs. Remote Sens.","Article","Final","All Open Access; Gold Open Access; Green Accepted Open Access; Green Open Access","Scopus","2-s2.0-86000437348"
"Yao, T.; Zhao, H.; Feng, Z.; Hu, Q.","Yao, Tingting (55935685700); Zhao, Hengxin (59559925100); Feng, Zihao (59531758400); Hu, Qing (23992087700)","55935685700; 59559925100; 59531758400; 23992087700","A Context-Aware Multiple Receptive Field Fusion Network for Oriented Object Detection in Remote Sensing Images; 上下文感知多感受野融合网络的定向遥感目标检测","2025","Dianzi Yu Xinxi Xuebao/Journal of Electronics and Information Technology","47","1","","233","243","2","10.11999/JEIT240560","https://www.scopus.com/inward/record.uri?eid=2-s2.0-85217961729&doi=10.11999%2FJEIT240560&partnerID=40&md5=cd6c5661b4c0b1fcafb499eccaa0798f","College of Information Science and Technology, Dalian Maritime University, Dalian, Liaoning, China","Yao, Tingting, College of Information Science and Technology, Dalian Maritime University, Dalian, Liaoning, China; Zhao, Hengxin, College of Information Science and Technology, Dalian Maritime University, Dalian, Liaoning, China; Feng, Zihao, College of Information Science and Technology, Dalian Maritime University, Dalian, Liaoning, China; Hu, Qing, College of Information Science and Technology, Dalian Maritime University, Dalian, Liaoning, China","Objective Recent advances in remote sensing imaging technology have made oriented object detection in remote sensing images a prominent research area in computer vision. Unlike traditional object detection tasks, remote sensing images, captured from a wide-range bird’s-eye view, often contain a variety of objects with diverse scales and complex backgrounds, posing significant challenges for oriented object detection. Although current approaches have made substantial progress, existing networks do not fully exploit the contextual information across multi-scale features, resulting in classification and localization errors during detection. To address this, a context-aware multiple receptive field fusion network is proposed, which leverages the contextual correlation in multi-scale features. By enhancing the feature representation capabilities of deep networks, the accuracy of oriented object detection in remote sensing images can be improved. Methods For input remote sensing images, ResNet-50 and a feature pyramid network are first employed to extract features at different scales. The features from the first four layers are then enhanced using a receptive field expansion module. The resulting features are processed through a high-level feature aggregation module to effectively fuse multi-scale contextual information. After obtaining enhanced features at different scales, a feature refinement region proposal network is designed to revise object detection proposals using refined feature representations, resulting in more accurate candidate proposals. These multi-scale features and candidate proposals are then input into the Oriented R-CNN detection head to obtain the final object detection results. The receptive field expansion module consists of two submodules: a large selective kernel convolution attention submodule and a shift window self-attention enhancement submodule, which operate in parallel. The large selective kernel convolution submodule introduces multiple convolution operations with different kernel sizes to capture contextual information under various receptive fields, thereby improving the network’s ability to perceive multi-scale objects. The shift window self-attention enhancement submodule divides the feature map into patches according to predefined window and step sizes and calculates the self-attention-enhanced feature representation of each patch, extracting more global information from the image. The high-level feature aggregation module integrates rich semantic information from the feature pyramid network with low-level features, improving detection accuracy for multi-scale objects. Finally, a feature refinement region proposal network is designed to reduce location deviation between generated region proposals and actual rotating objects in remote sensing images. The deformable convolution is employed to capture geometric and contextual information, refining the initial proposals and producing the final oriented object detection results through a two-stage region-of-interest alignment network. Results and Discussions The effectiveness and robustness of the proposed network are demonstrated on two public datasets: DIOR-R and HRSC2016. For DIOR-R dataset, the AP<inf>50</inf>, AP<inf>75</inf> and AP<inf>50:95</inf> metrics are used for evaluation. Quantitative and qualitative comparisons (Fig. 7, Table 1) demonstrate that the proposed network significantly enhances feature representation for different remote sensing objects, distinguishing objects with similar appearances and localizing objects at various scales more accurately. For the HRSC2016 dataset, the mean Average Precision (mAP) is used, and both mAP(07) and mAP(12) are computed for quantitative comparison. The results (Fig. 7, Table 2) further highlight the network’s effectiveness in improving ship detection accuracy in remote sensing images. Additionally, ablation studies (Table 3) demonstrate that each module in the proposed network contributes to improved detection performance for oriented objects in remote sensing images. Conclusions This paper proposes a context-aware multi-receptive field fusion network for oriented object detection in remote sensing images. The network includes a receptive field expansion module that enhances the perception ability for remote sensing objects of different sizes. The high-level feature aggregation module fully utilizes high-level semantic information, further improving localization and classification accuracy. The feature refinement region proposal network refines the first-stage proposals, resulting in more accurate detection. The qualitative and quantitative results on the DIOR-R and HRSC2016 datasets demonstrate that the proposed network outperforms existing approaches, providing superior detection results for remote sensing objects of varying scales. © 2025 Science Press. All rights reserved.","Deep learning; Multiple receptive field fusion; Object detection; Remote sensing image","Deep learning; Image enhancement; Image fusion; Image segmentation; Object detection; Steganography; Context-Aware; Contextual information; Feature representation; Multi-scale features; Multiple receptive field fusion; Objects detection; Receptive fields; Remote sensing images; Submodules; Remote sensing","T. Yao; Information Science and Technology College, Dalian Maritime University, Dalian, 116026, China; email: ytt1030@dlmu.edu.cn","","Science Press","10095896","","DKXUE","","Chinese","Dianzi Yu Xinxi Xuebao","Article","Final","","Scopus","2-s2.0-85217961729"
"Feng, Y.; Zhang, Y.; Zhang, X.; Wang, Y.; Mei, S.","Feng, Yan (36696426500); Zhang, Yupeng (59479845600); Zhang, Xiangqing (57701208200); Wang, Yuning (58769099300); Mei, Shaohui (25822578400)","36696426500; 59479845600; 57701208200; 58769099300; 25822578400","Large Convolution Kernel Network With Edge Self-Attention for Oriented SAR Ship Detection","2025","IEEE Journal of Selected Topics in Applied Earth Observations and Remote Sensing","18","","","2867","2879","14","10.1109/JSTARS.2024.3514855","https://www.scopus.com/inward/record.uri?eid=2-s2.0-85212571320&doi=10.1109%2FJSTARS.2024.3514855&partnerID=40&md5=8714aa5ccac706a7830c08d54fd8c126","School of Electronics and Information, Northwestern Polytechnical University, Xi'an, Shaanxi, China; College of Mathematics and Computer Science, Yan'an University, Xi'an, Shaanxi, China","Feng, Yan, School of Electronics and Information, Northwestern Polytechnical University, Xi'an, Shaanxi, China; Zhang, Yupeng, School of Electronics and Information, Northwestern Polytechnical University, Xi'an, Shaanxi, China; Zhang, Xiangqing, School of Electronics and Information, Northwestern Polytechnical University, Xi'an, Shaanxi, China, College of Mathematics and Computer Science, Yan'an University, Xi'an, Shaanxi, China; Wang, Yuning, School of Electronics and Information, Northwestern Polytechnical University, Xi'an, Shaanxi, China; Mei, Shaohui, School of Electronics and Information, Northwestern Polytechnical University, Xi'an, Shaanxi, China","Synthetic aperture radar (SAR) ship detection is a popular area in remote sensing, which has broad applications in fishery management, maritime rescue and marine detection. In recent years, deep learning has been successfully applied in this field, but SAR ship detection still faces some challenges, such as speckle noise, strong scattering interference from complex backgrounds, and insufficient use of SAR image characteristics. These issues result in inaccurate ship positioning in complex scenes and a high rate of false alarms. To address the above challenges, we propose a large convolution kernel network with edge self-attention for oriented SAR ship detection (LKE-Det), which can accurately detect arbitrarily rotated ship targets in SAR images. First, we propose a backbone network based on large convolutional kernels, which has a large receptive field and can enhance the long-range dependencies of ships. The backbone adopts a bifurcated gate unit structure to combine the multiscale parallel convolution kernel module and the large convolution kernel attention module. The structure captures feature information of different scales while obtaining sufficient context information. Second, we adopt an edge self-attention mechanism, which uses an edge detection algorithm to extract the gradient matrix of the image and integrate it into the feature pyramid structure to effectively enhance the contour information of ships. The extensive experiments on SSDD and RSDD-SAR datasets demonstrate that our LKE-Det outperforms the state-of-the-art methods. © 2008-2012 IEEE.","Deep learning; edge self-attention; large convolution kernel; oriented ship detection; synthetic aperture radar (SAR)","Edge detection; Image enhancement; Radar imaging; Radar target recognition; Thermography (imaging); Broad application; Convolution kernel; Deep learning; Edge self-attention; Fisheries management; Large convolution kernel; Oriented ship detection; Remote-sensing; Ship detection; Synthetic aperture radar images; detection method; machine learning; remote sensing; satellite imagery; ship technology; synthetic aperture radar","S. Mei; Northwestern Polytechnical University, School of Electronics and Information, Xi'an, 710129, China; email: meish@nwpu.edu.cn","","Institute of Electrical and Electronics Engineers Inc.","19391404","","","","English","IEEE J. Sel. Top. Appl. Earth Obs. Remote Sens.","Article","Final","All Open Access; Gold Open Access; Green Accepted Open Access; Green Open Access","Scopus","2-s2.0-85212571320"
"Hong, X.; Fu, D.; Tang, J.; Lyne, V.; Luo, M.; Su, F.","Hong, Xiaorun (57886177100); Fu, Dongjie (35490406200); Tang, Jiasheng (58368013200); Lyne, Vincent D. (6602272679); Luo, Ming (56463389100); Su, Fenzheng Zhen (57210948280)","57886177100; 35490406200; 58368013200; 6602272679; 56463389100; 57210948280","Ship detection in reefs and deep-sea with medium-high resolution images","2025","Geo-Spatial Information Science","28","4","","1653","1667","1","10.1080/10095020.2024.2404719","https://www.scopus.com/inward/record.uri?eid=2-s2.0-85204513831&doi=10.1080%2F10095020.2024.2404719&partnerID=40&md5=28fea60f896459230a94b3b874975dbd","State Key Laboratory of Resources and Environmental Information System, Institute of Geographic Sciences and Natural Resources Research, Chinese Academy of Sciences, Beijing, China; College of Resources and Environment, University of Chinese Academy of Sciences, Beijing, China; University of Tasmania, Hobart, TS, Australia; School of Geography and Planning, Sun Yat-Sen University, Guangzhou, Guangdong, China; Commission on Geographical Information Science, International Geographic Union, Beijing, China","Hong, Xiaorun, State Key Laboratory of Resources and Environmental Information System, Institute of Geographic Sciences and Natural Resources Research, Chinese Academy of Sciences, Beijing, China, College of Resources and Environment, University of Chinese Academy of Sciences, Beijing, China; Fu, Dongjie, State Key Laboratory of Resources and Environmental Information System, Institute of Geographic Sciences and Natural Resources Research, Chinese Academy of Sciences, Beijing, China, College of Resources and Environment, University of Chinese Academy of Sciences, Beijing, China; Tang, Jiasheng, State Key Laboratory of Resources and Environmental Information System, Institute of Geographic Sciences and Natural Resources Research, Chinese Academy of Sciences, Beijing, China, College of Resources and Environment, University of Chinese Academy of Sciences, Beijing, China; Lyne, Vincent D., State Key Laboratory of Resources and Environmental Information System, Institute of Geographic Sciences and Natural Resources Research, Chinese Academy of Sciences, Beijing, China, University of Tasmania, Hobart, TS, Australia; Luo, Ming, School of Geography and Planning, Sun Yat-Sen University, Guangzhou, Guangdong, China; Su, Fenzheng Zhen, State Key Laboratory of Resources and Environmental Information System, Institute of Geographic Sciences and Natural Resources Research, Chinese Academy of Sciences, Beijing, China, College of Resources and Environment, University of Chinese Academy of Sciences, Beijing, China, Commission on Geographical Information Science, International Geographic Union, Beijing, China","Accurate and efficient ship detection is crucial for ocean monitoring and management, especially in reefs and deep-sea, where fishing and illegal activities threaten sustainability of ecosystems. Obtaining the size of ships in reefs and deep-sea helps to identify ship types and to assess the impact of ships on marine ecosystems quantitatively. Ship detections were mainly applied at coast or river of the inland region using high spatial resolution remote sensing data due to its rich details and frequent coverage. However, the ships located in reefs and deep-sea regions were rarely studied because of price, and availability of high spatial resolution remote sensing data. Global covered medium-high resolution (10–30 m) remote sensing data (such as Sentinel-2) makes it possible to obtain the spatial-temporal distribution of ships, especially small ships. This study developed a deep learning ship detection algorithm–an enhanced Rotated-Ship Detector (RShipDet) to detect ships in reefs and deep-sea regions. RShipDet was applied to Nansha Islands based on two medium-high resolution ship detection datasets (Sentinel2-Ship and SDGSAT-Ship). These two datasets include various backgrounds of reefs and deep-sea, and complex scenarios such as cloud cover and parallel ships, adapting RShipDet to ship detection under complex circumstances in reefs and deep-sea. The results showed that: (1) Small gains: gains of 3.3% and 8.7% Average-Precision (AP) compared to Rotation-equivariant Detector (ReDet) and Faster-RCNN on Sentinel2-Ship dataset; (2) Strong generalization capabilities: 77.4% AP on SDGSAT-Ship dataset; (3) Better performance under complex conditions: RShipDet obtained more accurate ship detection results over regions with cloud cover, islands and reefs, deep-sea, and ports compared to other classical detectors. Our algorithm could be applied for better management of ocean resources and activities in reefs and deep-sea. © 2024 Wuhan University. Published by Informa UK Limited, trading as Taylor & Francis Group.","deep learning; deep-sea; medium-high resolution optical imagery; reefs; Rotated-object detection; SDGSAT-1; Sentinel-2; ship detection","Crime; Image resolution; Optical remote sensing; Photointerpretation; Thermography (imaging); Tropics; Underwater photography; Deep learning; Deep sea; High-resolution optical imagery; Medium-high resolution optical imagery; Objects detection; Remote sensing data; Rotated-object detection; SDGSAT-1; Sentinel-2; Ship detection; Reefs; algorithm; deep sea; detection method; identification method; image resolution; monitoring system; quantitative analysis; reef; remote sensing; satellite data; Sentinel; ship technology; spatial distribution; spatial resolution; temporal distribution","D. Fu; State Key Laboratory of Resources and Environmental Information System, Institute of Geographic Sciences and Natural Resources Research, Chinese Academy of Sciences, Beijing, China; email: fudj@lreis.ac.cn","","Taylor and Francis Ltd.","10095020","","","","English","Geo-Spatial Inf. Sci.","Article","Final","All Open Access; Gold Open Access","Scopus","2-s2.0-85204513831"
"Chen, Z.; Zhang, P.; Liu, P.; Li, M.","Chen, Zihua (60190522000); Zhang, Peng (56185832400); Liu, Peng (57199213225); Li, Mengwei (7405265274)","60190522000; 56185832400; 57199213225; 7405265274","MSCF-Net: A Lightweight Multiscale SAR Image Oriented Ship Detection Algorithm in Complex Scenes","2025","IEEE Journal of Selected Topics in Applied Earth Observations and Remote Sensing","18","","","28856","28872","0","10.1109/JSTARS.2025.3630995","https://www.scopus.com/inward/record.uri?eid=2-s2.0-105021536725&doi=10.1109%2FJSTARS.2025.3630995&partnerID=40&md5=5f5a529bc29ae084851f06ecd2859119","North University of China, Taiyuan, Shanxi, China; School of Instrument and Electronics, North University of China, Taiyuan, Shanxi, China; School of Electrical and Control Engineering, North University of China, Taiyuan, Shanxi, China; North Automatic Control Technology Institute, Taiyuan, Shanxi, China","Chen, Zihua, North University of China, Taiyuan, Shanxi, China, School of Instrument and Electronics, North University of China, Taiyuan, Shanxi, China; Zhang, Peng, North University of China, Taiyuan, Shanxi, China, School of Instrument and Electronics, North University of China, Taiyuan, Shanxi, China; Liu, Peng, School of Electrical and Control Engineering, North University of China, Taiyuan, Shanxi, China, North Automatic Control Technology Institute, Taiyuan, Shanxi, China; Li, Mengwei, North University of China, Taiyuan, Shanxi, China, School of Instrument and Electronics, North University of China, Taiyuan, Shanxi, China","To address the challenges in synthetic aperture radar (SAR) ship detection, including complex target backgrounds, multiscale ships, and diverse orientations, while also meeting the lightweight requirements for satellite-based applications, we propose a lightweight multiscale feature fusion network—MSCF-Net. First, we design a lightweight dilation-wise residual C2f (DRC2F) module that enhances the network’s multiscale feature extraction capability through a two-stage residual mechanism and multiscale depth-wise separable dilated convolutions. Second, to overcome the limitations of traditional feature fusion methods in SAR ship detection, we propose a multiscale channel feature fusion pyramid network, MSCF-FPN, which effectively suppresses background noise interference while highlighting foreground target features through multimodal pooling and dynamic feature calibration mechanisms. Finally, to further improve detection accuracy on SAR images characterized by low target-background discriminability and diverse target orientations, we propose a multibranch decoupled detection head integrated with receptive-field attention to improve the detection head’s capacity to perceive spatial as well as orientation information. Experimental results demonstrate that MSCF-Net achieves detection accuracies of 79.1% (+4.9%) and 92.1% (+2%) on the SRSDD-v1.0 and high-resolution SAR images dataset (HRSID), respectively, with mean average precisions of 71.7% (+5.8%) and 93.3% (+0.2%). Furthermore, the number of model parameters is decreased from 10.89M to 4.66M, a reduction of approximately 57.2%, striking an effective balance between detection performance and model efficiency. In addition, MSCF-Net exhibits robust generalization capabilities on large-scene SAR images, rendering it well-suited for application in complicated real-world scenarios. © 2008-2012 IEEE.","Arbitrary-oriented detection; deep learning; feature fusion; light-weight network; synthetic aperture radar (SAR) object detection","Complex networks; Feature extraction; Image enhancement; Learning systems; Object detection; Radar imaging; Scales (weighing instruments); Ships; Signal detection; Space-based radar; Synthetic aperture radar; Tracking radar; Arbitrary-oriented detection; Deep learning; Features fusions; Light weight; Light-weight network; Multi-scales; Objects detection; Radar objects; Synthetic aperture radar object detection; Synthetic aperture radar images; algorithm; machine learning; pattern recognition; synthetic aperture radar","P. Zhang; North University of China, State Key Laboratory of Optoelectronic Dynamic Testing Technology and Instruments in Extreme Environments, Taiyuan, 030051, China; email: zhangpeng6@nuc.edu.cn","","Institute of Electrical and Electronics Engineers Inc.","19391404","","","","English","IEEE J. Sel. Top. Appl. Earth Obs. Remote Sens.","Article","Final","All Open Access; Gold Open Access; Green Accepted Open Access; Green Open Access","Scopus","2-s2.0-105021536725"
"Zhang, H.; Liu, Q.; Han, X.; Niu, L.; Sun, W.","Zhang, Huan (57223176585); Liu, Qianglin (59520263000); Han, Xiaolin (57201580646); Niu, Lijuan (23976606300); Sun, Weidong (55726588900)","57223176585; 59520263000; 57201580646; 23976606300; 55726588900","Ship Detection for Satellite Images based on Classifier Transfer Learning Combined with Feature Transfer Learning","2025","Proceedings of the World Congress on Electrical Engineering and Computer Systems and Science","","","","","","0","10.11159/mvml25.105","https://www.scopus.com/inward/record.uri?eid=2-s2.0-105021447902&doi=10.11159%2Fmvml25.105&partnerID=40&md5=17023a017a75a08cfa5cb182868373e6","Tsinghua University, Beijing, China; Chinese Academy of Medical Sciences & Peking Union Medical College, Beijing, China; School of Mechatronical Engineering, Beijing Institute of Technology, Beijing, China","Zhang, Huan, Tsinghua University, Beijing, China; Liu, Qianglin, Chinese Academy of Medical Sciences & Peking Union Medical College, Beijing, China; Han, Xiaolin, School of Mechatronical Engineering, Beijing Institute of Technology, Beijing, China; Niu, Lijuan, Chinese Academy of Medical Sciences & Peking Union Medical College, Beijing, China; Sun, Weidong, Tsinghua University, Beijing, China","Transfer learning (TL) is a powerful tool to transfer deep learning models from a large source dataset to a small target dataset, but the upper-layers of deep learning models are less transferable for lacking universality and possessing specificity to certain tasks. Most researches have focused on feature-oriented transfer learning base on the feature space, however, both the classifieroriented transfer learning and the label space haven’t been considered. Faced with these issues, a generalized classifier-oriented transfer learning, termed as classifier-TL, is proposed in this paper, which investigates the correlation between source label space and target label space to transfer and refine the generalized classifier. More specifically, for a given task, a label space descriptor is proposed to depict the label space, and a label space similarity is introduced to measure the correlation between source label space and target label space. Then, the target label space is focused through the proposed label driven posteriori optimization, trying to exploit similar label spaces of the closest category. In this procedure, the classifier can be refined from a set of generalized classifiers to a specific classifier. Furthermore, this classifier-TL can be combined with the traditional feature-oriented transfer learning, to form an integrative secondary transfer learning, for further boosting the performance of transfer learning. Experimental results for the task of ship detection, have demonstrated the effectiveness of our proposed method. © 2025, Avestia Publishing. All rights reserved.","classifier transfer learning; CNN; label space; secondary transfer learning; transfer learning","","","Benedicenti, L.; Liu, Z.","Avestia Publishing","","9781990800269; 9781927877920; 9781990800436; 9781990800092; 9781990800610","","","English","Proc. World. Congr. Electr. Eng. Comput. Syst. Sci.","Conference paper","Final","All Open Access; Bronze Open Access","Scopus","2-s2.0-105021447902"
"Yang, D.; Wu, F.; Qu, G.; Liu, Y.; Cheng, Y.; Aramayo, A.; Zheng, Z.; Yang, Z.","Yang, Dongjing (59745343000); Wu, Falin (8607912600); Qu, Guoxin (57346912700); Liu, Yushuang (55780988500); Cheng, Yuting (59745657600); Aramayo, Angel (60146166300); Zheng, Ziheng (60145959200); Yang, Zhaohua (7405435644)","59745343000; 8607912600; 57346912700; 55780988500; 59745657600; 60146166300; 60145959200; 7405435644","LGM-Det: A Lightweight Geometry-Aware Multiscale Detector for Oriented Ship Target Detection in SAR Images","2025","IEEE Journal of Selected Topics in Applied Earth Observations and Remote Sensing","18","","","25702","25720","0","10.1109/JSTARS.2025.3616512","https://www.scopus.com/inward/record.uri?eid=2-s2.0-105019078226&doi=10.1109%2FJSTARS.2025.3616512&partnerID=40&md5=ba3678ab8209d47c7118bdcfcf0ec00b","School of Instrumentation and Optoelectronic Engineering, Beihang University, Beijing, China; Department of Navigation and Control, Beijing System Design Institute of Electro-mechanic Engineering, Beijing, China; School of Instrumentation and Optoelectronic Engineering, Beihang University, Beijing, China","Yang, Dongjing, School of Instrumentation and Optoelectronic Engineering, Beihang University, Beijing, China; Wu, Falin, School of Instrumentation and Optoelectronic Engineering, Beihang University, Beijing, China; Qu, Guoxin, Department of Navigation and Control, Beijing System Design Institute of Electro-mechanic Engineering, Beijing, China; Liu, Yushuang, School of Instrumentation and Optoelectronic Engineering, Beihang University, Beijing, China; Cheng, Yuting, School of Instrumentation and Optoelectronic Engineering, Beihang University, Beijing, China; Aramayo, Angel, School of Instrumentation and Optoelectronic Engineering, Beihang University, Beijing, China; Zheng, Ziheng, School of Instrumentation and Optoelectronic Engineering, Beihang University, Beijing, China; Yang, Zhaohua, ","Ship target detection is of great significance in Synthetic Aperture Radar (SAR) image applications. However, balancing detection accuracy and efficiency remains a significant challenge in practical SAR ship detection tasks. Ship targets in SAR images often exhibit significant multiscale variations and arbitrary orientations, and are frequently embedded in complex background clutter. These characteristics demand robust geometric modeling and feature representation capabilities. Meanwhile, deployment in resource-constrained environments places higher demands on the lightweight design of detection models. To address these challenges, this article proposes a lightweight geometry-aware multiscale detector (LGM-Det) for oriented ship target detection in SAR images. Specifically, the backbone stage employs a Lightweight Feature Perception Backbone (LFP-Backbone), which incorporates Multiscale Gated Context-Aware (MSGCA) module and Attention-based Intra-scale Feature Interaction (AIFI) module to enhance scale sensitivity and directional modeling capacity. In the feature fusion stage, we introduce an Efficient Long-Short Attention Coupling (ELSAC) module, which mitigates the imbalance between local and global semantic modeling inherent in traditional attention mechanisms by coupling long-range and short-range attention, thereby improving feature representation. In the detection head, we construct the Cross-Scale Task-Coupled Head (CSTC-Head), which leverages scale-wise normalization and independent batch normalization strategies to effectively address the inconsistency of multiscale information and further enhance the model’s perception of oriented ship targets. LGM-Det achieves AP50 scores of 98.8% on SSDD+ and 97.4% on RSDD-SAR, while maintaining a compact architecture with just 1.5 million parameters and 5.1 GFLOPs, demonstrating both high accuracy and efficiency. © 2008-2012 IEEE.","Deep learning; feature fusion; lightweight; oriented SAR ship detection; synthetic aperture radar (SAR)","Efficiency; Feature extraction; Geometry; Radar imaging; Radar target recognition; Semantics; Ships; Synthetic aperture radar; Target tracking; Deep learning; Features fusions; Lightweight; Lightweight geometries; Multi-scales; Oriented synthetic aperture radar ship detection; Ship detection; Ship targets; Synthetic aperture radar images; Targets detection; accuracy assessment; detection method; efficiency measurement; geometry; image analysis; machine learning; remote sensing; ship technology; synthetic aperture radar","F. Wu; Beihang University, SNARS Laboratory, School of Instrumentation and Optoelectronic Engineering, Beijing, 100191, China; email: falin.wu@buaa.edu.cn","","Institute of Electrical and Electronics Engineers Inc.","19391404","","","","English","IEEE J. Sel. Top. Appl. Earth Obs. Remote Sens.","Article","Final","All Open Access; Gold Open Access; Green Accepted Open Access; Green Open Access","Scopus","2-s2.0-105019078226"
"","","","6th International Conference on 3D Imaging Technologies—Multidimensional Signal Processing and Deep Learning, 3DIT-MSP and DL 2024","2025","Smart Innovation, Systems and Technologies","116 SIST","","","","","0","","https://www.scopus.com/inward/record.uri?eid=2-s2.0-105018834252&partnerID=40&md5=52708b1e17f495a44f5071c8cc03ffa3","","","The proceedings contain 25 papers. The special focus in this conference is on 3D Imaging Technologies—Multidimensional Signal Processing and Deep Learning. The topics include: On the Application of Virtual Reality Technology in Digital Services of College Libraries; research on User Experience Oriented to Digital Exhibition and Presentation Narratives in Museums; research on User Experience Design in Virtual Museums Under the Concept of Interaction Design; Design of an Immersive Museum Navigation APP in the Context of Audiovisual Integration; soil Nutrient Dynamic Monitoring Using Hyperspectral Imaging and Artificial Intelligence; Research on the Application of VR and Deep Learning in Plant Landscape Design; post-processing and Visual Effect Optimization of Digital Films in the Information Technology Context; optimization and Application of 3D Point Cloud Deep Learning Algorithm; optimization of 3D Model Defect Detection Algorithm Based on Deep Learning; data Recognition and Scoring Path in English Oral Training Platform Based on Deep Learning Model; sentiment Analysis Combining Large Models and Deep Learning: Multi-source Data Fusion from Text to Speech; english Speech Distortion Detection and Repair Based on Deep Learning; design of a Micro-landmark Recognition and Intelligent Navigation System Based on Immersive Virtual Reality Technology; a Framework for Human Skeleton Keypoint Detection in Low-Light Environments Based on Deep Learning; application and Optimization in Ship Inspection and Intelligent Maintenance; CVI-LayoutXLM: Enhanced Multimodal Resume Information Extraction Model; research on Personal Credit Fault Prediction Method Based on Improved Logistic Regression Model; remote Sensing Image Semantic Segmentation Prediction and Enhancement System Based on Deep Learning.","","","","Jain, L.C.; Kountcheva, R.; Liu, Y.","Springer Science and Business Media Deutschland GmbH","21903018","9789819617494; 9789819662494; 9789819634194; 9789819647170; 9789819612055; 9789819652488; 9783642173868; 9789811549168; 9789813341821; 9783030756796","","","English","Smart Innov. Syst. Technol.","Conference review","Final","","Scopus","2-s2.0-105018834252"
"Qiu, Y.; Zou, B.; Zhang, L.; Mallorquí, J.J.","Qiu, Yu (57211238374); Zou, Bin (55684454000); Zhang, Lamei (56040361700); Mallorquí, Jordi J. (7004104911)","57211238374; 55684454000; 56040361700; 7004104911","An Anchor-Free Feature-Enhanced Network for Arbitrary Oriented Ship Detection in High Resolution SAR Images","2025","IEEE Journal of Selected Topics in Applied Earth Observations and Remote Sensing","18","","","24907","24923","0","10.1109/JSTARS.2025.3605017","https://www.scopus.com/inward/record.uri?eid=2-s2.0-105015324565&doi=10.1109%2FJSTARS.2025.3605017&partnerID=40&md5=3880ccd0f76152d543e606997d3e4990","Department of Information Engineering, Harbin Institute of Technology, Harbin, Heilongjiang, China; Universitat Politècnica de Catalunya, Barcelona, Barcelona, Spain; Department of Information Engineering, Harbin Institute of Technology, Harbin, Heilongjiang, China","Qiu, Yu, Department of Information Engineering, Harbin Institute of Technology, Harbin, Heilongjiang, China, Universitat Politècnica de Catalunya, Barcelona, Barcelona, Spain; Zou, Bin, Department of Information Engineering, Harbin Institute of Technology, Harbin, Heilongjiang, China; Zhang, Lamei, Department of Information Engineering, Harbin Institute of Technology, Harbin, Heilongjiang, China; Mallorquí, Jordi J., Universitat Politècnica de Catalunya, Barcelona, Barcelona, Spain","Ship detection in synthetic aperture radar (SAR) images plays a crucial role in maritime transportation. However, SAR ship detection faces challenges, such as diverse ship scales, complex background environments, severe noise interference, and the difficulty of distinguishing densely docked ships, all of which hinder the precision of ship target detection. To address these issues, an anchor-free feature-enhanced network for arbitrary-oriented ship detection (AFFE-AOSD) is proposed, which significantly enhances the detection performance for multiscale ship targets and densely docked ship formations, while also improving angle estimation accuracy. First, we designed an efficient feature integration module to enrich gradient flows, tailored specifically for the ship target detection task. This improves the detection of small targets. In addition, to enable more precise angle estimation, a two-stage angle prediction module with two stage circular smooth label is introduced. Furthermore, an angle-aware dynamic sample assignment method and an associated loss function that consider angles have been devised to improve the network’s accuracy in rotation predictions. Experiments on SSDD+ and RSDD datasets demonstrate significant improvements: AFFE-AOSD outperforms the baseline on SSDD+, improving precision by 3%, F1 score by 5.1%, and AP50 by 4.7%, and achieves the best angle prediction accuracy on RSDD with a mean error of 4.47° and a median error of 2°.Moreover, the proposed method consistently achieves real-time inference speeds exceeding 55 frame per second across different scenes, confirming its effectiveness in balancing accuracy and efficiency for practical maritime applications. © 2008-2012 IEEE.","Anchor free; arbitrary-oriented; deep learning; ship detection; synthetic aperture radar (SAR)","Feature extraction; Radar imaging; Radar target recognition; Ships; Target tracking; Waterway transportation; Anchor-free; Angle estimation; Arbitrary-oriented; Deep learning; High resolution synthetic aperture radar images; Maritime transportation; Ship detection; Ship targets; Synthetic aperture radar images; Targets detection; Synthetic aperture radar; accuracy assessment; computer simulation; detection method; marine technology; maritime transportation; numerical model; precision; prediction; satellite imagery; ship technology; synthetic aperture radar","Y. Qiu; Department of Information Engineering, Harbin Institute of Technology, Harbin, 150001, China; email: qiuyu_hit@163.com; B. Zou; Harbin Institute of Technology, Department of Information Engineering, Harbin, 150001, China; email: zoubin@hit.edu.cn","","Institute of Electrical and Electronics Engineers Inc.","19391404","","","","English","IEEE J. Sel. Top. Appl. Earth Obs. Remote Sens.","Article","Final","All Open Access; Gold Open Access; Green Accepted Open Access; Green Open Access","Scopus","2-s2.0-105015324565"
"","","","6th International Conference on 3D Imaging Technologies—Multidimensional Signal Processing and Deep Learning, 3DIT-MSP and DL 2024","2025","Smart Innovation, Systems and Technologies","120 SIST","","","","","0","","https://www.scopus.com/inward/record.uri?eid=2-s2.0-105014191202&partnerID=40&md5=9ad5dad27ee6f5fe5c35ec1818dbec4c","","","The proceedings contain 25 papers. The special focus in this conference is on 3D Imaging Technologies—Multidimensional Signal Processing and Deep Learning. The topics include: On the Application of Virtual Reality Technology in Digital Services of College Libraries; research on User Experience Oriented to Digital Exhibition and Presentation Narratives in Museums; research on User Experience Design in Virtual Museums Under the Concept of Interaction Design; Design of an Immersive Museum Navigation APP in the Context of Audiovisual Integration; soil Nutrient Dynamic Monitoring Using Hyperspectral Imaging and Artificial Intelligence; Research on the Application of VR and Deep Learning in Plant Landscape Design; post-processing and Visual Effect Optimization of Digital Films in the Information Technology Context; optimization and Application of 3D Point Cloud Deep Learning Algorithm; optimization of 3D Model Defect Detection Algorithm Based on Deep Learning; data Recognition and Scoring Path in English Oral Training Platform Based on Deep Learning Model; sentiment Analysis Combining Large Models and Deep Learning: Multi-source Data Fusion from Text to Speech; english Speech Distortion Detection and Repair Based on Deep Learning; design of a Micro-landmark Recognition and Intelligent Navigation System Based on Immersive Virtual Reality Technology; a Framework for Human Skeleton Keypoint Detection in Low-Light Environments Based on Deep Learning; application and Optimization in Ship Inspection and Intelligent Maintenance; CVI-LayoutXLM: Enhanced Multimodal Resume Information Extraction Model; research on Personal Credit Fault Prediction Method Based on Improved Logistic Regression Model; remote Sensing Image Semantic Segmentation Prediction and Enhancement System Based on Deep Learning.","","","","Jain, L.C.; Kountcheva, R.; Patnaik, S.","Springer Science and Business Media Deutschland GmbH","21903018","9789819617494; 9789819662494; 9789819634194; 9789819647170; 9789819612055; 9789819652488; 9783642173868; 9789811549168; 9789813341821; 9783030756796","","","English","Smart Innov. Syst. Technol.","Conference review","Final","","Scopus","2-s2.0-105014191202"
"","","","International Scientific and Technical Conference on Integrated Computer Technologies in Mechanical Engineering-Synergetic Engineering, ICTM 2024","2025","Lecture Notes in Networks and Systems","1474 LNNS","","","","","0","","https://www.scopus.com/inward/record.uri?eid=2-s2.0-105012021772&partnerID=40&md5=4d3b41704b3a61dac1a40603a3488bd8","","","The proceedings contain 52 papers. The special focus in this conference is on Integrated Computer Technologies in Mechanical Engineering-Synergetic Engineering. The topics include: Algorithmic Provision of Contours Guidance of Unmanned Systems; impact of Information Technologies on Railway Transportation: Utilization of Satellite Navigation Systems; machine Learning Model of Automotive Dampers; method of Interpretive Visual Analytics for Neural Network Detection of Social Media Posts Sentiments; Comparative Analysis Region of Interest (ROI) Tracking Methods; Performance Evaluation of Modified Detection Algorithms Within the Framework of a Simulation System for Modelling UAV Visual Guidance; model-Oriented Approach to Vibration Diagnostic Systems; analysis of Optical Coherence Tomography Images of Human Arteriosclerotic Vessels Using Computer Vision and Deep Learning Algorithms; sensitivity Analysis of Parameters Used to Generate Material Microstructures by Cellular Automata; remote Monitoring of Ichthyofauna Using Artificial Intelligence and Altshuller’s Algorithm; application of Detectron2 Software Platform for Surgical Instrument Detection and Segmentation on Operational Space of Laparoscopic Intervention; Simulation of Acute Upper Respiratory Tract Infections in Kharkiv Oblast (Ukraine): The ARIMA Model Approach; Image Set for Verification of Methods of Denoising of SAR Images; mathematical Methods of Analyzing Power Consumption by an Induction Motor with a Squirrel-Cage Winding; model of Information Technology Integration for Solving Ecosystem Monitoring Tasks; emerging Technologies in Infectious Disease Surveillance and Control: Current Solutions and Future Directions; Developing Hardware and Software for UAV Onboard Computers: A Combined Approach with SWOT Analysis; Optimization of UAV Routes and Efficiency Enhancement Using Modern IT Technologies; unmanned Technologies and Drones in Runway Service.","","","","Lytvynov, O.; Pavlikov, V.; Krytskyi, D.","Springer Science and Business Media Deutschland GmbH","23673370","9789819652372; 9783031931055; 9789819662968; 9783031999963; 9783031950162; 9783031947698; 9783032004406; 9783031910074; 9783032066671; 9783031926105","","","English","Lect. Notes Networks Syst.","Conference review","Final","","Scopus","2-s2.0-105012021772"
"","","","International Scientific and Technical Conference on Integrated Computer Technologies in Mechanical Engineering-Synergetic Engineering, ICTM 2024","2025","Lecture Notes in Networks and Systems","1473 LNNS","","","","","0","","https://www.scopus.com/inward/record.uri?eid=2-s2.0-105011069024&partnerID=40&md5=77d56da4aabb639fae038e9ed379aae2","","","The proceedings contain 52 papers. The special focus in this conference is on Integrated Computer Technologies in Mechanical Engineering-Synergetic Engineering. The topics include: Algorithmic Provision of Contours Guidance of Unmanned Systems; impact of Information Technologies on Railway Transportation: Utilization of Satellite Navigation Systems; machine Learning Model of Automotive Dampers; method of Interpretive Visual Analytics for Neural Network Detection of Social Media Posts Sentiments; Comparative Analysis Region of Interest (ROI) Tracking Methods; Performance Evaluation of Modified Detection Algorithms Within the Framework of a Simulation System for Modelling UAV Visual Guidance; model-Oriented Approach to Vibration Diagnostic Systems; analysis of Optical Coherence Tomography Images of Human Arteriosclerotic Vessels Using Computer Vision and Deep Learning Algorithms; sensitivity Analysis of Parameters Used to Generate Material Microstructures by Cellular Automata; remote Monitoring of Ichthyofauna Using Artificial Intelligence and Altshuller’s Algorithm; application of Detectron2 Software Platform for Surgical Instrument Detection and Segmentation on Operational Space of Laparoscopic Intervention; Simulation of Acute Upper Respiratory Tract Infections in Kharkiv Oblast (Ukraine): The ARIMA Model Approach; Image Set for Verification of Methods of Denoising of SAR Images; mathematical Methods of Analyzing Power Consumption by an Induction Motor with a Squirrel-Cage Winding; model of Information Technology Integration for Solving Ecosystem Monitoring Tasks; emerging Technologies in Infectious Disease Surveillance and Control: Current Solutions and Future Directions; Developing Hardware and Software for UAV Onboard Computers: A Combined Approach with SWOT Analysis; Optimization of UAV Routes and Efficiency Enhancement Using Modern IT Technologies; unmanned Technologies and Drones in Runway Service.","","","","Lytvynov, O.; Pavlikov, V.; Krytskyi, D.","Springer Science and Business Media Deutschland GmbH","23673370","9789819652372; 9783031931055; 9789819662968; 9783031999963; 9783031950162; 9783031947698; 9783032004406; 9783031910074; 9783032066671; 9783031926105","","","English","Lect. Notes Networks Syst.","Conference review","Final","","Scopus","2-s2.0-105011069024"
"Zhao, N.; Li, Z.; Chen, E.; Zhang, L.; Cai, J.","Zhao, Nan (59846675100); Li, Zhitong (59660814700); Chen, Enke (59661091300); Zhang, Lili (57204797976); Cai, Jiannan (58073024200)","59846675100; 59660814700; 59661091300; 57204797976; 58073024200","Global attention focused on difficult land and ship regions for ship detection in SAR images","2025","Remote Sensing Letters","16","7","","737","747","0","10.1080/2150704X.2025.2502175","https://www.scopus.com/inward/record.uri?eid=2-s2.0-105005861347&doi=10.1080%2F2150704X.2025.2502175&partnerID=40&md5=3a7575646291851833cf096bd224258c","Department of Command and Control Information System, Jiangsu Automation Research Institute, Lianyungang, Jiangsu, China; School of Electronics and Information Engineering, Shenyang Aerospace University, Shenyang, Liaoning, China","Zhao, Nan, Department of Command and Control Information System, Jiangsu Automation Research Institute, Lianyungang, Jiangsu, China; Li, Zhitong, Department of Command and Control Information System, Jiangsu Automation Research Institute, Lianyungang, Jiangsu, China; Chen, Enke, Department of Command and Control Information System, Jiangsu Automation Research Institute, Lianyungang, Jiangsu, China; Zhang, Lili, School of Electronics and Information Engineering, Shenyang Aerospace University, Shenyang, Liaoning, China; Cai, Jiannan, School of Electronics and Information Engineering, Shenyang Aerospace University, Shenyang, Liaoning, China","Detecting rotating ship targets in synthetic aperture radar (SAR) images is a challenging task; not only do the complex nearshore backgrounds and noise hinder the accuracy of deep learning-based detection methods, but the additional introduction of angular information further increases the complexity of the detection task. In this paper, we propose a global attention mechanism for difficult regions that aims to improve the accuracy when detecting rotating ship targets in SAR images. The core of the approach is two innovative components: the Sea Background Coarse Segmentation Module (SBCSM) and the Land Ship Attention Module (L-SAM). The SBCSM effectively isolates the broad, homogeneous sea surface from the more complex land-ship target regions, while the L-SAM utilizes the Transformer’s global information processing capabilities to further identify targets within these mixed regions. This approach ensures that computational resources are focused on complex regions, allowing L-SAM to be applied to detailed, larger-scale features for more accurate detection. The superiority of our approach is demonstrated by experimental evaluations on three publicly available datasets. The state-of-the-art (Formula presented.) (average precision at intersection over union equal to 0.5) of 0.920, 0.873 and 0.952 is achieved on RSDD-SAR, HRSID, and SSDD, respectively. © 2025 Informa UK Limited, trading as Taylor & Francis Group.","arbitrary orientations; ship detection; Synthetic aperture radar; transformer","Arbitrary orientation; Attention mechanisms; Coarse segmentation; Detection methods; Detection tasks; Nearshores; Ship detection; Ship targets; Synthetic aperture radar images; Transformer; Image segmentation; data set; information processing; machine learning; numerical model; orientation; pattern recognition; remote sensing; sea surface; synthetic aperture radar","L. Zhang; School of Electronical and Information Engineering, Shenyang Aerospace University, Shenyang, China; email: 20052727@sau.edu.cn","","Taylor and Francis Ltd.","2150704X","","","","English","Remote Sens. Lett.","Article","Final","","Scopus","2-s2.0-105005861347"
"Yang, Y.; Zhang, Z.; Feng, P.; Yan, Y.; He, G.; Liu, S.; Zhang, P.; Gao, H.","Yang, Yunchao (59630931900); Zhang, Zhengning (57222173901); Feng, Pengming (56517583500); Yan, Yiming (55243504600); He, Guangjun (56485034500); Liu, Shaobo (57949823400); Zhang, Pengyong (59900262200); Gao, Haorao (59900538200)","59630931900; 57222173901; 56517583500; 55243504600; 56485034500; 57949823400; 59900262200; 59900538200","HMS-Net: A Hierarchical Multilabel Fine-Grained Ship Detection Network in Remote Sensing Images","2025","IEEE Journal of Selected Topics in Applied Earth Observations and Remote Sensing","18","","","15394","15411","1","10.1109/JSTARS.2025.3570872","https://www.scopus.com/inward/record.uri?eid=2-s2.0-105005260300&doi=10.1109%2FJSTARS.2025.3570872&partnerID=40&md5=69fa450631b35818cd1cfc17197963d6","State Key Laboratory of Space-Ground Integrated Information Technology, Beijing, Beijing, China; Space Star Technology Company Ltd., Beijing, China; College of Information and Communication Engineering, Harbin Engineering University, Harbin, Heilongjiang, China","Yang, Yunchao, State Key Laboratory of Space-Ground Integrated Information Technology, Beijing, Beijing, China; Zhang, Zhengning, Space Star Technology Company Ltd., Beijing, China; Feng, Pengming, State Key Laboratory of Space-Ground Integrated Information Technology, Beijing, Beijing, China; Yan, Yiming, College of Information and Communication Engineering, Harbin Engineering University, Harbin, Heilongjiang, China; He, Guangjun, State Key Laboratory of Space-Ground Integrated Information Technology, Beijing, Beijing, China; Liu, Shaobo, Space Star Technology Company Ltd., Beijing, China; Zhang, Pengyong, Space Star Technology Company Ltd., Beijing, China; Gao, Haorao, College of Information and Communication Engineering, Harbin Engineering University, Harbin, Heilongjiang, China","The advent of deep learning has significantly advanced the efficiency and accuracy of fine-grained ship detection in remote sensing images. However, existing methods often rely on flattened label supervision during training, neglecting critical interclass relationships and hierarchical semantic information, which exacerbates the challenges of fine-grained ship detection. To address these limitations, this article proposes hierarchical multilabel ship detection network (HMS-Net), a novel framework that integrates hierarchical multilabel classification with fine-grained ship detection. HMS-Net incorporates a parallel multilevel semantic feature extraction and fusion network, which leverages the multiscale region feature re-extraction module to perform effective feature re-extraction at different semantic levels. In addition, a top-down feature fusion mechanism, combined with the feature guidance module, facilitates efficient knowledge transfer from upper level to lower level features. Furthermore, we design a hierarchical relationship constraint loss function to explicitly model interclass relationships among ships, optimizing feature distance measurements between different classes. Extensive ablation and comparative experiments on the HRSC2016 and ShipRSImageNet datasets demonstrate the superiority of HMS-Net. Moreover, our method has been successfully applied to various two-stage oriented object detection frameworks, consistently achieving performance improvements, thereby highlighting its plug-and-play versatility. © 2008-2012 IEEE.","Deep learning; fine-grained ship detection; hierarchical multilabel classification; remote sensing images","Knowledge transfer; Object detection; Warships; Class relationship; Deep learning; Features fusions; Fine grained; Fine-grained ship detection; Hierarchical multi-label classifications; Inter class; Re-extraction; Remote sensing images; Ship detection; detection method; image classification; image processing; machine learning; remote sensing","Z. Zhang; Space Star Technology Company Ltd., Beijing, 100095, China; email: 23880666@qq.com","","Institute of Electrical and Electronics Engineers Inc.","19391404","","","","English","IEEE J. Sel. Top. Appl. Earth Obs. Remote Sens.","Article","Final","All Open Access; Gold Open Access; Green Accepted Open Access; Green Open Access","Scopus","2-s2.0-105005260300"
"Chang, H.; Fu, X.; Lang, P.; Guo, K.; Dong, J.; Chang, S.","Chang, Hao (58277804000); Fu, Xiongjun (15019026200); Lang, Ping (57202109509); Guo, Kunyi (7101838720); Dong, Jian (57199435889); Chang, Shibo (58684797300)","58277804000; 15019026200; 57202109509; 7101838720; 57199435889; 58684797300","GLDet: Real-Time SAR Ship Detector Based on Global Semantic Information Enhancement and Local Gradient Information Mining","2025","IEEE Transactions on Geoscience and Remote Sensing","63","","5209020","","","8","10.1109/TGRS.2025.3559551","https://www.scopus.com/inward/record.uri?eid=2-s2.0-105003680769&doi=10.1109%2FTGRS.2025.3559551&partnerID=40&md5=149852e0a755770894684322883cb6cc","School of Integrated Circuits and Electronics, Beijing Institute of Technology, Beijing, China; Tsinghua University, Beijing, China","Chang, Hao, School of Integrated Circuits and Electronics, Beijing Institute of Technology, Beijing, China; Fu, Xiongjun, School of Integrated Circuits and Electronics, Beijing Institute of Technology, Beijing, China; Lang, Ping, Tsinghua University, Beijing, China; Guo, Kunyi, School of Integrated Circuits and Electronics, Beijing Institute of Technology, Beijing, China; Dong, Jian, School of Integrated Circuits and Electronics, Beijing Institute of Technology, Beijing, China; Chang, Shibo, School of Integrated Circuits and Electronics, Beijing Institute of Technology, Beijing, China","Detecting ships in synthetic aperture radar (SAR) images is a challenging task due to various factors, such as the diverse distribution of ships and the intricate nature of SAR images. In recent years, deep learning has made excellent progress in the field of SAR interpretation. Models that focus on extracting global semantic information can effectively achieve balanced detection of multiscale SAR targets, but their computational complexity is relatively high. Models that focus on processing local information have redundant calculations and poor robustness, but are prone to mistaking the background information of SAR images for targets. To address the above issues, we propose a real-time SAR ship detector based on global semantic information enhancement and local gradient information mining. The lightweight feature extraction backbone based on linear computing is designed, with the network structure of global information augmentation encoder (GIAE), local gradient information miner (LGIM), and decoder, which can quickly perform feature extraction. GIAE enhances the expression of image content through the long-sequence modeling capability of the state-space model (SSM). LGIM uses gradient modules composed of depthwise separable convolutions to extract local information of image and utilizes directed self-attention (DSA) to mine channel context information. Global-local detector (GLDet) can complete object detection, rotated object detection, and instance segmentation tasks by transforming the detection head. Excellent performance has been achieved on the SAR ship instance segmentation datasets: SAR ship detection dataset (SSDD) and high-resolution SAR image dataset (HRSID), as well as the SAR rotated ship datasets: rotated ship detection dataset (RSDD)-SAR and SSDD+. Meanwhile, GLDet demonstrated excellent generalization performance in large-scale SAR images captured by GF-3 and Terra-SAR satellites. © 2025 IEEE.","Instance segmentation; lightweight network; multitask learning; real-time detection; rotated object detection; ship detection; synthetic aperture radar (SAR)","Image coding; Image enhancement; Large datasets; Remote sensing; Semantic Segmentation; Gradient informations; Instance segmentation; Lightweight network; Local gradients; Multitask learning; Objects detection; Real-time detection; Rotated object detection; Ship detection; Synthetic aperture radar; Deep learning; detection method; image resolution; passenger ship; radar imagery; segmentation; synthetic aperture radar","X. Fu; Beijing Institute of Technology, School of Integrated Circuits and Electronics, Beijing, 100081, China; email: fuxiongjun@bit.edu.cn; K. Guo; Beijing Institute of Technology, School of Integrated Circuits and Electronics, Beijing, 100081, China; email: guokunyi@bit.edu.cn; P. Lang; Tsinghua University, Department of Electronic Engineering, Beijing, 100084, China; email: plang1220@sina.com","","Institute of Electrical and Electronics Engineers Inc.","01962892","","IGRSD","","English","IEEE Trans Geosci Remote Sens","Article","Final","","Scopus","2-s2.0-105003680769"
"Chen, Y.; Zhan, L.; Zhao, Y.; Xiong, S.; Lu, X.","Chen, Yaxiong (57195986737); Zhan, Liwen (59751982000); Zhao, Yichen (58094868200); Xiong, Shengwu (57203905556); Lu, Xiaoqiang (35180125200)","57195986737; 59751982000; 58094868200; 57203905556; 35180125200","VGRSS: Datasets and Models for Visual Grounding in Remote Sensing Ship Images","2025","IEEE Transactions on Geoscience and Remote Sensing","63","","","","","3","10.1109/TGRS.2025.3562717","https://www.scopus.com/inward/record.uri?eid=2-s2.0-105003378959&doi=10.1109%2FTGRS.2025.3562717&partnerID=40&md5=0917b2c9e7d9cc3ff582645adf5d4791","Wuhan University of Technology, Wuhan, Hubei, China; School of Computer Science and Artificial Intelligence, Wuhan University of Technology, Wuhan, Hubei, China; Shanghai Artificial Intelligence Laboratory, Shanghai, China; Interdisciplinary Artificial Intelligence Research Institute, Wuhan College, Wuhan, Hubei, China; College of Physics and Information Engineering, Fuzhou University, Fuzhou, Fujian, China","Chen, Yaxiong, Wuhan University of Technology, Wuhan, Hubei, China, School of Computer Science and Artificial Intelligence, Wuhan University of Technology, Wuhan, Hubei, China, Shanghai Artificial Intelligence Laboratory, Shanghai, China; Zhan, Liwen, Wuhan University of Technology, Wuhan, Hubei, China, School of Computer Science and Artificial Intelligence, Wuhan University of Technology, Wuhan, Hubei, China, Shanghai Artificial Intelligence Laboratory, Shanghai, China; Zhao, Yichen, Wuhan University of Technology, Wuhan, Hubei, China, School of Computer Science and Artificial Intelligence, Wuhan University of Technology, Wuhan, Hubei, China, Shanghai Artificial Intelligence Laboratory, Shanghai, China; Xiong, Shengwu, Shanghai Artificial Intelligence Laboratory, Shanghai, China, Interdisciplinary Artificial Intelligence Research Institute, Wuhan College, Wuhan, Hubei, China; Lu, Xiaoqiang, College of Physics and Information Engineering, Fuzhou University, Fuzhou, Fujian, China","This article introduces a task named visual grounding of remote sensing ship (VGRSS) images. The goal of VGRSS is to locate ship objects in remote sensing images guided by natural language. Extensive research has been conducted on multimodal processing of remote sensing images and text to retrieve rich information from remote sensing images using natural language. However, due to the unique characteristics of remote sensing ship images, ship localization using natural language remains a challenge. Therefore, in this work, we construct datasets for the VGRSS task and explore deep learning models. Specifically, our contributions can be summarized as follows: first, we construct two remote sensing ship datasets for visual grounding. One is based on the optical remote sensing ship target detection benchmark dataset, named RSSVG, while the other is based on the synthetic aperture radar (SAR) dataset, named SARVG. Second, we propose a language-guided visual feature enhancement (LVFE) module. This module enhances visual features through language guidance before visual-linguistic fusion (VLF). Third, we propose a VLF module based on multimodal feature stacking. This module inputs the stacked language and visual features, and then performs feature fusion using a Transformer, enabling effective cross-modal interaction and integration. Fourth, we introduce a novel loss calculation method by incorporating enhanced intersection over union (EIoU) into the loss function. Finally, we benchmark extensive state-of-the-art (SOTA) natural image visual grounding (VG) methods on the constructed RSSVG and SARVG datasets, then provide insightful analysis based on the results. This work offers valuable insights for developing better VGRSS models. © 1980-2012 IEEE.","Language-guided visual feature enhancement (LVFE); Transformer; VG of remote sensing ship (VGRSS) images; visual grounding (VG) dataset","Image enhancement; Linguistics; Modeling languages; Natural language processing systems; Problem oriented languages; Ships; Visual languages; Feature enhancement; Image modeling; Language-guided visual feature enhancement; Natural languages; Remote sensing images; Remote-sensing; Transformer; Visual feature; Visual grounding dataset; Visual grounding of remote sensing ship image; Deep learning; benchmarking; data set; language; machine learning; numerical model; remote sensing; satellite imagery; synthetic aperture radar","S. Xiong; Shanghai Artificial Intelligence Laboratory, Shanghai, 200232, China; email: xiongsw@whut.edu.cn","","Institute of Electrical and Electronics Engineers Inc.","01962892","","IGRSD","","English","IEEE Trans Geosci Remote Sens","Article","Final","","Scopus","2-s2.0-105003378959"
"Zhu, S.; Wei, L.; Zheng, B.; Tao, X.","Zhu, Shengbo (59235166000); Wei, Lisheng (23390889100); Zheng, Bowen (57222118583); Tao, Xinjie (59235436000)","59235166000; 23390889100; 57222118583; 59235436000","Weakly supervised arbitrary-oriented ship detection network based on dynamic scale feature enhancement","2025","Journal of Electronic Imaging","34","1","013047","","","1","10.1117/1.JEI.34.1.013047","https://www.scopus.com/inward/record.uri?eid=2-s2.0-105000761516&doi=10.1117%2F1.JEI.34.1.013047&partnerID=40&md5=c9edf2eedf2da378bc9bd8c26a402ecd","School of Electrical Engineering, Anhui Polytechnic University, Wuhu, Anhui, China; Anhui Key Laboratory of Electric Drive and Control, Wuhu, China","Zhu, Shengbo, School of Electrical Engineering, Anhui Polytechnic University, Wuhu, Anhui, China; Wei, Lisheng, School of Electrical Engineering, Anhui Polytechnic University, Wuhu, Anhui, China, Anhui Key Laboratory of Electric Drive and Control, Wuhu, China; Zheng, Bowen, School of Electrical Engineering, Anhui Polytechnic University, Wuhu, Anhui, China; Tao, Xinjie, School of Electrical Engineering, Anhui Polytechnic University, Wuhu, Anhui, China","The advancement of ship detection in remote sensing images has been greatly facilitated by the enhancement of convolutional neural networks. When facing complex marine scenes, oriented ship detection is practical and necessary, whereas the process of developing fully supervised methods is restricted by the annotated data for a rotated box. Therefore, we propose a weakly supervised oriented ship detection network (DSENet) based on dynamic scale feature enhancement, which trains the network with only data annotated in a horizontal box (HBox). First, we propose a dynamic scale feature enhancement module, which can provide precise scale features of the ship for the self-supervised (SS) branch and weakly supervised (WS) branch via feature extraction, fusion, and adaptive enhancement on multiple scales. Next, the neural architecture search is introduced to design the head module to find the optimal structure for the output layers. In addition, a circumscribed Scylla intersection over union loss is designed, which guides the model to predict ship objects accurately through angle-aware vectors and accelerates model training. Finally, DSENet is trained and validated on HRSC2016, dataset for oriented ship recognition (DOSR), and SAR ship detection dataset datasets, respectively. The experimental results indicate that DSENet achieves advanced detection and lightweight performance in WS arbitrary-oriented ship detection. © 2025 SPIE and IS&T.","arbitrary-oriented ship detection; deep learning; remote sensing images; weakly-supervised detection","Image enhancement; Multilayer neural networks; Self-supervised learning; Arbitrary-oriented ship detection; Deep learning; Detection networks; Dynamic scale; Feature enhancement; Network-based; ON dynamics; Remote sensing images; Ship detection; Weakly-supervised detection; Remote sensing","L. Wei; Anhui Polytechnic University, School of Electrical Engineering, Wuhu, China; email: weilsh@ahpu.edu.cn","","SPIE","10179909","","JEIME","","English","J. Electron. Imaging","Article","Final","","Scopus","2-s2.0-105000761516"
"Huang, Y.; Wang, D.; Wu, B.; An, D.","Huang, Yiyang (59355244500); Wang, Di (57919078500); Wu, Boxuan (59490010000); An, Daoxiang (18433472600)","59355244500; 57919078500; 59490010000; 18433472600","NST-YOLO11: ViT Merged Model with Neuron Attention for Arbitrary-Oriented Ship Detection in SAR Images","2024","Remote Sensing","16","24","4760","","","21","10.3390/rs16244760","https://www.scopus.com/inward/record.uri?eid=2-s2.0-85213256766&doi=10.3390%2Frs16244760&partnerID=40&md5=0eaac98fbda450ec9b4d44d4f2944afa","College of Electronic Science and Technology, National University of Defense Technology China, Changsha, Hunan, China","Huang, Yiyang, College of Electronic Science and Technology, National University of Defense Technology China, Changsha, Hunan, China; Wang, Di, College of Electronic Science and Technology, National University of Defense Technology China, Changsha, Hunan, China; Wu, Boxuan, College of Electronic Science and Technology, National University of Defense Technology China, Changsha, Hunan, China; An, Daoxiang, College of Electronic Science and Technology, National University of Defense Technology China, Changsha, Hunan, China","Due to the significant discrepancies in the distribution of ships in nearshore and offshore areas, the wide range of their size, and the randomness of target orientation in the sea, traditional detection models in the field of computer vision struggle to achieve performance in SAR image ship target detection comparable to that in optical image detection. This paper proposes an oriented ship target detection model based on the YOLO11 algorithm, Neural Swin Transformer-YOLO11 (NST-YOLO11). The proposed model integrates an improved Swin Transformer module called Neural Swin-T and a Cross-Stage connected Spatial Pyramid Pooling-Fast (CS-SPPF) module. By introducing a spatial/channel unified attention mechanism with neuron suppression in the spatial domain, the information redundancy generated by the local window self-attention module in the Swin Transformer Block is cut off. Furthermore, the idea of cross-stage partial (CSP) connections is applied to the fast spatial pyramid pooling (SPPF) module, effectively enhancing the ability to retain information in multi-scale feature extraction. Experiments conducted on the Rotated Ship Detection Dataset in SAR Images (RSDD-SAR) and the SAR Ship Detection Dataset (SSDD+) and comparisons with other oriented detection models demonstrate that the proposed NST-YOLO11 achieves state-of-the-art detection performance, demonstrate outstanding generalization ability and robustness of the proposed model. © 2024 by the authors.","neural network; oriented detection; remote sensing; ship detection; synthetic aperture radar (SAR)","Image enhancement; Image matching; Radar target recognition; Detection models; Neural-networks; Oriented detection; Remote-sensing; Ship detection; Ship targets; Spatial pyramids; Synthetic aperture radar; Synthetic aperture radar images; Targets detection; Radar imaging","D. An; College of Electronic Science and Technology, National University of Defense Technology, Changsha, 410073, China; email: daoxiangan@nudt.edu.cn","","Multidisciplinary Digital Publishing Institute (MDPI)","","9780891814184; 0891814183; 9780123694072","","","English","Remote Sens.","Article","Final","All Open Access; Gold Open Access","Scopus","2-s2.0-85213256766"
"Li, W.; Xu, H.; Shi, F.; Yuan, L.; Wen, X.","Li, Wentao (59504724700); Xu, Haixia (55611885900); Shi, Furong (57221605444); Yuan, Liming (55480260300); Wen, Xianbing Bin (7201738015)","59504724700; 55611885900; 57221605444; 55480260300; 7201738015","Self-supervised network for oriented synthetic aperture radar ship detection based on self-distillation","2024","Journal of Applied Remote Sensing","18","4","046504","","","2","10.1117/1.JRS.18.046504","https://www.scopus.com/inward/record.uri?eid=2-s2.0-85214366256&doi=10.1117%2F1.JRS.18.046504&partnerID=40&md5=8cf26c61873d90dd349594de78ceb771","School of Science and Engineering, Tianjin University of Technology, Tianjin, Tianjin, China","Li, Wentao, School of Science and Engineering, Tianjin University of Technology, Tianjin, Tianjin, China; Xu, Haixia, School of Science and Engineering, Tianjin University of Technology, Tianjin, Tianjin, China; Shi, Furong, School of Science and Engineering, Tianjin University of Technology, Tianjin, Tianjin, China; Yuan, Liming, School of Science and Engineering, Tianjin University of Technology, Tianjin, Tianjin, China; Wen, Xianbing Bin, School of Science and Engineering, Tianjin University of Technology, Tianjin, Tianjin, China","Ship detection is an important and challenging task in the field of synthetic aperture radar (SAR) image processing. Recently, deep learning technologies have yielded superior performance for object detection in remote sensing images. However, it is difficult to obtain the labels of SAR images, which limits the application of deep learning in ship detection from SAR images. To break the limitation of label information, we propose a self-supervised framework based on self-distillation for ship detection from SAR images in this paper. The framework consists of three core components: a self-supervised learning paradigm utilizing knowledge distillation, a deep residual shrinkage network (SAR-DRSN) model, and an oriented bounding boxes progressive generation model. The core of our method is a self-supervised variant of knowledge distillation, which propels the deep learning process in the absence of labeled data. The SAR-DRSN model excels in generating high-quality feature maps, significantly reducing the speckle noise. In addition, we introduce an iterative strategy for the accurate and precise delineation of ships, involving continuous refinement of oriented bounding boxes to optimize size and rotation angle for precise ship localization. Our experiments, obtained on two SAR datasets, demonstrate that the proposed method can achieve a satisfactory performance in ship detection without requiring any label information. © 2024 Society of Photo-Optical Instrumentation Engineers (SPIE)","oriented bounding box; self-supervised; ship detection; synthetic aperture image","Radar imaging; Self-supervised learning; Semi-supervised learning; Steganography; Thermography (imaging); Label information; Learning technology; Oriented bounding box; Performance; Radar image processing; Self-supervised; Ship detection; Supervised network; Synthetic aperture image; Synthetic aperture radar images; Deep learning","H. Xu; Tianjin University of Technology, School of Computer Science and Engineering, Tianjin, China; email: xuhaixia@tjut.edu.cn; X. Wen; Tianjin University of Technology, School of Computer Science and Engineering, Tianjin, China; email: xbwen@email.tjut.edu.cn","","SPIE","","","JARSC","","English","J. Appl. Remote Sens.","Article","Final","","Scopus","2-s2.0-85214366256"
"Sun, S.; Wang, J.","Sun, Shuqi (58776038000); Wang, Junfeng (55943753700)","58776038000; 55943753700","Ship Detection in SAR Images Based on Steady CFAR Detector and Knowledge-Oriented GBDT Classifier","2024","Electronics (Switzerland)","13","14","2692","","","4","10.3390/electronics13142692","https://www.scopus.com/inward/record.uri?eid=2-s2.0-85199636887&doi=10.3390%2Felectronics13142692&partnerID=40&md5=96ffdb29617760610840b0729e7e4f02","Information, Shanghai Jiao Tong University, Shanghai, China","Sun, Shuqi, Information, Shanghai Jiao Tong University, Shanghai, China; Wang, Junfeng, Information, Shanghai Jiao Tong University, Shanghai, China","Ship detection is a significant issue in remote sensing based on Synthetic Aperture Radar (SAR). This paper combines the advantages of a steady constant false alarm rate (CFAR) detector and a knowledge-oriented Gradient Boosting Decision Tree (GBDT) classifier to achieve the location and the classification of ship candidates. The steady CFAR detector smooths the image by a moving-average filter and models the probability distribution of the smoothed clutter as a Gaussian distribution. The mean and the standard deviation of the Gaussian distribution are estimated according to the left half of the histogram to remove the effect of land, ships, and other targets. From the Gaussian distribution and a preset constant false alarm rate, a threshold is obtained to segment land, ships, and other targets from the clutter. Then, a series of morphological operations are introduced to eliminate land and extract ships and other targets, and an active contour algorithm is utilized to refine ships and other targets. Finally, ships are recognized from other targets by a knowledge-oriented GBDT classifier. Based on the brain-like ship-recognition process, we change the way of the decision-tree generation and achieve a higher classification performance than the original GBDT. The results on the AIRSARShip-1.0 dataset demonstrate that this scheme has a competitive performance against deep learning, especially in the detection of offshore ships. © 2024 by the authors.","CFAR; knowledge-oriented GBDT; SAR; ship detection","","J. Wang; School of Electronic, Information, and Electrical Engineering, Shanghai Jiao Tong University, Shanghai, 200240, China; email: junfengwang@sjtu.edu.cn","","Multidisciplinary Digital Publishing Institute (MDPI)","","","","","English","Electronics (Switzerland)","Article","Final","All Open Access; Gold Open Access","Scopus","2-s2.0-85199636887"
"Ieracitano, C.; Mammone, N.; Spagnolo, F.; Frustaci, F.; Perri, S.; Corsonello, P.; Morabito, F.C.","Ieracitano, Cosimo (57192383001); Mammone, Nadia (55915193500); Spagnolo, Fanny (57201902005); Frustaci, Fabio (14631848300); Perri, Stefania (7006436281); Corsonello, Pasquale (35551209200); Morabito, Francesco Carlo (7103166505)","57192383001; 55915193500; 57201902005; 14631848300; 7006436281; 35551209200; 7103166505","An explainable embedded neural system for on-board ship detection from optical satellite imagery","2024","Engineering Applications of Artificial Intelligence","133","","108517","","","17","10.1016/j.engappai.2024.108517","https://www.scopus.com/inward/record.uri?eid=2-s2.0-85191658925&doi=10.1016%2Fj.engappai.2024.108517&partnerID=40&md5=33f9182cfa7dd7ab31c381baf80dc01d","Università degli Studi di Reggio Calabria, Reggio Calabria, RC, Italy; Università della Calabria, Rende, CS, Italy; Università della Calabria, Rende, CS, Italy","Ieracitano, Cosimo, Università degli Studi di Reggio Calabria, Reggio Calabria, RC, Italy; Mammone, Nadia, Università degli Studi di Reggio Calabria, Reggio Calabria, RC, Italy; Spagnolo, Fanny, Università della Calabria, Rende, CS, Italy; Frustaci, Fabio, Università della Calabria, Rende, CS, Italy; Perri, Stefania, Università della Calabria, Rende, CS, Italy; Corsonello, Pasquale, Università della Calabria, Rende, CS, Italy; Morabito, Francesco Carlo, Università degli Studi di Reggio Calabria, Reggio Calabria, RC, Italy","Automatic ship detection from spaceborne systems such as satellites or aircrafts, raises considerable attention in sea surface monitoring because of the several applications in military and civilian field. In this context, processing satellite images on-board would reduce the latency time especially for emergency situations. In this paper, an hardware-oriented (HO) ship detection system based on a customized Convolutional Neural Network (CNN), here referred to as HO-ShipNet, is proposed and tested on a revised version of the “Ships in Satellite Imagery” (SSI) Kaggle dataset, reporting detection accuracy of up to 95%. Furthermore, the explainability of HO-ShipNet is investigated by means of explainable Artificial Intelligence (xAI) techniques (i.e., Local Interpretable Model-Agnostic Explanation (LIME) and Occlusion Sensitivuty Analysis (OSA)), in order to understand the reasoning behind the HO-ShipNet decisions by detecting the most important input features and consequently ensure the trustworthiness of the model itself. Finally, HO-ShipNet is also implemented on the heterogeneous Xilinx xc7z045ffg900-2 SoC Field Programmable Gate Array (FPGA) outperforming state-of-the-art FPGA-based accelerators dealing with high-resolution frames. The promising results encourage the potential deployment of the proposed system for on-board applications. © 2024 The Author(s)","Explainable artificial intelligence; Field programmable gate array; Optical satellite images; Ship detection","Convolutional neural networks; Field programmable gate arrays (FPGA); Lime; Logic gates; Military applications; Satellite imagery; Ships; Surface waters; Tracking radar; Explainable artificial intelligence; Field programmable gate array; Field programmables; Neural systems; Optical satellite imagery; Optical satellite images; Programmable gate array; Sea surfaces; Ship detection; Spaceborne systems; System-on-chip","C. Ieracitano; DICEAM, University Mediterranea of Reggio Calabria Via Zehender, Reggio Calabria, Loc. Feo di Vito, 89122, Italy; email: cosimo.ieracitano@unirc.it","","Elsevier Ltd","09521976","","EAAIE","","English","Eng Appl Artif Intell","Article","Final","All Open Access; Hybrid Gold Open Access","Scopus","2-s2.0-85191658925"
"Chen, T.; Hu, J.","Chen, Tianpeng (60163251000); Hu, Jianwen (55499437600)","60163251000; 55499437600","Ships Detection in Remote Sensing Images Based on Improved FCOS; 基于改进 FCOS 的遥感图像舰船目标检测","2024","Computer Science (China)","51","6 A","230700166","","","1","10.11896/jsjkx.230700166","https://www.scopus.com/inward/record.uri?eid=2-s2.0-105020304883&doi=10.11896%2Fjsjkx.230700166&partnerID=40&md5=771cfc22e280bd70ebfd2dab202a8371","School of Electrical and Information Engineering, Changsha University of Science and Technology, Changsha, Hunan, China","Chen, Tianpeng, School of Electrical and Information Engineering, Changsha University of Science and Technology, Changsha, Hunan, China; Hu, Jianwen, School of Electrical and Information Engineering, Changsha University of Science and Technology, Changsha, Hunan, China","Ships in remote sensing images are arranged in arbitrary directions.The general target detection algorithm based on deep learning use horizontal bounding box to locate object,which will select a large number of backgrounds when detecting ships.The ships detection performance based on general object detection method is not good.An improved ships detection algorithm based on fully convolutional one-stage(FCOS) object detection network is proposed.Taking FCOS as the baseline,an offset regression branch is added to detection head,and a rotating bounding box is generated by shifting the upper midpoint and the right midpoint of the horizontal bounding box.The ships usually have high aspect ratio,and the angle deviation between the predicted bounding box and the real bounding box has a great influence on the intersection over union(IoU),which damages the detection accuracy of the model.In order to solve this problem,a weighting factor related to the aspect ratio of ships is introduced to calculate the offset loss,so that the target with a large aspect ratio can obtain relatively large offset loss.The proposed method and several mainstream rotating target detection algorithms are tested on HRSC2016 dataset.The results show that the average accuracy of the proposed method is 89.00% and the detection speed is 19.8FPS.Compared with the same type of algorithms without anchor,the proposed method has superior detection speed and accuracy. © 2024 Editorial office of Computer Science. All rights reserved.","Anchor-free algorithm; FCOS; Offset branch; Remote sensing image; Ships detection","","J. Hu; School of Electrical and Information Engineering, Changsha University of Science and Technology, Changsha, 410114, China; email: 117780631@qq.com","","Editorial office of Computer Science","1002137X","","","","Chinese","Comput. Sci.","Article","Final","","Scopus","2-s2.0-105020304883"
"Wang, L.; Yang, Y.; Liu, Z.","Wang, Longfei (57875276400); Yang, Yanbo (55623691900); Liu, Zhunga (35215675000)","57875276400; 55623691900; 35215675000","Multiresolution SAR Target Recognition Based on Physical Attention Enhancement and Scale Distillation","2024","IEEE Transactions on Aerospace and Electronic Systems","60","3","","3081","3094","7","10.1109/TAES.2024.3358781","https://www.scopus.com/inward/record.uri?eid=2-s2.0-85184014684&doi=10.1109%2FTAES.2024.3358781&partnerID=40&md5=c00389e2eed1b5a63dba7a307dc413b4","Northwestern Polytechnical University, Xi'an, Shaanxi, China","Wang, Longfei, Northwestern Polytechnical University, Xi'an, Shaanxi, China; Yang, Yanbo, Northwestern Polytechnical University, Xi'an, Shaanxi, China; Liu, Zhunga, Northwestern Polytechnical University, Xi'an, Shaanxi, China","The feature representation of synthetic aperture radar (SAR) targets is sensitive to different sensor attributes due to the coherent imaging mode. Influenced by different sensor configurations, the characterizations within resolution cells of SAR targets from multisource are significantly different. Therefore, the integration of multisource remote sensing data across resolutions is of great significance to improve the performance of SAR automatic target recognition (ATR). In this article, we propose a multiresolution SAR ATR method based on physical attention (PA) and scale distillation. First, the PA enhancement module with incoherent entropy (IE) is designed, which assigns relative salient weights to targets from the sensor perspective. In this way, PA is established to characterize the robust properties of SAR targets. Then dual attention is constituted by combining PA and visual attention; they integrate bottom-up robust representations and top-down task-oriented features. Finally, scale knowledge distillation is proposed to transfer multiscale features, thereby complementing discriminative knowledge beyond label supervision for SAR ATR. Extensive experiments on multiresolution datasets of FUSAR-Ship and OpenSARShip validate our method when compared with novel deep learning ATR models, transfer learning, and knowledge distillation methods. © 1965-2011 IEEE.","Automatic target recognition (ATR); cross-resolution feature learning; multisource data fusion; physical attention; synthetic aperture radar (SAR)","Automatic target recognition; Behavioral research; Data fusion; Deep learning; Entropy; Remote sensing; Synthetic aperture radar; Cross-resolution feature learning; Feature learning; Frequency-domain analysis; Multi-source data fusion; Multisource data; Physical attention; Radar polarimetry; Radar target; Sensor phenomenon and characterizations; Task analysis; Frequency domain analysis","Y. Yang; Northwestern Polytechnical University, Key Laboratory of Information Fusion Technology, Ministry of Education, Xi'an, 710072, China; email: yangyanbo@nwpu.edu.cn","","Institute of Electrical and Electronics Engineers Inc.","00189251","","IEARA","","English","IEEE Trans. Aerosp. Electron. Syst.","Article","Final","","Scopus","2-s2.0-85184014684"
"Wang, J.; Wang, M.","Wang, Jiangtao (36662961300); Wang, Mingyang (59288448200)","36662961300; 59288448200","Oriented Ship Detection Based on Coordinate System Projection in SAR Images","2024","APSIPA Transactions on Signal and Information Processing","13","3","e201","","","0","10.1561/116.00000141","https://www.scopus.com/inward/record.uri?eid=2-s2.0-85192673569&doi=10.1561%2F116.00000141&partnerID=40&md5=9e0f787df1b0211150bc4b7d608865ad","School of Physics and Electronic Information, Huaibei Coal Industry Teachers College, Huaibei, Anhui, China; School of Information, Huaibei Coal Industry Teachers College, Huaibei, Anhui, China; Anhui Province Key Laboratory of Intelligent Computing and Applications, Huaibei, Anhui, China","Wang, Jiangtao, School of Physics and Electronic Information, Huaibei Coal Industry Teachers College, Huaibei, Anhui, China, School of Information, Huaibei Coal Industry Teachers College, Huaibei, Anhui, China, Anhui Province Key Laboratory of Intelligent Computing and Applications, Huaibei, Anhui, China; Wang, Mingyang, School of Physics and Electronic Information, Huaibei Coal Industry Teachers College, Huaibei, Anhui, China","Ship detection is a critical and challenging task in aerial images. Due to the special generation method of SAR images, they have unique characteristics. However, different from objects in natural images, ships in SAR images are often distributed with arbitrary orientations and dense distributions. Recently, key points-based anchor-free object detection algorithms have attracted the attention of quite a few researchers. To solve the task of oriented ship detection based on key points, in this paper, we propose an oriented object detection method based on coordinate system projection (CSProjection). In this work, we first detect the key point of the ship, namely, the center point, then establish a coordinate system with the object center point as the base point, and obtain a bounding box of the oriented object through the projection information of the object. Our method can effectively reduce the number of parameters applied to determine the oriented bounding box during training and decrease the network complexity. Experimental results on several SAR ship detection datasets, including SSDD, SRSDDv1.0 and the optical remote sensing dataset HRSC2016, indicate that our method can compete with state-of-the-art algorithms for oriented ship detection, even those with more complex backbones. © 2024 J. Wang and M. Wang.","coordinate system projection; deep learning; SAR images; ship detection","Antennas; Complex networks; Deep learning; Object detection; Object recognition; Optical remote sensing; Radar imaging; Ships; Aerial images; Center points; Co-ordinate system; Coordinate system projection; Generation method; Keypoints; SAR Images; Ship detection; System projection; Synthetic aperture radar","J. Wang; School of Physics and Electronic Information, Huaibei Normal University, Huaibei, China; email: jiangtaowang@chnu.edu.cn","","Now Publishers Inc","","","","","English","APSIPA Trans. Signal Inf. Process.","Article","Final","All Open Access; Gold Open Access; Green Accepted Open Access; Green Open Access","Scopus","2-s2.0-85192673569"
"Fang, Z.; Wang, X.; Zhang, L.; Jiang, B.","Fang, Zhou (59002711600); Wang, Xiaoyong (53865655000); Zhang, Liang (57218522406); Jiang, Bo (57190193073)","59002711600; 53865655000; 57218522406; 57190193073","YOLO-RSA: A Multiscale Ship Detection Algorithm Based on Optical Remote Sensing Image","2024","Journal of Marine Science and Engineering","12","4","603","","","16","10.3390/jmse12040603","https://www.scopus.com/inward/record.uri?eid=2-s2.0-85191389539&doi=10.3390%2Fjmse12040603&partnerID=40&md5=d5f16d4e1ba92d499c714d97eff41bc7","National Ocean Technology Center, Tianjin, Tianjin, China; College of Science and Technology, Tianjin University, Tianjin, China","Fang, Zhou, National Ocean Technology Center, Tianjin, Tianjin, China, College of Science and Technology, Tianjin University, Tianjin, China; Wang, Xiaoyong, National Ocean Technology Center, Tianjin, Tianjin, China; Zhang, Liang, College of Science and Technology, Tianjin University, Tianjin, China; Jiang, Bo, National Ocean Technology Center, Tianjin, Tianjin, China","Currently, deep learning is extensively utilized for ship target detection; however, achieving accurate and real-time detection of multi-scale targets remains a significant challenge. Considering the diverse scenes, varied scales, and complex backgrounds of ships in optical remote sensing images, we introduce a network model named YOLO-RSA. The model consists of a backbone feature extraction network, a multi-scale feature pyramid, and a rotated detection head. We conduct thorough tests on the HRSC2016 and DOTA datasets to validate the proposed algorithm. Through ablation experiments, we assess the impact of each improvement component on the model. In comparative experiments, the proposed model surpasses other models in terms of Recall, Precision, and MAP on the HRSC2016 dataset. Finally, in generalization experiments, our proposed ship detection model exhibits excellent detection performance across various scenarios. The method can accurately detect multi-scale ships in the image and provide a basis for marine ship monitoring and port management. © 2024 by the authors.","complex scenarios; deep learning; multiscale ship detection; remote-sensing image; small ship attention mechanism","","B. Jiang; National Ocean Technology Center, Tianjin, 300112, China; email: qdjiangbo@163.com","","Multidisciplinary Digital Publishing Institute (MDPI)","","","","","English","J. Mar. Sci. Eng.","Article","Final","All Open Access; Gold Open Access; Green Accepted Open Access; Green Open Access","Scopus","2-s2.0-85191389539"
"Zhao, T.; Wang, Y.; Li, Z.; Gao, Y.; Chen, C.; Feng, H.; Zhao, Z.","Zhao, Tianqi (58855001700); Wang, Yongcheng (56437944700); Li, Zheng (55554907400); Gao, Yunxiao (57709713300); Chen, Chi (58310537100); Feng, Hao (58401189200); Zhao, Zhikang (57221303854)","58855001700; 56437944700; 55554907400; 57709713300; 58310537100; 58401189200; 57221303854","Ship Detection with Deep Learning in Optical Remote-Sensing Images: A Survey of Challenges and Advances","2024","Remote Sensing","16","7","1145","","","35","10.3390/rs16071145","https://www.scopus.com/inward/record.uri?eid=2-s2.0-85190070645&doi=10.3390%2Frs16071145&partnerID=40&md5=0135648045748c7313e3b8e0dc8e8f66","Changchun Institute of Optics Fine Mechanics and Physics Chinese Academy of Sciences, Changchun, Jilin, China; University of Chinese Academy of Sciences, Beijing, China","Zhao, Tianqi, Changchun Institute of Optics Fine Mechanics and Physics Chinese Academy of Sciences, Changchun, Jilin, China, University of Chinese Academy of Sciences, Beijing, China; Wang, Yongcheng, Changchun Institute of Optics Fine Mechanics and Physics Chinese Academy of Sciences, Changchun, Jilin, China; Li, Zheng, Changchun Institute of Optics Fine Mechanics and Physics Chinese Academy of Sciences, Changchun, Jilin, China, University of Chinese Academy of Sciences, Beijing, China; Gao, Yunxiao, Changchun Institute of Optics Fine Mechanics and Physics Chinese Academy of Sciences, Changchun, Jilin, China, University of Chinese Academy of Sciences, Beijing, China; Chen, Chi, Changchun Institute of Optics Fine Mechanics and Physics Chinese Academy of Sciences, Changchun, Jilin, China, University of Chinese Academy of Sciences, Beijing, China; Feng, Hao, Changchun Institute of Optics Fine Mechanics and Physics Chinese Academy of Sciences, Changchun, Jilin, China, University of Chinese Academy of Sciences, Beijing, China; Zhao, Zhikang, Changchun Institute of Optics Fine Mechanics and Physics Chinese Academy of Sciences, Changchun, Jilin, China, University of Chinese Academy of Sciences, Beijing, China","Ship detection aims to automatically identify whether there are ships in the images, precisely classifies and localizes them. Regardless of whether utilizing early manually designed methods or deep learning technology, ship detection is dedicated to exploring the inherent characteristics of ships to enhance recall. Nowadays, high-precision ship detection plays a crucial role in civilian and military applications. In order to provide a comprehensive review of ship detection in optical remote-sensing images (SDORSIs), this paper summarizes the challenges as a guide. These challenges include complex marine environments, insufficient discriminative features, large scale variations, dense and rotated distributions, large aspect ratios, and imbalances between positive and negative samples. We meticulously review the improvement methods and conduct a detailed analysis of the strengths and weaknesses of these methods. We compile ship information from common optical remote sensing image datasets and compare algorithm performance. Simultaneously, we compare and analyze the feature extraction capabilities of backbones based on CNNs and Transformer, seeking new directions for the development in SDORSIs. Promising prospects are provided to facilitate further research in the future. © 2024 by the authors.","convolutional neural network; deep learning; optical remote-sensing images; ship detection; transformer","Aspect ratio; Convolutional neural networks; Deep learning; Military applications; Ships; Convolutional neural network; High-precision; Inherent characteristics; Learning technology; Optical remote sensing; Optical remote-sensing image; Remote sensing images; Ship detection; Transformer","Y. Wang; Changchun Institute of Optics, Fine Mechanics and Physics, Chinese Academy of Sciences, Changchun, 130033, China; email: wangyc@ciomp.ac.cn","","Multidisciplinary Digital Publishing Institute (MDPI)","","9780891814184; 0891814183; 9780123694072","","","English","Remote Sens.","Review","Final","All Open Access; Gold Open Access; Green Accepted Open Access; Green Open Access","Scopus","2-s2.0-85190070645"
"Gao, F.; Cai, C.; Tang, W.; Tian, Y.; Huang, K.","Gao, Fei (58589774400); Cai, Changxin (57201255204); Tang, Wentao (58398231200); Tian, Yuan (57221911671); Huang, Kaiming (16642875300)","58589774400; 57201255204; 58398231200; 57221911671; 16642875300","RA2DC-Net:A residual augment-convolutions and adaptive deformable convolution for points-based anchor-free orientation detection network in remote sensing images","2024","Expert Systems with Applications","238","","122299","","","11","10.1016/j.eswa.2023.122299","https://www.scopus.com/inward/record.uri?eid=2-s2.0-85175195027&doi=10.1016%2Fj.eswa.2023.122299&partnerID=40&md5=d8cdca120599219f076efd2c61d0ecc9","School of Electronic Information Engineering, Jingchu University of Technology, Jiangmen, Hubei, China; School of Electronics and Information, Yangtze University, Jingzhou, Hubei, China; School of Electronic Information, Wuhan University, Wuhan, Hubei, China; Wuhan University, Wuhan, Hubei, China; Key Laboratory of Geospace Environment and Geodesy, Ministry of Education of the People's Republic of China, Beijing, Beijing, China","Gao, Fei, School of Electronic Information Engineering, Jingchu University of Technology, Jiangmen, Hubei, China, School of Electronics and Information, Yangtze University, Jingzhou, Hubei, China; Cai, Changxin, School of Electronics and Information, Yangtze University, Jingzhou, Hubei, China; Tang, Wentao, School of Electronic Information Engineering, Jingchu University of Technology, Jiangmen, Hubei, China; Tian, Yuan, School of Electronic Information Engineering, Jingchu University of Technology, Jiangmen, Hubei, China; Huang, Kaiming, School of Electronic Information, Wuhan University, Wuhan, Hubei, China, Wuhan University, Wuhan, Hubei, China, Key Laboratory of Geospace Environment and Geodesy, Ministry of Education of the People's Republic of China, Beijing, Beijing, China","With the rapid advancements in computer vision object detection networks, several detection networks based on remote sensing data have been proposed for oriented object detection. However, existing oriented networks have limitations in terms of feature extraction and oriented information extraction. To address these limitations, in this paper, we proposed an advanced adaptive points-based anchor-free oriented detection network called RA2DC-Net which includes a residual augment-convolutions (Res-AugConvs) module that uses residual structures and attention mechanisms to enhance feature focus information and minimize the loss of focus feature information. In addition, we proposed a method called adaptive deformable convolution (ADConv) to fine-tune custom convolution weights according to the features and generate high-quality adaptive offsets for accurate orientation information. Furthermore, we evaluated the performance of RA2DC-Net on two large-scale datasets: the Dataset for Object deTection in Aerial images (DOTA), the rotated object DetectIon in Optical Remote sensing images (DIOR-R) and the High-Resolution Ship Collection 2016 (HRSC2016). Experimental results demonstrated that RA2DC-Net achieved mAP values of 76.25%, 68.73% and 89.75% on the three datasets, respectively, with high AP values for various object classes on DOTA. © 2023 Elsevier Ltd","Anchor-free; Attention mechanism; Oriented detection; Remote sensing","Antennas; Feature extraction; Large dataset; Object detection; Object recognition; Optical remote sensing; Anchor-free; Attention mechanisms; Detection networks; Network-based; Objects detection; Orientation detections; Oriented detection; Point-based; Remote sensing images; Remote-sensing; Convolution","W. Tang; School of Electronics Information, Jingchu University of Technology, Jingmen, 448000, China; email: twt@whu.edu.cn","","Elsevier Ltd","09574174","","ESAPE","","English","Expert Sys Appl","Article","Final","","Scopus","2-s2.0-85175195027"
"Wang, Y.; Guo, Y.; Shao, X.; Wang, J.; Bao, Z.","Wang, Youwei (58394174900); Guo, Ying (57198926146); Shao, Xiangying (58028389900); Wang, Jiyu (58568548900); Bao, Zhengwei (57926492100)","58394174900; 57198926146; 58028389900; 58568548900; 57926492100","Oriented Object Detection in Remote Sensing Images Based on Feature Recombination; 基 于 特 征 重 组 的 遥 感 图 像 有 向 目 标 检 测","2024","Guangxue Xuebao/Acta Optica Sinica","44","6","0628001","","","2","10.3788/AOS230957","https://www.scopus.com/inward/record.uri?eid=2-s2.0-85188077184&doi=10.3788%2FAOS230957&partnerID=40&md5=52e9907426f86fd085540bd6defdf1d9","Nanjing University of Information Science & Technology, Nanjing, Jiangsu, China; School of Automation, Nanjing University of Information Science & Technology, Nanjing, Jiangsu, China","Wang, Youwei, Nanjing University of Information Science & Technology, Nanjing, Jiangsu, China, School of Automation, Nanjing University of Information Science & Technology, Nanjing, Jiangsu, China; Guo, Ying, Nanjing University of Information Science & Technology, Nanjing, Jiangsu, China, School of Automation, Nanjing University of Information Science & Technology, Nanjing, Jiangsu, China; Shao, Xiangying, Nanjing University of Information Science & Technology, Nanjing, Jiangsu, China, School of Automation, Nanjing University of Information Science & Technology, Nanjing, Jiangsu, China; Wang, Jiyu, Nanjing University of Information Science & Technology, Nanjing, Jiangsu, China, School of Automation, Nanjing University of Information Science & Technology, Nanjing, Jiangsu, China; Bao, Zhengwei, Nanjing University of Information Science & Technology, Nanjing, Jiangsu, China, School of Automation, Nanjing University of Information Science & Technology, Nanjing, Jiangsu, China","Objective Object detection of optical remote sensing images is the process of providing a given optical remote sensing image dataset with object positioning frame, object category, and confidence by model processing, and it is an important task in remote sensing image processing and has practical significance in both civil and military fields. In the civil field, it can be employed to analyze the situations of airport flights and ships in ports and thus facilitate timely adjustment and avoid congestion. In the military field, enemies' military deployment is analyzed by the photographed images, and feasible plans are made to ensure successful military operations. Therefore, object detection of remote sensing images has research significance and application prospect. Compared with the traditional detection algorithms, the detection method based on the convolutional neural network has become the mainstream object detection of remote sensing images. The method based on deep learning can yield better accuracy than the traditional object detection methods of visible light remote sensing images, and it is unnecessary to manually design rules, which has a relatively unified standard and enhances the model robustness. However, there are still many defects in introducing the object detection model dealing with natural images directly into remote sensing tasks. Starting from the oriented object detection difficulties of remote sensing, we design an oriented object detection algorithm for optical remote sensing images to improve the feature extraction and feature recognition ability of multi-scale and multi-directional remote sensing small targets in complex backgrounds. Methods Aiming at the poor performance of general algorithms for remote sensing oriented object detection, we propose an oriented object detection model based on SWA training strategy and feature recombination. The model is optimized based on the Rotated RPN algorithm. On the one hand, the feature recombination mechanism is introduced to make the model focus on effective features, which can reduce unnecessary computing resources and improve the model accuracy. On the other hand, based on RPN, the rotating RPN is introduced, and the position and angle parameters are regressed by the midpoint offset method to generate high-quality directed candidate frames. For the required feature inconsistency between classification and regression tasks, a polarized attention detector is employed, and the training strategy is improved. Meanwhile, the model is trained by cyclic mode to alleviate the problem that the traditional training strategy will converge to the boundary region of the optimal solution. Specifically, we conduct the following improvements based on Rotated RPN. 1) Given the problems in the object detection tasks of remote sensing images, such as a large number of small targets, a large proportion of background, and a large change in target size, the feature pyramid can not extract effective information during extracting and fusing features, which degrades detection performance. Therefore, we consider making changes in the feature pyramid to strengthen the feature extraction ability of the feature pyramid and the ability to fully fuse information of various sizes. Additionally, the reshape module is designed and integrated into the Carafe model as a deep horizontal connection of FPN. 2) To solve the problems of angle discontinuity and edge order exchange in the critical angle of the common directed box representation, we introduce the midpoint offset method to define the directed box. An adaptive attention module is designed in front of the suggested area generation module to enhance the ability of effective feature representation and further strengthen the ability of feature extraction and characterization. 3) The features required for the classification task should have the same response to different angles, which is because the focus of the classification task should be on the target itself. Thus, it should be highly responsive to the effective information inside the prediction frame, while the features required for the regression task should be sensitive to the angle change. Meanwhile, more attention should be paid to the boundary area of the target and less attention is to the information inside the prediction frame for realizing accurate angle and position prediction and reducing interference. Therefore, to avoid feature interference between different tasks and extract key features, we introduce a polarization attention module to the shared convolution layer at the front end of the dual-branch detector and adopt different response functions to distinguish the representation ability of different features. The classification head and regression head employ an activation function and an inhibition function respectively. 4) In view of the limitation that the traditional training strategy may converge to the boundary region of the optimal solution, we introduce the SWA cyclic training strategy, obtain the corresponding weights by adopting the SGD method to train more epochs, and average these results to acquire results closest to the optimal solution. Results and Discussions To verify the algorithm performance, we select two remote sensing oriented annotation datasets Dior-R and HRSC2016 to compare the algorithm performance. Several typical one-stage and two-stage oriented object detection models are selected and compared with this model. On the Dior-R dataset, our algorithm yields the best accuracy of 64. 49%, 4. 95% higher than that of the benchmark model (Table 5). On the HRSC2016 dataset, the proposed algorithm achieves the best accuracy of 90. 83%, which is 11. 75% higher than that of the benchmark model (Table 7). Additionally, we analyze the performance improvement after introducing the feature recombination module, focus shift method, adaptive attention module, polarized attention detector, and SWA training strategy respectively. The experimental results show that the algorithm has sound detection performance for remote sensing oriented objects in complex backgrounds. Conclusions To improve the detection performance of oriented objects in remote sensing images, we propose an oriented object detection model based on feature recombination and polarized attention. The experimental results show that the algorithm can effectively detect oriented objects in remote sensing images, and has good performance in all kinds of scenes. © 2024 Chinese Optical Society. All rights reserved.","deep learning; feature recombination; oriented object detection; polarized attention; remote sensing","Convolutional neural networks; Deep learning; Feature extraction; Image enhancement; Military photography; Object recognition; Optical data processing; Optical remote sensing; Signal detection; Detection models; Feature recombination; Objects detection; Oriented object detection; Polarized attention; Remote sensing images; Remote-sensing; Training strategy; Object detection","Y. Guo; Jiangsu Collaborative Innovation Center of Atmospheric Environment and Equipment Technology, Nanjing University of Information Science & Technology, Nanjing, Jiangsu, 210044, China; email: yguo@nuist.edu.cn","","Chinese Optical Society","02532239","","GUXUD","","Chinese","Guangxue Xuebao","Article","Final","All Open Access; Bronze Open Access","Scopus","2-s2.0-85188077184"
"Liu, Y.; Ma, Y.; Chen, F.; Shang, E.; Yao, W.; Zhang, S.; Yang, J.","Liu, Yilin (59648185500); Ma, Yong (57189519597); Chen, Fu (56172930500); Shang, Erping (55541459300); Yao, Wutao (57193553879); Zhang, Shuyan (12344732000); Yang, Jin (59846861700)","59648185500; 57189519597; 56172930500; 55541459300; 57193553879; 12344732000; 59846861700","YOLOv7oSAR: A Lightweight High-Precision Ship Detection Model for SAR Images Based on the YOLOv7 Algorithm","2024","Remote Sensing","16","5","913","","","24","10.3390/rs16050913","https://www.scopus.com/inward/record.uri?eid=2-s2.0-85187509690&doi=10.3390%2Frs16050913&partnerID=40&md5=3bce6da808a85ce38f8b7ce894b55ac7","Aerospace Information Research Institute, Beijing, China; College of Resources and Environment, University of Chinese Academy of Sciences, Beijing, China","Liu, Yilin, Aerospace Information Research Institute, Beijing, China, College of Resources and Environment, University of Chinese Academy of Sciences, Beijing, China; Ma, Yong, Aerospace Information Research Institute, Beijing, China; Chen, Fu, Aerospace Information Research Institute, Beijing, China; Shang, Erping, Aerospace Information Research Institute, Beijing, China; Yao, Wutao, Aerospace Information Research Institute, Beijing, China; Zhang, Shuyan, Aerospace Information Research Institute, Beijing, China; Yang, Jin, Aerospace Information Research Institute, Beijing, China","Researchers have explored various methods to fully exploit the all-weather characteristics of Synthetic aperture radar (SAR) images to achieve high-precision, real-time, computationally efficient, and easily deployable ship target detection models. These methods include Constant False Alarm Rate (CFAR) algorithms and deep learning approaches such as RCNN, YOLO, and SSD, among others. While these methods outperform traditional algorithms in SAR ship detection, challenges still exist in handling the arbitrary ship distributions and small target features in SAR remote sensing images. Existing models are complex, with a large number of parameters, hindering effective deployment. This paper introduces a YOLOv7 oriented bounding box SAR ship detection model (YOLOv7oSAR). The model employs a rotation box detection mechanism, uses the KLD loss function to enhance accuracy, and introduces a Bi-former attention mechanism to improve small target detection. By redesigning the network’s width and depth and incorporating a lightweight P-ELAN structure, the model effectively reduces its size and computational requirements. The proposed model achieves high-precision detection results on the public RSDD dataset (94.8% offshore, 66.6% nearshore), and its generalization ability is validated on a custom dataset (94.2% overall detection accuracy). © 2024 by the authors.","oriented bounding box; ship detection; Synthetic aperture radar (SAR) images; YOLO algorithm","Deep learning; Offshore oil well production; Radar imaging; Remote sensing; Ships; Tracking radar; Computationally efficient; Detection models; High-precision; Image-based; Oriented bounding box; Real- time; Ship detection; Ship targets; Synthetic aperture radar images; YOLO algorithm; Synthetic aperture radar","F. Chen; Aerospace Information Research Institute, Chinese Academy of Sciences, Beijing, 100094, China; email: chenfu@aircas.ac.cn","","Multidisciplinary Digital Publishing Institute (MDPI)","","9780891814184; 0891814183; 9780123694072","","","English","Remote Sens.","Article","Final","All Open Access; Gold Open Access; Green Accepted Open Access; Green Open Access","Scopus","2-s2.0-85187509690"
"She, H.; Zhao, L.","She, Haodong (58937431000); Zhao, Liangjin (57213832979)","58937431000; 57213832979","Rotating target detection network that combines key points and guide vectors; 结合关键点与引导向量的旋转目标检测网络","2024","Journal of Image and Graphics","29","2","","533","544","2","10.11834/jig.230207","https://www.scopus.com/inward/record.uri?eid=2-s2.0-85187709812&doi=10.11834%2Fjig.230207&partnerID=40&md5=de8cc0586b4db1acf380d894b6ce08d1","Aerospace Information Research Institute, Beijing, China; School of Electronic, Electrical and Communication Engineering, University of Chinese Academy of Sciences, Beijing, China; Key Laboratory of Network Information System Technology (NIST), Chinese Academy of Sciences, Beijing, Beijing, China","She, Haodong, Aerospace Information Research Institute, Beijing, China, School of Electronic, Electrical and Communication Engineering, University of Chinese Academy of Sciences, Beijing, China, Key Laboratory of Network Information System Technology (NIST), Chinese Academy of Sciences, Beijing, Beijing, China; Zhao, Liangjin, Aerospace Information Research Institute, Beijing, China, Key Laboratory of Network Information System Technology (NIST), Chinese Academy of Sciences, Beijing, Beijing, China","Objective Optical remote sensing images objectively and accurately record the implementation of surface features and are widely used in the investigation，detection，analysis，and prediction forecasting of resources，environment，disasters，regions，and cities. The primary task of optical remote sensing image object detection is to locate and classify objects in the input remote sensing images with important values for research and application in the field of Earth observation. Traditional remote sensing object detection algorithms require manually designed features. However，features designed in this manner are limited，and consume considerable human and material resources but are not generalized and accurate enough to be improved. With the rapid development of deep learning in recent years，remote sensing object detection algorithms based on deep learning have achieved good results in optical image object detection. In contrast with object detection in natural scenes，objects in optical remote sensing images are rigid and most of them have key information，such as direction. Horizontal rectangular detection frames in natural scenes have problems in the field of optical remote sensing object detection，such as excessive background area，overlapping adjacent detection frames，and loss of object motion information. To achieve more accurate object detection in optical remote sensing images，a rotating rectangular frame that fits object contour is a more suitable choice. The detection of rotating remote sensing objects through the discovery of key points is one of the current mainstream approaches. However，these key point-based object detection algorithms tend to have problems，such as the overlapping of adjacent key points and inaccurate key point detection，due to the dense arrangement of remote sensing objects. To solve these key point regression problems，this study proposes an improved rotating elliptic Gaussian kernel with vector-guided point pair matching module，which achieves high-precision rotating object detection through the accurate prediction and matching of object centroids and head vertices. Method An hourglass network is different from the general feature extraction network，because its structure can fuse high-level features with rich semantic information and underlying features with rich spatial information. The generated high-resolution feature map can achieve the precise location of key points. The circular Gaussian kernel that returns key points in natural scenes exhibits the problems of uncertainty of Gaussian kernel radius and the overlapping of Gaussian kernels for densely arranged objects in remote sensing image object detection. The rotating elliptical Gaussian kernel proposed in this study solves the aforementioned problems. It is particularly constructed in such a way that the long and short axes of the elliptical Gaussian kernel are determined by the length and width of the rotating rectangular box of the object and the angle of the long axis of the ellipse is the same as the angle of the object. This rotated elliptical Gaussian kernel fits the shape of the object more closely，achieving better key point regression effect. In this study，the two key points of the object（i. e. ，the center point and the head vertex）are modeled as the core，and a point pair matching module that uses bootstrap vectors is proposed to achieve the exact pairing of the center point and the head vertex of the same object. Result Our model is evaluated on the HRSC2016 and UCAS-AOD public datasets. The HRSC2016 dataset has 436 training images，181 validation images，and 444 test images，with image sizes ranging from 300 × 300 to 1 500 × 900. The UCAS-AOD dataset has image sizes of 1 280 × 659，with 1 000 aircraft images and 510 vehicle images，including 7 482 aircraft objects and 7 114 vehicle objects. The annotations in the HRSC dataset contain the head vertices. The annotations of the aircraft category in the UCAS-AOD dataset contain the specific orientation angles of the objects，and thus，the head vertices of aircraft can be calculated. During the experiment，images of various sizes were cropped and deflated to 640 × 640 resolution and inputted into the network model. Four Nvidia RTX 2080Ti graphics cards were used，with a batch size of eight images per card and an initial learning rate set to 0. 01. The optimizer for training was the stochastic gradient descent method with a momentum factor set to 0. 9. Before training，the dataset was augmented through flipping and rotation. Recall，accuracy，and average precision are used as the evaluation metrics of the model. The experimental results on the HRSC dataset with large-aspect-ratio ship objects show that the proposed algorithm achieves better detection results than the other mainstream object detection algorithms，with an average accuracy of 90. 78%（VOC 2007）and 97. 85%（VOC 2012），and the precision-recall curves are also better than those of the other object detection algorithms. Conclusion Our experimental results show that the rotating object detection model that combines key points and bootstrap vectors is excellent and advanced. The rotating elliptic Gaussian kernel achieves more accurate key point regression，and the point pair matching module based on bootstrap vectors achieves accurate matching of centroids and head vertices，improving the detection of rotating objects. © 2024 Editorial and Publishing Board of JIG. All rights reserved.","deep learning; guidance vectors; object detection; oriented detection; rotating elliptic Gaussian kernel","","L. Zhao; Aerospace Information Research Institute, Chinese Academy of Sciences, Beijing, 100190, China; email: zhaolj004896@aircas.ac.cn","","Editorial and Publishing Board of JIG","10068961","","","","Chinese","J. Image and Graphics","Article","Final","","Scopus","2-s2.0-85187709812"
"Xue, R.; Li, C.; Wu, T.","Xue, Ruihang (57211609893); Li, Caipin (36760855300); Wu, Tao (57193435763)","57211609893; 36760855300; 57193435763","GEO SAR Rotated Target Detection based on Edge Enhancement and Feature Alignment Convolution","2024","","","","","","","0","10.1109/ICSIDP62679.2024.10868341","https://www.scopus.com/inward/record.uri?eid=2-s2.0-86000003781&doi=10.1109%2FICSIDP62679.2024.10868341&partnerID=40&md5=c8ecd6db66c9eba17ac365bfe0aaad02","Xi'an Institute of Space Radio Technology, Xi'an, China","Xue, Ruihang, Xi'an Institute of Space Radio Technology, Xi'an, China; Li, Caipin, Xi'an Institute of Space Radio Technology, Xi'an, China; Wu, Tao, Xi'an Institute of Space Radio Technology, Xi'an, China","With the advantages of large imaging swath, long observation time and short revisit period, geosynchronous orbit synthetic aperture radar (GEO SAR) plays a significant role in large-scale observation and maritime surveillance. To figure out the issues of low range-resolution, image distortion and target defocus in GEO SAR ship target detection, this paper proposes a GEO SAR rotated target detection method based on edge enhancement and feature alignment convolution. Firstly, the edge features are extracted and fused with context features by channel priority attention mechanism. To register the object with arbitrary pose with the horizontal convolutional kernels, the rotated anchors are predicted by feature alignment convolutional network, where the feature maps are adjusted according to the anchor poses. Finally, the high-precision bounding box and classification results are obtained by a two-stream detection head. In this paper, we produced a simulated GEO SAR ship target detection data set. The experiment shows that the proposed method improves the average precision for 1.8% on focus target and 6.1% on defocus target compared with the traditional methods. © 2024 IEEE.","convolutional neural network; deep learning; edge extraction; geosynchronous orbit satellite; synthetic aperture radar; target detection","Deep neural networks; Image enhancement; Radar target recognition; Convolutional neural network; Deep learning; Defocus; Edge enhancements; Edge extraction; Edge features; Feature alignment; Geosynchronous orbit satellite; Geosynchronous orbits; Targets detection; Convolutional neural networks","R. Xue; Xi'an Institute of Space Radio Technology, Xi'an, China; email: rhxue@foxmail.com","","Institute of Electrical and Electronics Engineers Inc.","","9798331515669","","","English","IEEE Int. Conf. Signal, Inf. Data Process., ICSIDP","Conference paper","Final","","Scopus","2-s2.0-86000003781"
"Liu, X.; Li, Y.; Sizemore, L.; Xie, X.; Wu, J.","Liu, Xingwei (57211429410); Li, Yiqiao (57205550763); Sizemore, Langting (59368765700); Xie, Xiaohui (57218571699); Wu, Jun (57150278600)","57211429410; 57205550763; 59368765700; 57218571699; 57150278600","A Deep-Learning Approach to Detect and Classify Heavy-Duty Trucks in Satellite Images","2024","IEEE Transactions on Intelligent Transportation Systems","25","10","","13323","13338","2","10.1109/TITS.2024.3431452","https://www.scopus.com/inward/record.uri?eid=2-s2.0-85206497072&doi=10.1109%2FTITS.2024.3431452&partnerID=40&md5=e4b89851e9b85d3fd7367cc21cde7cb0","Donald Bren School of Information & Computer Sciences, Irvine, CA, United States; City College of New York, New York, NY, United States; Program in Public Health, University of California, Irvine, Irvine, CA, United States; California's Smoking Cessation Program, Santa Ana, CA, United States; Department of Occupational and Environmental Health, UCI Susan & Henry Samueli College of Health Sciences, Irvine, CA, United States","Liu, Xingwei, Donald Bren School of Information & Computer Sciences, Irvine, CA, United States; Li, Yiqiao, City College of New York, New York, NY, United States; Sizemore, Langting, Program in Public Health, University of California, Irvine, Irvine, CA, United States, California's Smoking Cessation Program, Santa Ana, CA, United States; Xie, Xiaohui, Donald Bren School of Information & Computer Sciences, Irvine, CA, United States; Wu, Jun, Department of Occupational and Environmental Health, UCI Susan & Henry Samueli College of Health Sciences, Irvine, CA, United States","Heavy-duty trucks serve as the backbone of the supply chain and have a tremendous effect on the economy. However, they severely impact the environment and public health. This study presents a novel truck detection framework by combining satellite imagery with Geographic Information System (GIS)-based OpenStreetMap data to capture the distribution of heavy-duty trucks and shipping containers in both on-road and off-road locations with extensive spatial coverage. The framework involves modifying the CenterNet detection algorithm to detect randomly oriented trucks in satellite images and enhancing the model through ensembling with Mask RCNN, a segmentation-based algorithm. GIS information refines and improves the model's prediction results. Applied to part of Southern California, including the Port of Los Angeles and Long Beach, the framework helps assess the environmental impact of heavy-duty trucks in port-adjacent communities and understand truck density patterns along major freight corridors. This research has implications for policy, practice, and future research. © 2000-2011 IEEE.","deep learning; GIS; model ensemble; object detection; Port-side heavy-duty trucks; satellite images","Off road vehicles; Plastic bottles; Satellites; Trucks; Deep learning; Detection framework; Geographic information; Heavy-duty trucks; Learning approach; Model ensembles; Objects detection; Port-side heavy-duty truck; Satellite images; Shipping containers; Automobiles","J. Wu; University of California at Irvine, Joe C. Wen School of Population and Public Health, Susan and Henry Samueli College of Health Sciences, Department of Environmental and Occupational Health, Irvine, 92697, United States; email: junwu@hs.uci.edu","","Institute of Electrical and Electronics Engineers Inc.","15249050","","","","English","IEEE Trans. Intell. Transp. Syst.","Article","Final","All Open Access; Green Accepted Open Access; Green Open Access; Hybrid Gold Open Access","Scopus","2-s2.0-85206497072"
"Li, D.; Zhao, Z.","Li, Dongrui (59363267700); Zhao, Zhichun (56447390300)","59363267700; 56447390300","SAR Ship Classification based on Second-order Synchrosqueezing Transform and HOG Feature","2024","","","","","585","590","2","10.1109/ICSIP61881.2024.10671463","https://www.scopus.com/inward/record.uri?eid=2-s2.0-85206100908&doi=10.1109%2FICSIP61881.2024.10671463&partnerID=40&md5=6da74cd10f6b4ecde225e36bf3a00253","Faculty of Engineering, Shenzhen MSU-BIT University, Shenzhen, Guangdong, China","Li, Dongrui, Faculty of Engineering, Shenzhen MSU-BIT University, Shenzhen, Guangdong, China; Zhao, Zhichun, Faculty of Engineering, Shenzhen MSU-BIT University, Shenzhen, Guangdong, China","Accurate classification and identification of vessels in remote sensing satellite imagery is critical for ocean monitoring and resource management. The ability to extract information from remote-sensing data is of paramount importance. To exploit the non-stationary characteristics of synthetic aperture radar (SAR) target, a comprehensive SAR ship recognition framework is designed by combing the second-order synchrosqueezing transform (SST), an effective non-stationary signal processing tool, with the histogram of oriented gradient (HOG) feature in this paper. Firstly, the second-order SST is performed on SAR images to describe the non-stationary characteristics of ships at different times and frequencies. Secondly, HOG features are utilized to effectively extract the non-stationary information of SAR ships and provide more discriminative input for the deep learning network. Then, the optimal ResNet model is selected as the convolutional neural network (CNN) classifier to automatically fuse the non-stationary features and abstract features of SAR ships. Experiments on two open SAR ship datasets (OpenSARShip and FUSAR-Ship) show that the proposed method achieves accurate classification and outperforms the state-of-the-art (SOTA) CNN-based methods in terms of robustness and generalization ability. The positive effect of non-stationary characteristics on SAR ship classification is verified. © 2024 IEEE.","convolutional neural network (CNN); histogram of oriented gradient (HOG); non-stationary signal processing; ship classification; Synthetic aperture radar (SAR); time-frequency analysis (TFA)","Deep neural networks; Image coding; Satellite imagery; Convolutional neural network; Histogram of oriented gradient; Histogram of oriented gradients; Nonstationary signal processing; Second orders; Ship classification; Synthetic aperture radar; Time-frequency Analysis; Time-frequency analyze; Convolutional neural networks","Z. Zhao; Faculty of Engineering, Shenzhen MSU-BIT University, Shenzhen, China; email: zzc@smbu.edu.cn","","Institute of Electrical and Electronics Engineers Inc.","","9798350350920","","","English","Int. Conf. Signal Image Process., ICSIP","Conference paper","Final","","Scopus","2-s2.0-85206100908"
"Huang, Y.; Wang, D.; Huang, W.; An, D.","Huang, Yiyang (59355244500); Wang, Di (57919078500); Huang, Wentao (58821371200); An, Daoxiang (18433472600)","59355244500; 57919078500; 58821371200; 18433472600","A ViT Merged Oriented-Detector with Neuron Attention for Ship Detection in SAR Images","2024","","","","","85","90","5","10.1109/ICEICT61637.2024.10670954","https://www.scopus.com/inward/record.uri?eid=2-s2.0-85205721487&doi=10.1109%2FICEICT61637.2024.10670954&partnerID=40&md5=cca4e2431775b9ecf96bfe413952171d","School of Electronic Science and Engineering, National University of Defense Technology China, Changsha, Hunan, China","Huang, Yiyang, School of Electronic Science and Engineering, National University of Defense Technology China, Changsha, Hunan, China; Wang, Di, School of Electronic Science and Engineering, National University of Defense Technology China, Changsha, Hunan, China; Huang, Wentao, School of Electronic Science and Engineering, National University of Defense Technology China, Changsha, Hunan, China; An, Daoxiang, School of Electronic Science and Engineering, National University of Defense Technology China, Changsha, Hunan, China","Due to the unique microwave properties of Synthetic Aperture Radar (SAR) images and the irregular distribution of vessels, deep learning techniques face significant challenges in the detection of ship targets within SAR imagery. This paper proposes an oriented ship target detection model based on the YOLOv8 algorithm, Neural Swin Transformer-YOLO (NST-YOLO). Experiments conducted on the Rotated Ship Detection Dataset in SAR Images (RSDD-SAR) and the SAR Ship Detection Dataset (SSDD+) and comparisons with the other oriented detection models demonstrate that the proposed NST-YOLO achieves state-of-the-art detection performance. © 2024 IEEE.","Neural network; oriented detection; remote sensing; ship detection; synthetic aperture radar(SAR)","Deep learning; Radar imaging; Radar target recognition; Detection models; Learning techniques; Microwave property; Neural-networks; Oriented detection; Remote-sensing; Ship detection; Ship targets; Synthetic Aperture Radar Imagery; Synthetic aperture radar images; Remote sensing","Y. Huang; National University of Defense Technology, School of Electronic Science, Changsha, China; email: WryingY@outlook.com","","Institute of Electrical and Electronics Engineers Inc.","","9798350384437","","","English","IEEE Int. Conf. Electron. Inf. Commun. Technol., ICEICT","Conference paper","Final","","Scopus","2-s2.0-85205721487"
"Yang, J.; Liu, M.; Dong, S.; Zheng, R.; Wei, P.","Yang, Jielin (59351456600); Liu, Meiqin (26643265600); Dong, Shanling (57195548297); Zheng, Ronghao (35106314700); Wei, Ping (55540048000)","59351456600; 26643265600; 57195548297; 35106314700; 55540048000","Remote Sensing Object Detection in Disturbed Environment Based on Improved RTMDet Network","2024","Chinese Control Conference, CCC","","","","7745","7750","0","10.23919/CCC63176.2024.10662723","https://www.scopus.com/inward/record.uri?eid=2-s2.0-85205466477&doi=10.23919%2FCCC63176.2024.10662723&partnerID=40&md5=93f34d75ad4447c5398d4adb9b5136b2","College of Electrical Engineering, Zhejiang University, Hangzhou, Zhejiang, China; Xi'an Jiaotong University, Xi'an, Shaanxi, China","Yang, Jielin, College of Electrical Engineering, Zhejiang University, Hangzhou, Zhejiang, China; Liu, Meiqin, College of Electrical Engineering, Zhejiang University, Hangzhou, Zhejiang, China, Xi'an Jiaotong University, Xi'an, Shaanxi, China; Dong, Shanling, College of Electrical Engineering, Zhejiang University, Hangzhou, Zhejiang, China; Zheng, Ronghao, College of Electrical Engineering, Zhejiang University, Hangzhou, Zhejiang, China; Wei, Ping, Xi'an Jiaotong University, Xi'an, Shaanxi, China","Remote sensing object detection remains a challenging task in computer vision due to the arbitrary angles of the targets and the complex environmental conditions, which contribute to low detection accuracy. While numerous scholars have concentrated on aligning horizontal bounding boxes with rotation bounding boxes, altering the generation method of rotation bounding boxes, or improving the loss function, they have overlooked the utilization of prior knowledge in remote sensing target detection. In our paper, we introduce a new network structure, Large Kernel Cross-Stage-Partial-connection Layer (LK-CSPLayer), based on the CSPLayer module of Real-Time Models for Detection (RTMDet), leveraging prior knowledge in remote sensing target detection. Given the presence of remote sensing targets at relatively long distances, the recognition of these targets, especially smaller ones, relies on the surrounding background information. We enhance the accuracy of network detection by expanding the convolutional kernel to augment the receptive field and extract extensive contextual information. Furthermore, during the operation of remote sensing satellites, environmental factors can lead to unclear remote sensing images, consequently impacting the quality of feature extraction. To address this, we propose a series of image preprocessing methods. To verify the effectiveness of our approach, we construct a disturbed remote sensing dataset and assess the method's efficacy. Our experiments on the public dataset high resolution ship collections 2016 (HRSC2016) demonstrate that utilizing LK-CSPLayer can achieve a 2.0% improvement on the baseline, while experiments on our custom disturbed dataset reveal that utilizing our preprocessing methods and LK-CSPLayer both lead to a 1.6% improvement on the baseline. © 2024 Technical Committee on Control Theory, Chinese Association of Automation.","disturbed environment; large kernel; preprocessing method; Remote sensing target detection","Satellite imagery; Bounding-box; Disturbed environments; Large kernel; Objects detection; Pre-processing method; Prior-knowledge; Real time modeling; Remote sensing target detection; Remote-sensing; Targets detection; Optical remote sensing","J. Yang; Zhejiang University, College of Electrical Engineering, Hangzhou, 310027, China; email: 22210158@zju.edu.cn","Na, J.; Sun, J.","IEEE Computer Society","19341768","9789881563941; 9789887581581; 9789887581536; 9789881563804; 9789881563910; 9789881563842; 9789881563972; 9789881563811; 9789881563835; 9789887581543","","","English","Chinese Control Conf., CCC","Conference paper","Final","","Scopus","2-s2.0-85205466477"
"Zhu, S.; Wei, L.","Zhu, Shengbo (59235166000); Wei, Lisheng (23390889100)","59235166000; 23390889100","PEDNet: A Proposal Enhancement Dynamic Network for Fine-Grained Ship Detection in Optical Remote Sensing Images","2024","IEEE Access","12","","","129813","129825","1","10.1109/ACCESS.2024.3457619","https://www.scopus.com/inward/record.uri?eid=2-s2.0-85204104793&doi=10.1109%2FACCESS.2024.3457619&partnerID=40&md5=5732a9ee1ed72b86233d9947fc296593","School of Electrical Engineering, Anhui Polytechnic University, Wuhu, Anhui, China","Zhu, Shengbo, School of Electrical Engineering, Anhui Polytechnic University, Wuhu, Anhui, China; Wei, Lisheng, School of Electrical Engineering, Anhui Polytechnic University, Wuhu, Anhui, China","Fine-grained ship detection (FGSD) refers to identify and localize different ships in optical remote sensing images, which is utilized in both civilian and military areas widely. Nevertheless, the region proposal as an essential component of ship detection and recognition, is restricted to design a multitask learning of FGSD, from proposal generation, representation, and utilization. In this paper, we propose a proposal enhancement dynamic network (PEDNet), to deal with the subtasks of FGSD better. First, the lateral scale-equalizing feature pyramid network (LSE-FPN) is designed to deliver equalized scale features for the subsequent generation of more precise proposals. Second, the multi-channel fusion network (MCFN) is proposed to extract independent and discriminative feature representations in proposals. In addition, we present an oriented dynamic prediction network (ODPN), which employs the dynamic training strategy to provide guidance for model training, to leverage high-quality proposals effectively for ship identification and localization. Finally, PEDNet is trained and validated on ShipRSImageNet, FGSD2021, DOSR, and MAR20 datasets. Quantitative and qualitative experimental results reveal that, compared with cutting-edge detectors, AP50 of the PEDNet received by 74.58, 92.50, 61.28, and 80.84, AP75 received by 68.34, 86.26, 46.19, and 69.18, AP<inf>50:95</inf> received by 56.25, 68.78, 40.17, and 55.54 on four datasets, respectively. It effectively proves that our method achieves advanced FGSD effectiveness and favorable generalization performance. © 2013 IEEE.","Computer vision; deep learning; fine-grained ship detection (FGSD); object detection; remote sensing images","Edge detection; Equalizers; Image enhancement; Image segmentation; Military photography; Object detection; Deep learning; Dynamic network; Fine grained; Fine-grained ship detection; Military areas; Objects detection; Optical remote sensing; Remote sensing images; Ship detection; Ship recognition","L. Wei; Anhui Polytechnic University, School of Electrical Engineering, Wuhu, Anhui, 241000, China; email: lshwei_11@163.com","","Institute of Electrical and Electronics Engineers Inc.","","","","","English","IEEE Access","Article","Final","All Open Access; Gold Open Access; Green Accepted Open Access; Green Open Access","Scopus","2-s2.0-85204104793"
"Chen, C.; Zhang, X.; Zhou, Y.; Chang, Y.; Zeng, W.","Chen, Chengcheng (57961341800); Zhang, Xiliang (57820748100); Zhou, Yuhao (57455928400); Chang, Yugang (59184660300); Zeng, Weiming (13605397000)","57961341800; 57820748100; 57455928400; 59184660300; 13605397000","HGM: A General High-Order Spatial and Spectral Global Feature Fusion Module for Visual Multitasking","2024","IEEE Journal of Selected Topics in Applied Earth Observations and Remote Sensing","17","","","893","907","2","10.1109/JSTARS.2024.3417414","https://www.scopus.com/inward/record.uri?eid=2-s2.0-85196746683&doi=10.1109%2FJSTARS.2024.3417414&partnerID=40&md5=544dc4ae8df0dfff1f92d1836bd8d7b3","Lab of Digital Image and Intelligent Computation, Shanghai Maritime University, Shanghai, China; College of Information Engineering, Shanghai Maritime University, Shanghai, China; College of Software Engineering, Tongji University, Shanghai, China","Chen, Chengcheng, Lab of Digital Image and Intelligent Computation, Shanghai Maritime University, Shanghai, China; Zhang, Xiliang, College of Information Engineering, Shanghai Maritime University, Shanghai, China; Zhou, Yuhao, College of Software Engineering, Tongji University, Shanghai, China; Chang, Yugang, Lab of Digital Image and Intelligent Computation, Shanghai Maritime University, Shanghai, China; Zeng, Weiming, Lab of Digital Image and Intelligent Computation, Shanghai Maritime University, Shanghai, China","Recent computer vision research has mainly focused on designing efficient network architectures, with limited exploration of high- and low-frequency information in the high-order frequency domain. This study introduces a novel approach utilizing spatial and frequency domain information to design a high-order global feature fusion module (HGM) and develop a specialized remote sensing detection network, HGNet. HGM leverages cyclic convolution to achieve arbitrary high-order features, overcoming the second-order limitation of transformers. Furthermore, HGM integrates cyclic convolution and fast Fourier transform, utilizing the former to capture interaction information between high-order spatial and channel domains and the latter to transform high-order features from spatial to frequency domain for global information extraction. This combination fundamentally addresses the issue of long-distance dependency in convolutions and avoids quadratic growth in computational complexity. Moreover, we have constructed an information truncation gate to minimize high-order redundant features, achieving a 'win-win' scenario for network accuracy and parameter efficiency. In addition, HGM acts as a plug-and-play module, boosting performance when integrated into various networks. Experimental findings reveal that HGNet achieves a 93.0% {mAP} {0.5}} with just 12.1M parameters on the HRSID remote sensing ship detection dataset. In addition, applying HGM enhances a performance in CIFAR100 classification and WHDLD remote sensing segmentation tasks. © 2024 The Authors.","Convolutional neural networks (CNNs); feature aggregation; global frequency domain features; high-order feature interaction; remote sensing ship detection; transformer architecture","Convolution; Fast Fourier transforms; Frequency domain analysis; Job analysis; Network architecture; Neural networks; Remote sensing; Ships; Accuracy; Computational modelling; Convolutional neural network; Domain feature; Feature aggregation; Feature interactions; Features extraction; Frequency domains; Frequency-domain analysis; Global frequency domain feature; High-order; High-order feature interaction; Higher-order; Remote sensing ship detection; Remote-sensing; Ship detection; Task analysis; Transformer; Transformer architecture; Feature extraction; artificial neural network; data set; remote sensing; segmentation; spatial analysis","W. Zeng; Shanghai Maritime University, Digital Imaging and Intelligent Computing Laboratory, Shanghai, 201306, China; email: zengwm86@163.com","","Institute of Electrical and Electronics Engineers Inc.","19391404","","","","English","IEEE J. Sel. Top. Appl. Earth Obs. Remote Sens.","Article","Final","All Open Access; Gold Open Access; Green Accepted Open Access; Green Open Access","Scopus","2-s2.0-85196746683"
"","","","International Conference on Image, Vision and Intelligent Systems, ICIVIS 2023","2024","Lecture Notes in Electrical Engineering","1163 LNEE","","","","","0","","https://www.scopus.com/inward/record.uri?eid=2-s2.0-85187994019&partnerID=40&md5=614eb61407e1da87cbecd8bb96d2c893","","","The proceedings contain 72 papers. The special focus in this conference is on Image, Vision and Intelligent Systems. The topics include: A Fine Segmentation Method for the Outer Boundary of Tire Image Steel Belt Based on Adaptive Thresholding Under Local Histogram Statistical Features; Night Scene Image Stitching and Image Recognition Based on Improved SIFT; optical Image Encryption Based on Chaotic Palmprint Phase Mask and Phase-Shifting Digital Holography; health Monitoring of Ultra-low Temperature Valves Based on Complex Shearlet Domain Dynamic Threshold; speckle Suppression Based on Contextual ConvNeXt Network; Mirror R-CNN: Object Detection with Flipped Image; research on Virtual Data Set Generation for Ship Target Recognition at Sea; design and Research of One-Piece Bionic Life Jacket Based on Virtual Reality Technology; an Object Detection and Segmentation Model-Based Shape Change Estimation Method for Wood Specimen; high Order Conditional Random Field Based Cervical Cancer Histopathological Image Classification; Encrypted Image Search Based on SGX and Hierarchical Index; SFINet: An Oriented Fine-Grained Ship Identification Network Based on Remote Sensing Image; A Fully End-to-End Query-Based Detector with Transformers for Multiscale Ship Detection in SAR Images; design of Accelerators for Combined Infrared and Visible Image Target Detection Based on Deep Learning; visible and Infrared Image Fusion for Object Detection: A Survey; multispectral Point Cloud Classification: A Survey; Multiple Machine Learning Fusion Based Analysis of Fat Composition in CT Images; texture Features and Machine Learning Based Environmental Microorganism Microscopic Image Classification; deep Convolutional Neural Network Based Sperm Detection in Microscopic Videos; saliency Detection Based Pyramid Optimization of Large Scale Satellite Image.","","","","You, P.; Liu, S.; Wang, J.","Springer Science and Business Media Deutschland GmbH","18761100","9789819680023; 9789819540440; 9789819658473; 9789819600571; 9789819644292; 9789819637577; 9789819663392; 9783319030135; 9783642363283; 9789819648115","","","English","Lect. Notes Electr. Eng.","Conference review","Final","","Scopus","2-s2.0-85187994019"
"Yan, Y.; He, Y.; Su, N.; He, G.; Fu, H.","Yan, Yiming (55243504600); He, Yanming (58893637700); Su, Nan (57203308751); He, Guangjun (56485034500); Fu, Han (57211916468)","55243504600; 58893637700; 57203308751; 56485034500; 57211916468","PNBT-CR: A Cloud Removal Method for Ship Detection","2024","IEEE Geoscience and Remote Sensing Letters","21","","1501905","1","5","7","10.1109/LGRS.2024.3361150","https://www.scopus.com/inward/record.uri?eid=2-s2.0-85185377522&doi=10.1109%2FLGRS.2024.3361150&partnerID=40&md5=7e5fd6f2fb2eb2136d4da8f7b9a9adea","College of Information and Communication Engineering, Harbin Engineering University, Harbin, Heilongjiang, China; State Key Laboratory of Space-Ground Integrated Information Technology, Space Star Technology Company Ltd., Beijing, China","Yan, Yiming, College of Information and Communication Engineering, Harbin Engineering University, Harbin, Heilongjiang, China; He, Yanming, College of Information and Communication Engineering, Harbin Engineering University, Harbin, Heilongjiang, China; Su, Nan, College of Information and Communication Engineering, Harbin Engineering University, Harbin, Heilongjiang, China; He, Guangjun, State Key Laboratory of Space-Ground Integrated Information Technology, Space Star Technology Company Ltd., Beijing, China; Fu, Han, State Key Laboratory of Space-Ground Integrated Information Technology, Space Star Technology Company Ltd., Beijing, China","In the ship detection of remote sensing images, cloud occlusion could blur the boundaries between ships and backgrounds, making it more challenging to distinguish them. Cloud occlusion can also result in partial or complete occlusion of target, making it difficult for models to detect ships in their entirety. Therefore, the use of cloud removal techniques is essential to enhance the accuracy and robustness of target detection. However, existing cloud removal processes are applied to entire images, providing limited improvements for specific object detection. In this letter, A Perlin noise-based thin cloud removal (PNBT-CR) network is proposed for ship detection. The proposed algorithm introduces a Perlin noise mist mix module, which can improve the cloud removal effect of the network effectively. It designed a target-oriented structural similarity (TOSS) loss function that enhances the network's ability to boost the confidence of detected ships in the results. Experimental results demonstrate the efficacy of this approach in restoring texture details in ships and enhancing the accuracy of ship detection in remote sensing imagery. Moreover, the images processed using our method can have 89.86% structural similarity (SSIM) compared to the original images, and when used for ship detection, there can be a maximum improvement of 11.7% F1 -score. © 2004-2012 IEEE.","Cloud occlusion; cloud removal; deep learning; image restoration; ship detection","Deep learning; Feature extraction; Image enhancement; Object detection; Object recognition; Remote sensing; Restoration; Ships; Textures; Cloud occlusion; Cloud removal; Decoding; Features extraction; Marine vehicles; Perlin noise; Remote sensing images; Removal method; Ship detection; Image reconstruction; accuracy assessment; algorithm; detection method; image processing; machine learning; remote sensing; satellite imagery","N. Su; Harbin Engineering University, Key Laboratory of Advanced Marine Communication and Information Technology, Ministry of Industry and Information Technology, The College of Information and Communication Engineering, Harbin, 150001, China; email: sunan08@hrbeu.edu.cn","","Institute of Electrical and Electronics Engineers Inc.","1545598X","","","","English","IEEE Geosci. Remote Sens. Lett.","Article","Final","","Scopus","2-s2.0-85185377522"
"Pan, D.; Gao, X.; Dai, W.; Fu, J.; Wang, Z.; Sun, X.; Wu, Y.","Pan, Dece (57219295140); Gao, Xin (55712115900); Dai, Wei (59437558900); Fu, Jiamei (57221683594); Wang, Zhirui (56071876600); Sun, Xian (34875643000); Wu, Youming (57188724721)","57219295140; 55712115900; 59437558900; 57221683594; 56071876600; 34875643000; 57188724721","SRT-Net: Scattering Region Topology Network for Oriented Ship Detection in Large-Scale SAR Images","2024","IEEE Transactions on Geoscience and Remote Sensing","62","","5202318","1","18","41","10.1109/TGRS.2024.3351366","https://www.scopus.com/inward/record.uri?eid=2-s2.0-85182364613&doi=10.1109%2FTGRS.2024.3351366&partnerID=40&md5=eaadca62c59de471bd2c2e3e69fcc599","Aerospace Information Research Institute, Beijing, China; Aerospace Information Research Institute, Beijing, China; Electrical and Communication Engineering, University of Chinese Academy of Sciences, Beijing, China","Pan, Dece, Aerospace Information Research Institute, Beijing, China, Aerospace Information Research Institute, Beijing, China, Electrical and Communication Engineering, University of Chinese Academy of Sciences, Beijing, China; Gao, Xin, Aerospace Information Research Institute, Beijing, China, Aerospace Information Research Institute, Beijing, China; Dai, Wei, Aerospace Information Research Institute, Beijing, China, Aerospace Information Research Institute, Beijing, China; Fu, Jiamei, Aerospace Information Research Institute, Beijing, China, Aerospace Information Research Institute, Beijing, China, Electrical and Communication Engineering, University of Chinese Academy of Sciences, Beijing, China; Wang, Zhirui, Aerospace Information Research Institute, Beijing, China, Aerospace Information Research Institute, Beijing, China; Sun, Xian, Aerospace Information Research Institute, Beijing, China, Aerospace Information Research Institute, Beijing, China, Electrical and Communication Engineering, University of Chinese Academy of Sciences, Beijing, China; Wu, Youming, Aerospace Information Research Institute, Beijing, China, Aerospace Information Research Institute, Beijing, China","Synthetic aperture radar (SAR) ship detection plays an important role in the field of maritime security. However, certain unique imaging properties make it challenging to extract the shape features of ships, such as speckle noise and strong scattering interference from irrelevant objects. These factors result in inaccurate ship localization and obvious false alarms under complex large-scale inshore scenes. To address this issue, we propose the scattering region topology network (SRT-Net), which can dynamically capture the comprehensive global context and enhance the ship saliency. This is achieved through two key modules, namely the scattering region topological structure pyramid (SRTP) and the ship saliency enhancement (SSE) module. The former provides richer semantic information to distinguish the object from the background, while the latter offers an extra pixel-level classification task to guide accurate bounding box regression. Thanks to the guidance of richer information, the proposed method can achieve fewer false alarms and enhance location accuracy. Additionally, we introduce a scale feature adaptive (SFA) loss to balance the attention to ships with various scales, which improves the robustness of multiscale ship detection. The proposed method achieves state-of-the-art performance under complex inshore scenes, and its effectiveness is verified by experiments on a large-scale SAR ship detection dataset (LSSDD) and a public SAR ship detection dataset (SSDD+). © 1980-2012 IEEE.","Deep learning; graph convolution network; oriented ship detection; strong scattering interference; synthetic aperture radar (SAR); topological structure","Classification (of information); Complex networks; Deep learning; Errors; Job analysis; Network topology; Radar imaging; Semantics; Ships; Synthetic aperture radar; Tracking radar; Features extraction; Graph convolution network; Marine vehicles; Oriented ship detection; Radar polarimetry; Ship detection; Strong scattering interference; Strong scatterings; Task analysis; Topological structure; Feature extraction; pixel; satellite imagery; scattering; ship design; synthetic aperture radar; topology","Y. Wu; Chinese Academy of Sciences, Aerospace Information Research Institute, Beijing, 100190, China; email: youming_wu@yeah.net","","Institute of Electrical and Electronics Engineers Inc.","01962892","","IGRSD","","English","IEEE Trans Geosci Remote Sens","Article","Final","","Scopus","2-s2.0-85182364613"
"Xie, X.; You, Z.-H.; Chen, S.-B.; Huang, L.-L.; Tang, J.; Luo, B.","Xie, Xu (58725532200); You, Zhihui (57804166100); Chen, Sibao (9734673000); Huang, Lili (57195941546); Tang, Jin (24286986300); Luo, Bin (56245740100)","58725532200; 57804166100; 9734673000; 57195941546; 24286986300; 56245740100","Feature Enhancement and Alignment for Oriented Object Detection","2024","IEEE Journal of Selected Topics in Applied Earth Observations and Remote Sensing","17","","","778","787","15","10.1109/JSTARS.2023.3333957","https://www.scopus.com/inward/record.uri?eid=2-s2.0-85178055706&doi=10.1109%2FJSTARS.2023.3333957&partnerID=40&md5=2d9b9312fdafa1e45adfdf916d0bd94f","School of Computer Science and Technology, Anhui University, Hefei, Anhui, China","Xie, Xu, School of Computer Science and Technology, Anhui University, Hefei, Anhui, China; You, Zhihui, School of Computer Science and Technology, Anhui University, Hefei, Anhui, China; Chen, Sibao, School of Computer Science and Technology, Anhui University, Hefei, Anhui, China; Huang, Lili, School of Computer Science and Technology, Anhui University, Hefei, Anhui, China; Tang, Jin, School of Computer Science and Technology, Anhui University, Hefei, Anhui, China; Luo, Bin, School of Computer Science and Technology, Anhui University, Hefei, Anhui, China","Over the last few years, developments in fields such as aviation and remote sensing have drawn increasing attention to the detection of rotated objects. Unlike general object detection, rotated object detection requires overcoming certain challenges, such as detecting objects with different directions and high aspect ratios. Recently proposed rotated object detectors have achieved good results, but most of them rely on hand-designed anchors, which require manual adjustment of the anchors settings in different scenarios. On the contrary, this article presents a method called FEADet, an anchor-free detector that utilizes feature enhancement and alignment to achieve competitive performance, without the use of anchors. Specifically, in order to better fuse features across different layers, we design an attention feature fusion (AAF) module to reduce the aliasing effect produced by the fusion of different layers. To deal with feature misalignment in detecting objects with orientation, we propose an adaptive alignconv (AAC) module, which is implemented by the constrained deformable convolution and align convolution. The ACC module can efficiently extract object features according to the decoded boxes and predicted constrained offsets. On the two benchmark datasets, dataset for object detection in aerial images (DOTA) and high resolution ship collection 2016 (HRSC2016), a comprehensive evaluation of our method has been conducted to demonstrate the effectiveness of these method in comparison with state-of-the-art methods. © 2023 The Authors.","Deep learning; feature alignment; feature enhancement; oriented object detection; remote sensing images","Alignment; Anchors; Aspect ratio; Convolution; Deep learning; Feature extraction; Image enhancement; Object recognition; Remote sensing; Semantics; Feature alignment; Feature enhancement; Features extraction; Head; Objects detection; Oriented object detection; Remote sensing images; Task analysis; Object detection; benchmarking; detection method; image analysis; image classification; prediction; remote sensing","S.-B. Chen; IMIS Lab of Anhui Province, Anhui Provincial Key Lab of Multimodal Cognitive Computation, MOE Key Lab of ICSP, School of Computer Science and Technology, Anhui University, Hefei, 230601, China; email: sbchen@ahu.edu.cn; L.-L. Huang; IMIS Lab of Anhui Province, Anhui Provincial Key Lab of Multimodal Cognitive Computation, MOE Key Lab of ICSP, School of Computer Science and Technology, Anhui University, Hefei, 230601, China; email: hill_ahu@ahu.edu.cn","","Institute of Electrical and Electronics Engineers Inc.","19391404","","","","English","IEEE J. Sel. Top. Appl. Earth Obs. Remote Sens.","Article","Final","All Open Access; Gold Open Access; Green Accepted Open Access; Green Open Access","Scopus","2-s2.0-85178055706"
"Swamidason, S.; Shanthini Pandiaraj, N.; Sarveshwaran, V.; Mythily, M.","Swamidason, Iwin Thanakumar Joseph (57742545100); Shanthini Pandiaraj, N. (58044625600); Sarveshwaran, Velliangiri (57195569083); Mythily, M. (49361603000)","57742545100; 58044625600; 57195569083; 49361603000","Ship Detection and Classification Using Hybrid Optimization Enabled Deep Learning Approach by Remote Sensing Images","2024","Cybernetics and Systems","55","7","","1441","1468","2","10.1080/01969722.2022.2145655","https://www.scopus.com/inward/record.uri?eid=2-s2.0-85145674833&doi=10.1080%2F01969722.2022.2145655&partnerID=40&md5=3de4168c95052ba51906963f2f98e74b","K L Deemed to be University, Vaddeswaram, AP, India; Department of Electrical & Computer Engineering, Karunya Institute of Technology and Sciences, Coimbatore, TN, India; Department of Computational Intelligence, SRM Institute of Science and Technology, Kattankulathur, TN, India; Department of Computer Science and Engineering, Karunya Institute of Technology and Sciences, Coimbatore, TN, India","Swamidason, Iwin Thanakumar Joseph, K L Deemed to be University, Vaddeswaram, AP, India; Shanthini Pandiaraj, N., Department of Electrical & Computer Engineering, Karunya Institute of Technology and Sciences, Coimbatore, TN, India; Sarveshwaran, Velliangiri, Department of Computational Intelligence, SRM Institute of Science and Technology, Kattankulathur, TN, India; Mythily, M., Department of Computer Science and Engineering, Karunya Institute of Technology and Sciences, Coimbatore, TN, India","The recognition and categorization of ships is very significant for maritime security and defense board. The existing SAR image-oriented ship recognition techniques are not capable of real-time applications since the count of SAR sensors is sparse and the contrast of images is minimum. To cope up with certain issues, this article designs an efficient technique for ship detection and classification by introducing hybrid optimization-based deep learning technique. Here, segmentation is done using bounding box segmentation. The ships on the ocean surface are effectively detected using deep convolutional neural network, where the network is trained utilizing devised exponential mayfly optimization algorithm (EMO). The newly designed EMO is derived by the combination of the exponential weighted moving average (EWMA) and mayfly optimization algorithm (MA). The type of ships is classified effectively utilizing deep residual neural network (DRN) and the network is trained by introducing the proposed political exponential mayfly optimization algorithm (PoEMO). © 2023 Taylor & Francis Group, LLC.","Deep convolutional neural network (CNN); deep residual network (DRN); exponential weighted moving average (EWMA); political optimizer (PO); remote sensing images (RSI)","Convolution; Convolutional neural networks; Deep neural networks; Image classification; Learning systems; Optimization; Radar imaging; Remote sensing; Synthetic aperture radar; Convolutional neural network; Deep convolutional neural network; Deep residual network; Exponential weighted moving average; Optimization algorithms; Optimizers; Political optimizer; Remote sensing image; Remote sensing images; Ships","S. Iwin Thanakumar Joseph; Department of Computer Science and Engineering, Koneru Lakshmaiah Education Foundation, Guntur, Andhra Pradesh, India; email: Thanakumar296@gmail.com","","Taylor and Francis Ltd.","01969722","","CYSYD","","English","Cybern Syst","Article","Final","","Scopus","2-s2.0-85145674833"
"Li, Z.; An, J.; Jia, H.; Fang, Y.","Li, Zhaohui (57188722051); An, Jintang (58220216200); Jia, Hongyu (23110830800); Fang, Yan (57886731800)","57188722051; 58220216200; 23110830800; 57886731800","Lightweight object detection model in remote sensing image by combining rotation box and attention mechanism; 结合旋转框和注意力机制的轻量遥感图像检测模型","2023","Journal of Image and Graphics","28","9","","2706","2718","4","10.11834/jig.220839","https://www.scopus.com/inward/record.uri?eid=2-s2.0-85172762785&doi=10.11834%2Fjig.220839&partnerID=40&md5=c7059261cef5a63d2c55e9069027e7a3","School of Maritime Economics and Management, Dalian Maritime University, Dalian, Liaoning, China","Li, Zhaohui, School of Maritime Economics and Management, Dalian Maritime University, Dalian, Liaoning, China; An, Jintang, School of Maritime Economics and Management, Dalian Maritime University, Dalian, Liaoning, China; Jia, Hongyu, School of Maritime Economics and Management, Dalian Maritime University, Dalian, Liaoning, China; Fang, Yan, School of Maritime Economics and Management, Dalian Maritime University, Dalian, Liaoning, China","Objective Remote sensing image object detection plays an important role in military security，maritime traffic supervision，intelligent monitoring，and other fields. Remote sensing images are different from natural images. Most remote sensing images are taken at altitudes ranging from several kilometers to tens of thousands of meters. Therefore，the scale of target objects in remote sensing images is large. Most of the target objects are small，such as small vehicles. The other target objects are huge，such as ships. The angles of the objects in the remote sensing images are distributed arbitrarily because of the shooting angle. Therefore，this scenario is a huge challenge for the feature extraction network in remote sensing image target detection，particularly in complex backgrounds. Given the continuous improvement in the computing power of hardware devices and the rapid development of deep learning theory，large and ultralarge object detection networks have been continuously proposed in recent years to improve detection accuracy. Although these detection networks have strong representation learning capabilities，they ignore the cost-effectiveness gained from the relationship of detection accuracy with model calculation amount and the number of parameters. Moreover，real-time detection requirements are difficult to achieve，and the number of parameters and amount of calculation are very limited in model deployment. In addition，most of the general target detection models are designed for natural field datasets. The detection effect in remote sensing image target detection is unsatisfactory，particularly for densely arranged objects. The traditional horizontal box object detection cannot achieve precise detection，such as ships in port and cars in parking lots. Aiming at the above problems，a lightweight rotating box remote sensing image object detection model（YOLO-RMV4）is designed. Method In the experiment，the open-source datasets DOTA2. 0，FAIR1M，and HRSC2016 are used as the basic datasets. Moreover，four common vehicles，including a ship，a plane，a small vehicle，and a large vehicle，are selected as objects. A aerial images of vehicle ship and plane（AVSP）dataset is prepared after preprocesses，such as filtering，segmentation，conversion，and relabeling，are performed. This dataset contains 19 406 images of 1 024 × 1 024 and 637 466 object instances. The AVSP data labels are divided into HBB and OBB（HBB is the horizontal box annotation，and OBB is the rotating box annotation），where OBB is represented by eight parameters. YOLO-RMV4 is improved based on the Mobile-Netv3 network. Adding an efficient channel attention（ECA）mechanism module with excellent performance in the feature extraction network，appropriately expanding the network scale，adding the SPPF module after the feature extraction network，and adding the path aggregation network（PANet）result in multiscale fusion of the extracted features of the backbone network，thereby providing the network with rich and reliable target features. In the network detection head，multiscale detection technology is used to deal with target objects of different sizes. More than half of the objects in the dataset are small targets. Thus，the detection after four times of downsampling is added，resulting in 4，8，16，and 32 times of downsampling. Moreover，the small target loss is given a high weight. The smooth circular label is added to the angle prediction in the detection head，which converts the angle regression problem into a classification problem. Thus，the distance between the predicted angle and the real angle can be measured，and the angle periodicity problem is solved. This scenario results in a precise bounding box positioning. Moreover，the anchor size is designed according to the characteristics of the dataset. We use random cropping，flipping，mosaic technique，and other data augmentation approaches in the training. Result In this study，we conduct comparative experiments，and ablation experiments are carried out on the AVSP dataset. We also conduct comparative experiments on seven mainstream lightweight network models to verify the effectiveness of the model. we used average recall（AR），mean average precision（mAP），parameter count，and detection speed（frames per second，FPS）as evaluation metrics. Each model’s parameters，such as mAP，AR，and FPS，are also compared. The size of YOLO-RMV4（5. 3 M）is only 1/8 of that of RYOLOv5l（45. 3 M）. Compared with the mAP and AR of RYOLOv5l，those of YOLO-RMV4 are increased by 1. 2% and 1. 6%，respectively. Moreover，the mAP and AR of YOLO-RMV4 are much higher than those of other lightweight network models（EfficientNet and ShuffleNet）. We also compress and prune YOLO-RMV4 to obtain YOLO-RMV4S，whose size is only 4. 5 M. YOLO-RMV4S is also better than common lightweight network models in terms of detection precision and recall. Ablation experiments were also conducted on each improved module to verify the improvement degree of model performance by different modules. The mAP increases by 8. 4% after the addition of PANet. PANet fuses the features of different layers. This phenomenon largely makes up for the defect of the limited feature extraction capability of the lightweight network. After the rotation detection head is added，the mAP increases by 16. 8%，greatly increasing the detection performance of the model. After the ECA module is added，the mAP increases by 1. 6%. The ECA module can accurately stimulate the backbone feature extraction network to utilize the limited capacity and the limited amount of parameters and learn the feature information of the target object. After the addition of four times of downsampling，the mAP increases by 3. 0%. The addition of four times of downsampling greatly enhances the performance of small target objects. One of the modules is also eliminated based on YOLO-RMV4. The performance degradation degree of the model is compared to reflect the unique role of each module in the model. Finally，the detection accuracy of each category is analyzed. The mAP and AR of the plane are the highest. Those of the ship and the large vehicle are the second，whereas those of the small vehicle are the lowest. Conclusion YOLO-RMV4 is supplemented by multiscale fusion and rotating box detection under the lightweight network structure. Thus，the model can achieve real-time inference and high-precision detection under extremely limited parameters，thereby making it very cost-effective. © 2023 AAAS Press of Chinese Society of Aeronautics and Astronautics. All rights reserved.","attention mechanism; deep learning; lightweight; multiscale feature fusion; remote sensing image; rotated box detection","","J. An; School of Maritime Economics and Management, Dalian Maritime University, Dalian, 116000, China; email: 1324468021@qq.com","","Editorial and Publishing Board of JIG","10068961","","","","Chinese","J. Image and Graphics","Article","Final","All Open Access; Bronze Open Access","Scopus","2-s2.0-85172762785"
"Zhang, Y.; Lu, D.; Qiu, X.; Li, F.","Zhang, Yipeng (57353664800); Lu, Dongdong (57376219900); Qiu, Xiaolan (18435166800); Li, Fei (58842575800)","57353664800; 57376219900; 18435166800; 58842575800","Scattering-Point-Guided RPN for Oriented Ship Detection in SAR Images","2023","Remote Sensing","15","5","1411","","","31","10.3390/rs15051411","https://www.scopus.com/inward/record.uri?eid=2-s2.0-85149985155&doi=10.3390%2Frs15051411&partnerID=40&md5=39e0cddffba5a1206955a75822e9450b","Processing and Application Technology, Suzhou Key Laboratory of Microwave Imaging, Suzhou, China; Aerospace Information Research Institute, Beijing, China; Aerospace Information Research Institute, Beijing, China; Electrical and Communication Engineering, University of Chinese Academy of Sciences, Beijing, China; Chinese Academy of Sciences, Beijing, Beijing, China","Zhang, Yipeng, Processing and Application Technology, Suzhou Key Laboratory of Microwave Imaging, Suzhou, China, Aerospace Information Research Institute, Beijing, China, Aerospace Information Research Institute, Beijing, China, Electrical and Communication Engineering, University of Chinese Academy of Sciences, Beijing, China; Lu, Dongdong, Processing and Application Technology, Suzhou Key Laboratory of Microwave Imaging, Suzhou, China, Aerospace Information Research Institute, Beijing, China; Qiu, Xiaolan, Processing and Application Technology, Suzhou Key Laboratory of Microwave Imaging, Suzhou, China, Aerospace Information Research Institute, Beijing, China, Aerospace Information Research Institute, Beijing, China, Chinese Academy of Sciences, Beijing, Beijing, China; Li, Fei, Processing and Application Technology, Suzhou Key Laboratory of Microwave Imaging, Suzhou, China, Aerospace Information Research Institute, Beijing, China, Aerospace Information Research Institute, Beijing, China","Ship detection in synthetic aperture radar (SAR) images has attracted widespread attention due to its significance and challenges. In recent years, numerous detectors based on deep learning have achieved good performance in the field of SAR ship detection. However, ship targets of the same type always have various representations in SAR images under different imaging conditions, while different types of ships may have a high degree of similarity, which considerably complicates SAR target recognition. Meanwhile, the ship target in the SAR image is also obscured by background and noise. To address these issues, this paper proposes a novel oriented ship detection method in SAR images named SPG-OSD. First, we propose an oriented two-stage detection module based on the scattering characteristics. Second, to reduce false alarms and missing ships, we improve the performance of the network by incorporating SAR scattering characteristics in the first stage of the detector. A scattering-point-guided region proposal network (RPN) is designed to predict possible key scattering points and make the regression and classification stages of RPN increase attention to the vicinity of key scattering points and reduce attention to background and noise. Third, supervised contrastive learning is introduced to alleviate the problem of minute discrepancies among SAR object classes. Region-of-Interest (RoI) contrastive loss is proposed to enhance inter-class distinction and diminish intra-class variance. Extensive experiments are conducted on the SAR ship detection dataset from the Gaofen-3 satellite, and the experimental results demonstrate the effectiveness of SPG-OSD and show that our method achieves state-of-the-art performance. © 2023 by the authors.","contrastive learning; deep-learning; scattering point; ship detection; synthetic aperture radar (SAR)","Deep learning; Image segmentation; Radar imaging; Radar target recognition; Ships; Tracking radar; Vehicle performance; Contrastive learning; Deep-learning; Degree of similarity; Imaging conditions; Performance; Scattering point; Ship detection; Ship targets; Synthetic aperture radar; Synthetic aperture radar images","D. Lu; Suzhou Key Laboratory of Microwave Imaging, Processing and Application Technology, Suzhou, 215128, China; email: ludongdong@tju.edu.cn","","MDPI","","9780891814184; 0891814183; 9780123694072","","","English","Remote Sens.","Article","Final","All Open Access; Gold Open Access; Green Accepted Open Access; Green Open Access","Scopus","2-s2.0-85149985155"
"Xiao, S.; Zhang, Y.; Chang, X.; Sun, J.","Xiao, Shuming (57222579743); Zhang, Ye (58610907000); Chang, Xuling (57196419611); Sun, Jianbo (57609481100)","57222579743; 58610907000; 57196419611; 57609481100","Ship detection oriented to compressive sensing measurements of space optical remote sensing scenes; 面 向 航 天 光 学 遥 感 场 景 压 缩 感 知 测 量 值 的舰 船 检 测","2023","Guangxue Jingmi Gongcheng/Optics and Precision Engineering","31","4","","517","532","6","10.37188/OPE.20233104.0517","https://www.scopus.com/inward/record.uri?eid=2-s2.0-85151658986&doi=10.37188%2FOPE.20233104.0517&partnerID=40&md5=a068941436ccfdab6d4d556179c3926f","Changchun Institute of Optics Fine Mechanics and Physics Chinese Academy of Sciences, Changchun, Jilin, China; University of Chinese Academy of Sciences, Beijing, China","Xiao, Shuming, Changchun Institute of Optics Fine Mechanics and Physics Chinese Academy of Sciences, Changchun, Jilin, China, University of Chinese Academy of Sciences, Beijing, China; Zhang, Ye, Changchun Institute of Optics Fine Mechanics and Physics Chinese Academy of Sciences, Changchun, Jilin, China, University of Chinese Academy of Sciences, Beijing, China; Chang, Xuling, Changchun Institute of Optics Fine Mechanics and Physics Chinese Academy of Sciences, Changchun, Jilin, China, University of Chinese Academy of Sciences, Beijing, China; Sun, Jianbo, Changchun Institute of Optics Fine Mechanics and Physics Chinese Academy of Sciences, Changchun, Jilin, China, University of Chinese Academy of Sciences, Beijing, China","The compressive sensing（CS）-based space optical remote-sensing（SORS）imaging system can simultaneously perform sampling and compression by using hardware at the sensing stage. The system must reconstruct the original scene during the ship detection task. The scene reconstruction process of CS is computationally expensive，memory intensive，and time-consuming. This paper proposes an algorithm named compressive sensing and improved you only look once（CS-IM-YOLO）for direct ship detection based on measurements obtained by the imaging system. To simulate the block compression sampling process of the imaging system，the convolution measurement layer with the same stride and convolution kernel size is used to perform the convolution operation on the scene，and the high-dimensional image signal is projected into the low-dimensional space to obtain the full-image CS measurements. After obtaining the measurements of the scene，the proposed ship detection network extracts the coordinates of the ship from the measurements. The squeeze-and-excitation Network（SENet）module is imported into the backbone network，and the improved backbone network is used to extract the ship feature information using the measurements. The feature pyramid network is used to enhance feature extraction while fusing the feature information of the shallow，middle，and deep layers，and then to complete predicting the ship's coordinates. CS-IM-YOLO especially connects the convolutional measurement layer and the CS based ship detection network for end-to-end training；this considerably simplifies the preprocessing process. We present an evaluation of the performance of the algorithm by using the HRSC2016 dataset. The experimental results show that the precision of CS-IM-YOLO for detection of ships via CS measurements in SORS scenes is 91. 60%，the recall is 87. 59%，the F1 value is 0. 90，and the AP value is 94. 13%. This demonstrates that the algorithm can perform accurate ship detection using the CS measurements of SORS scenes. © 2023 Chinese Academy of Sciences. All rights reserved.","compressive sensing; deep learning; joint training optimization; ship detection oriented to compressive sensing measurements","Convolution; Deep learning; Imaging systems; Optical remote sensing; Ships; Compressive sensing; Detection networks; Joint training optimization; Measurements of; Ship detection; Ship detection oriented to compressive sensing measurement; Training optimizations; Compressed sensing","Y. Zhang; Changchun Institute of Optics, Fine Mechanics and Physics, Chinese Academy of Sciences, Changchun, 130033, China; email: yolanda@spirits.ai","","Chinese Academy of Sciences","1004924X","","GJGOF","","Chinese","Guangxue Jingmi Gongcheng","Article","Final","All Open Access; Bronze Open Access","Scopus","2-s2.0-85151658986"
"Hua, Z.; Pan, G.; Gao, K.; Li, H.; Chen, S.","Hua, Zizheng (57196485359); Pan, Gaofeng (35194164800); Gao, Kun (57204363389); Li, Hengchao (24174798500); Chen, Su (57218912461)","57196485359; 35194164800; 57204363389; 24174798500; 57218912461","AF-OSD: An Anchor-Free Oriented Ship Detector Based on Multi-Scale Dense-Point Rotation Gaussian Heatmap","2023","Remote Sensing","15","4","1120","","","10","10.3390/rs15041120","https://www.scopus.com/inward/record.uri?eid=2-s2.0-85149200223&doi=10.3390%2Frs15041120&partnerID=40&md5=e4e83dafae09a4e432fa56b5d01fc5c2","School of Optics and Photonics, Beijing Institute of Technology, Beijing, China; School of Cyberspace Science and Technology, Beijing Institute of Technology, Beijing, China; School of Information Science and Technology, Southwest Jiaotong University, Chengdu, Sichuan, China","Hua, Zizheng, School of Optics and Photonics, Beijing Institute of Technology, Beijing, China; Pan, Gaofeng, School of Cyberspace Science and Technology, Beijing Institute of Technology, Beijing, China; Gao, Kun, School of Optics and Photonics, Beijing Institute of Technology, Beijing, China; Li, Hengchao, School of Information Science and Technology, Southwest Jiaotong University, Chengdu, Sichuan, China; Chen, Su, School of Optics and Photonics, Beijing Institute of Technology, Beijing, China","Due to the complexity of airborne remote sensing scenes, strong background and noise interference, positive and negative sample imbalance, and multiple ship scales, ship detection is a critical and challenging task in remote sensing. This work proposes an end-to-end anchor-free oriented ship detector (AF-OSD) framework based on a multi-scale dense-point rotation Gaussian heatmap (MDP-RGH) to tackle these aforementioned challenges. First, to solve the sample imbalance problem and suppress the interference of negative samples such as background and noise, the oriented ship is modeled via the proposed MDP-RGH according to its shape and direction to generate ship labels with more accurate information, while the imbalance between positive and negative samples is adaptively learned for the ships with different scales. Then, the AF-OSD based on MDP-RGH is further devised to detect the multi-scale oriented ship, which is the accurate identification and information extraction for multi-scale vessels. Finally, a multi-task object size adaptive loss function is designed to guide the training process, improving its detection quality and performance for multi-scale oriented ships. Simulation results show that extensive experiments on HRSC2016 and DOTA ship datasets reveal that the proposed method achieves significantly outperforms the compared state-of-the-art methods. © 2023 by the authors.","anchor-free; arbitrarily oriented ship detection; deep learning; Gaussian heatmap; multi-scale","Deep learning; Gaussian distribution; Remote sensing; Airborne remote sensing; Anchor-free; Arbitrarily oriented ship detection; Gaussian heatmap; Gaussians; Heatmaps; Multi-scales; Negative samples; Ship detection; Ships","K. Gao; School of Optics and Photonic, Beijing Institute of Technology, Beijing, 100811, China; email: gaokun@bit.edu.cn","","MDPI","","9780891814184; 0891814183; 9780123694072","","","English","Remote Sens.","Article","Final","All Open Access; Gold Open Access; Green Accepted Open Access; Green Open Access","Scopus","2-s2.0-85149200223"
"Ayesha, B.E.; Murthy, T.; Palamakula, P.R.; Kuchipudi, R.","Ayesha, Bibi Erum (58783767600); Murthy, T. Satyanarayana (56041063200); Palamakula, Ramesh Babu (57193722789); Kuchipudi, Ramu (57192542112)","58783767600; 56041063200; 57193722789; 57192542112","Ship Detection in Remote Sensing Imagery for Arbitrarily Oriented Object Detection","2023","Lecture Notes in Networks and Systems","782 LNNS","","","457","466","4","10.1007/978-981-99-6568-7_42","https://www.scopus.com/inward/record.uri?eid=2-s2.0-85180779774&doi=10.1007%2F978-981-99-6568-7_42&partnerID=40&md5=97bff13a1196e992524c9092085afbb8","Chaitanya Bharathi Institute of Technology, Hyderabad, TS, India","Ayesha, Bibi Erum, Chaitanya Bharathi Institute of Technology, Hyderabad, TS, India; Murthy, T. Satyanarayana, Chaitanya Bharathi Institute of Technology, Hyderabad, TS, India; Palamakula, Ramesh Babu, Chaitanya Bharathi Institute of Technology, Hyderabad, TS, India; Kuchipudi, Ramu, Chaitanya Bharathi Institute of Technology, Hyderabad, TS, India","It is quite difficult to locate ships in satellite images. Because ships are dispersed across the sea and in large ports, identifying them requires the processing of images from various remote sensing systems. The ability to recognize potential pirate threats correctly is vital to the mission's success. As a result, improving ship identification accuracy in marine surveillance systems makes a significant contribution. We present a novel deep learning strategy based on the You Only Look Once v7 (YOLOv7) deep learning architecture as part of this research. Furthermore, rotation can be detected using the YOLO detection technique without the need for angle regression. To summarize, we offer a method for simultaneously recognizing numerous remote sensing photographs exploiting the strengths of our fully convolutional lightweight network. It outperformed other algorithms by a substantial margin on both the publicly accessible HRSC2016 dataset and our own private large-area remote sensing (LARS) image collection, and it did so at an unparalleled rate. © 2023, The Author(s), under exclusive license to Springer Nature Singapore Pte Ltd.","DCNDarknet25; LARS; Yolov7","Deep learning; Large dataset; Learning systems; Object detection; Object recognition; Ships; Dcndarknet25; Large-area remote sensing; Mission success; Objects detection; Remote sensing imagery; Remote sensing system; Remote-sensing; Satellite images; Ship detection; Yolov7; Remote sensing","B.E. Ayesha; Chaitanya Bharathi Institute of Technology(A), Hyderabad, India; email: erumayesha11@gmail.com","Fong, S.; Dey, N.; Joshi, A.","Springer Science and Business Media Deutschland GmbH","23673370","9789819652372; 9783031931055; 9789819662968; 9783031999963; 9783031950162; 9783031947698; 9783032004406; 9783031910074; 9783032066671; 9783031926105","","","English","Lect. Notes Networks Syst.","Conference paper","Final","","Scopus","2-s2.0-85180779774"
"Zhao, N.; Shi, J.; Zhang, H.; Jiang, Z.","Zhao, Ning (57323789600); Shi, Jiawei (57214073877); Zhang, Haopeng (54788751800); Jiang, Zhiguo (35336923600)","57323789600; 57214073877; 54788751800; 35336923600","Rotated Ship Detection Based On Dense Points in High Resolution Remote Sensing Images","2023","International Geoscience and Remote Sensing Symposium (IGARSS)","2023-July","","","5531","5534","0","10.1109/IGARSS52108.2023.10283262","https://www.scopus.com/inward/record.uri?eid=2-s2.0-85178081807&doi=10.1109%2FIGARSS52108.2023.10283262&partnerID=40&md5=c68cc1353bd19d49f68b5882833d72cd","Beihang University, Beijing, China; China Academy of Space Technology, Beijing, China","Zhao, Ning, Beihang University, Beijing, China, China Academy of Space Technology, Beijing, China; Shi, Jiawei, China Academy of Space Technology, Beijing, China; Zhang, Haopeng, Beihang University, Beijing, China; Jiang, Zhiguo, Beihang University, Beijing, China","The rapid development of remote sensing technology has provided convenient conditions for obtaining abundant research data. The use of visible light remote sensing images for ship detection has profound significance in the fields of port management, maritime rescue, and military investigation. Our paper focuses on the shortcomings of current way of ship positioning expression and uses deep learning to study the rotated ship detection task. A kind of ship detection algorithm based on dense points related to the position of ships is proposed to solve the problem of angle boundary and vertex sorting ambiguity in current rotated object detection methods. Our method achieves 92.4 mAP on the HRSC2016 dataset, ranking among the top in similar studies. © 2023 IEEE.","deep learning; dense points; remote sensing images; rotated ship detection","","H. Zhang; Beihang University, School of Astronautics, Beijing, 102206, China; email: zhanghaopeng@buaa.edu.cn","","Institute of Electrical and Electronics Engineers Inc.","21536996","1424412129; 0780312406; 9780780390508; 9798350320107; 9781728163741; 9781424495658; 9781665427920; 9781479911141; 9781479957750; 9781479979295","IGRSE","","English","Dig Int Geosci Remote Sens Symp (IGARSS)","Conference paper","Final","","Scopus","2-s2.0-85178081807"
"Wang, H.; Liu, S.; Lv, Y.; Li, S.","Wang, Han (59076180900); Liu, Silei (58663704700); Lv, Yixuan (58303770000); Li, Shengyang (14031768000)","59076180900; 58663704700; 58303770000; 14031768000","Scattering Information Fusion Network for Oriented Ship Detection in SAR Images","2023","IEEE Geoscience and Remote Sensing Letters","20","","4013105","","","17","10.1109/LGRS.2023.3324933","https://www.scopus.com/inward/record.uri?eid=2-s2.0-85174801298&doi=10.1109%2FLGRS.2023.3324933&partnerID=40&md5=9489db4867807f9580c27e8ba3a9d367","Key Laboratory of Space Utilization, Technology and Engineering Center for Space Utilization, Beijing, China; School of Aeronautics and Astronautics, University of Chinese Academy of Sciences, Beijing, China","Wang, Han, Key Laboratory of Space Utilization, Technology and Engineering Center for Space Utilization, Beijing, China, School of Aeronautics and Astronautics, University of Chinese Academy of Sciences, Beijing, China; Liu, Silei, Key Laboratory of Space Utilization, Technology and Engineering Center for Space Utilization, Beijing, China, School of Aeronautics and Astronautics, University of Chinese Academy of Sciences, Beijing, China; Lv, Yixuan, Key Laboratory of Space Utilization, Technology and Engineering Center for Space Utilization, Beijing, China; Li, Shengyang, Key Laboratory of Space Utilization, Technology and Engineering Center for Space Utilization, Beijing, China, School of Aeronautics and Astronautics, University of Chinese Academy of Sciences, Beijing, China","Synthetic aperture radar (SAR) image ship detection is a popular area of ocean remote sensing, which has broad application prospects in ocean monitoring, maritime rescue, and other tasks. Recently, deep learning has been used in this field, but convolutional neural network (CNN)-based SAR ship detection still faces some challenges. First, due to the characteristic of CNN's local convolution, the global information of the ship is not sufficiently learned and the detection is vulnerable to complex background interference. Second, SAR ship imaging varies greatly under different imaging conditions and postures, so CNN is difficult to adapt to scattering change imaging. To solve these problems, we propose a scattering information fusion network (SIFNet) for oriented ship detection in SAR images consisting of a multiscale contextual semantic information fusion (MCSIF) module and a scattering points information learning (SPIL) module. The MCSIF module enhances the acquisition of global information, enabling the network to extract more efficient feature maps. The SPIL module takes advantage of the fact that scattering points can stably represent the key features of the ship under different imaging conditions to make detection more robust through scattering information learning. Experiments show that our method achieves the highest F1-score and AP50 on both high-resolution SAR images dataset (HRSID) and rotated ship detection dataset in SAR image (RSDD-SAR) datasets. © 2004-2012 IEEE.","Deep learning; oriented ship detection; scattering information; synthetic aperture radar (SAR)","Convolution; Deep learning; Feature extraction; Image fusion; Information fusion; Neural networks; Radar imaging; Remote sensing; Semantics; Ships; Tracking radar; Convolutional neural network; Features extraction; Marine vehicles; Oriented ship detection; Radar polarimetry; Scattering information; Ship detection; Synthetic aperture radar; Synthetic aperture radar images; data acquisition; detection method; machine learning; satellite imagery; shipborne measurement; synthetic aperture radar","S. Li; Chinese Academy of Sciences, Technology and Engineering Center for Space Utilization, The Key Laboratory of Space Utilization, Beijing, 100094, China; email: shyli@csu.ac.cn","","Institute of Electrical and Electronics Engineers Inc.","1545598X","","","","English","IEEE Geosci. Remote Sens. Lett.","Article","Final","","Scopus","2-s2.0-85174801298"
"Chen, C.; Zeng, W.; Zhang, X.; Zhou, Y.","Chen, Chengcheng (57961341800); Zeng, Weiming (13605397000); Zhang, Xiliang (57820748100); Zhou, Yuhao (57455928400)","57961341800; 13605397000; 57820748100; 57455928400","CSnNet: A Remote Sensing Detection Network Breaking the Second-Order Limitation of Transformers With Recursive Convolutions","2023","IEEE Transactions on Geoscience and Remote Sensing","61","","4207315","","","27","10.1109/TGRS.2023.3312452","https://www.scopus.com/inward/record.uri?eid=2-s2.0-85171561846&doi=10.1109%2FTGRS.2023.3312452&partnerID=40&md5=2b5cad3f42d746a345a447a0eb095fe0","Lab of Digital Image and Intelligent Computation, Shanghai Maritime University, Shanghai, China; College of Information Engineering, Shanghai Maritime University, Shanghai, China; College of Software Engineering, Tongji University, Shanghai, China","Chen, Chengcheng, Lab of Digital Image and Intelligent Computation, Shanghai Maritime University, Shanghai, China; Zeng, Weiming, Lab of Digital Image and Intelligent Computation, Shanghai Maritime University, Shanghai, China; Zhang, Xiliang, College of Information Engineering, Shanghai Maritime University, Shanghai, China; Zhou, Yuhao, College of Software Engineering, Tongji University, Shanghai, China","In recent years, Transformer-based networks, known for their ability to model long-range dependencies, have been widely used in downstream computer vision tasks, surpassing certain neural network architectures. However, Transformer-based networks suffer from issues, such as large parameter size, high-computational complexity (CC), and difficulties in extending spatial and channel features to the third or even higher orders, resulting in convergence challenges for small- to medium-sized datasets and limited effectiveness in extracting high-order detailed features. In this article, we propose a high-order spatial and channel controllable convolution module, named CSn, which can replace standard convolutions in any convolutional network. In the context of remote sensing small object detection, CSn demonstrates superior performance compared with self-attention structures embedded in neural networks. Moreover, it introduces long-range dependency relationships among pixels, similar to self-attention, and adopts a cascaded recursive approach to extend spatial and channel features to arbitrary higher orders without introducing significant additional computation. This extension captures crucial information from high-order spatial and channel dimensions, resulting in improved accuracy for small object detection. In addition, we construct a novel, versatile CSn -[feature pyramid network (FPN) + path aggregation network (PAN)] structure for object detection networks, referred to as CSn Net. Finally, our proposed model exhibits significant advantages in remote sensing detection when compared with state-of-the-art methods on publicly available synthetic aperture radar (SAR) datasets [SAR ship detection dataset (SSDD) and high resolution SAR images dataset (HRSID)] and optical remote sensing dataset [Northwestern Polytechnical University very-high-resolution-10 dataset (NWPU-10)], achieving respective improvements of 3.4%, 4.5%, and 0.4% in mAP50 compared with baseline models. © 1980-2012 IEEE.","Convolutional neural networks (CNNs); feature aggregation; high-order feature interaction; remote sensing target detection; Transformer architecture","Convolution; Job analysis; Network architecture; Neural networks; Object detection; Object recognition; Optical remote sensing; Computational modelling; Convolutional neural network; Feature aggregation; Feature interactions; Features extraction; High-order; High-order feature interaction; Higher-order; Objects detection; Remote sensing target detection; Remote-sensing; Targets detection; Task analysis; Transformer; Transformer architecture; Feature extraction; accuracy assessment; artificial neural network; computer vision; remote sensing; satellite data","W. Zeng; Shanghai Maritime University, Digital Imaging and Intelligent Computing Laboratory, Shanghai, 201306, China; email: zengwm86@163.com","","Institute of Electrical and Electronics Engineers Inc.","01962892","","IGRSD","","English","IEEE Trans Geosci Remote Sens","Article","Final","","Scopus","2-s2.0-85171561846"
"Cui, Y.","Cui, Yinzhe (57973741400)","57973741400","Optical Remote Sensing Ship Object Detector Based on Improved GWD","2023","","","","","160","165","1","10.1109/EEBDA56825.2023.10090822","https://www.scopus.com/inward/record.uri?eid=2-s2.0-85154545870&doi=10.1109%2FEEBDA56825.2023.10090822&partnerID=40&md5=baddcae133ce06d85fdb43fcc1949447","Beijing University of Chemical Technology, Beijing, China","Cui, Yinzhe, Beijing University of Chemical Technology, Beijing, China","In recent years, with the continuous development of remote sensing ship object detection technology, object detection technology based on the horizontal bounding box has made huge progress. However, in the optical remote sensing ship image dataset, the ship orientations are different and densely arranged, thus the horizontal bounding box is not suitable for this situation. Therefore, in order to solve the problem that the horizontal bounding boxes cannot accurately detect rotated ships, this paper proposes a remote sensing ship object detector based on IGWD (an improved Gaussian Wasserstain distance network), which adopts the data augmentation strategy of Cutout to simulate the situation where ships are occluded by clouds and fog, and improve the detection robustness of the overall network. To give a differentiable mathematical model to serve for BP algorithm for the positioning of rotated rectangle boxes, a loss model GWD (Gaussian Wasserstain distance) based on the Gaussian Wasserstain distance is used to simulate the deviation of the positions of two rotated rectangle boxes. In addition, this paper also introduces deformable convolutional networks in the backbone for arbitrarily oriented ships detection. Many ablation studies show that our method can achieve excellent performance on the famous ship dataset HRSC2016. © 2023 IEEE.","Data Augmentation; Deep Learning; Deformable Convolution; GWD (Gaussian Wasserstain distance); Rotated Detector; Ship Detection","Convolution; Deep learning; Gaussian distribution; Object detection; Object recognition; Optical remote sensing; Rotation; Bounding-box; Data augmentation; Deformable convolution; Gaussian wasserstain distance; Gaussians; Object detectors; Rotated detector; Ship detection; Ships","Y. Cui; Beijing University of Chemical Technology, Beijing, China; email: 2019040277@buct.edu.cn","","Institute of Electrical and Electronics Engineers Inc.","","9781665462532","","","English","IEEE Int. Conf. Electr. Eng., Big Data Algorithms, EEBDA","Conference paper","Final","","Scopus","2-s2.0-85154545870"
"Pan, C.; Li, R.; Liu, W.; Lu, W.; Niu, C.; Bao, Q.","Pan, Chaofan (57280386600); Li, Runsheng (55491374200); Liu, Wei (56459151400); Lu, Wanjie (57202707903); Niu, Chaoyang (14032011000); Bao, Quanfu (58195666600)","57280386600; 55491374200; 56459151400; 57202707903; 14032011000; 58195666600","Remote Sensing Image Ship Detection Based on Dynamic Adjusting Labels Strategy","2023","IEEE Transactions on Geoscience and Remote Sensing","61","","4702621","","","10","10.1109/TGRS.2023.3268330","https://www.scopus.com/inward/record.uri?eid=2-s2.0-85153535733&doi=10.1109%2FTGRS.2023.3268330&partnerID=40&md5=3b31fa8d13184ed7a4c9635712b8b7fd","School of Data and Target Engineering, Information Engineering University China, Zhengzhou, Henan, China; China Aviation Remote Sensing Service Corporation, Beijing, China","Pan, Chaofan, School of Data and Target Engineering, Information Engineering University China, Zhengzhou, Henan, China; Li, Runsheng, School of Data and Target Engineering, Information Engineering University China, Zhengzhou, Henan, China; Liu, Wei, School of Data and Target Engineering, Information Engineering University China, Zhengzhou, Henan, China; Lu, Wanjie, School of Data and Target Engineering, Information Engineering University China, Zhengzhou, Henan, China; Niu, Chaoyang, School of Data and Target Engineering, Information Engineering University China, Zhengzhou, Henan, China; Bao, Quanfu, China Aviation Remote Sensing Service Corporation, Beijing, China","Remote sensing ship detection is a hotspot in computer vision, which is vital in both military and civilian fields. Nevertheless, the arbitrary orientation and dense arrangement of ship targets impose significant challenges in high-precision detection. Although research on this problem has progressed, high-precision detection is still limited by angular prediction accuracy. To tackle this issue, we start with angle prediction and propose a dynamic adjusting labels (DAL) strategy based on binary coded label (BCL). DAL strategy dynamically adjusts the ground-truth coded labels in the training process to guide angle coding for tendency learning. This strengthens the coupling between the angle coding bits and improves the performance of small granularity intervals. Due to the angle interval granularity difference, the learning difficulty of the coding layers and the convergence speed vary significantly. Aiming at this problem, we add a gradient truncation mechanism to each coding bit loss. The mechanism can effectively balance the coding layers' learning strength and enhance the model's training emphasis on coding bits corresponding to small granularity intervals, thus avoiding the effect of coding bits learning imbalance on angle prediction. Extensive experiments based on three public datasets demonstrate our method's superiority in high-precision detection and the state-of-the-art performance. Our code is available at https://github.com/lirunsheng2008/SDALS. © 1980-2012 IEEE.","Angle coding bits; arbitrary orientation; dense arrangement; gradient truncation mechanism; remote sensing images; ship detection","Feature extraction; Forecasting; Object recognition; Remote sensing; Ships; Signal encoding; Angle coding; Angle coding bit; Arbitrary orientation; Dense arrangement; Encodings; Features extraction; Gradient truncation mechanism; Marine vehicles; Objects detection; Programmable logic array; Remote sensing images; Remote-sensing; Ship detection; Truncation mechanisms; Object detection; computer vision; detection method; machine learning; remote sensing; ship motion","R. Li; Pla Strategic Support Force Information Engineering University, School of Data and Target Engineering, Zhengzhou, 450001, China; email: lirunsheng27@163.com","","Institute of Electrical and Electronics Engineers Inc.","01962892","","IGRSD","","English","IEEE Trans Geosci Remote Sens","Article","Final","","Scopus","2-s2.0-85153535733"
"Wang, L.; Zhang, J.; Tian, J.; Li, J.; Zhuo, L.; Tian, Q.","Wang, Liuqian (59290142600); Zhang, Jing (55720152700); Tian, Jimiao (57217150353); Li, Jiafeng (35111290700); Zhuo, Li (55568078600); Tian, Qi (57209993060)","59290142600; 55720152700; 57217150353; 35111290700; 55568078600; 57209993060","Efficient Fine-Grained Object Recognition in High-Resolution Remote Sensing Images From Knowledge Distillation to Filter Grafting","2023","IEEE Transactions on Geoscience and Remote Sensing","61","","4701016","","","23","10.1109/TGRS.2023.3260883","https://www.scopus.com/inward/record.uri?eid=2-s2.0-85151522551&doi=10.1109%2FTGRS.2023.3260883&partnerID=40&md5=2b8c6025ee69fa73157848449c90789c","Faculty of Information Technology, Beijing University of Technology, Beijing, China; Beijing Key Laboratory of Computational Intelligence and Intelligent System, Beijing, Beijing, China; Cloud & AI, Huawei Technologies Co., Ltd., Shenzhen, Guangdong, China","Wang, Liuqian, Faculty of Information Technology, Beijing University of Technology, Beijing, China, Beijing Key Laboratory of Computational Intelligence and Intelligent System, Beijing, Beijing, China; Zhang, Jing, Faculty of Information Technology, Beijing University of Technology, Beijing, China, Beijing Key Laboratory of Computational Intelligence and Intelligent System, Beijing, Beijing, China; Tian, Jimiao, Faculty of Information Technology, Beijing University of Technology, Beijing, China, Beijing Key Laboratory of Computational Intelligence and Intelligent System, Beijing, Beijing, China; Li, Jiafeng, Faculty of Information Technology, Beijing University of Technology, Beijing, China, Beijing Key Laboratory of Computational Intelligence and Intelligent System, Beijing, Beijing, China; Zhuo, Li, Faculty of Information Technology, Beijing University of Technology, Beijing, China, Beijing Key Laboratory of Computational Intelligence and Intelligent System, Beijing, Beijing, China; Tian, Qi, Cloud & AI, Huawei Technologies Co., Ltd., Shenzhen, Guangdong, China","With the development of high-resolution remote sensing images (HR-RSIs) and the escalating demand for intelligent analysis, fine-grained recognition of geospatial objects has become a more practical and challenging task. Although deep learning-based object recognition has achieved superior performance, it is inflexible to be directly utilized to the fine-grained object recognition (FGOR) tasks of HR-RSIs under the limitation of the size of geospatial objects. An efficient fine-grained object recognition method in HR-RSIs from knowledge distillation (KL) to filter grafting is proposed. Specifically, fine-grained object recognition consists of two stages: Stage 1 utilizes oriented region convolutional neural network (oriented R-CNN) to accurately locate and preliminarily classify geospatial objects. At the same time, it serves as a teacher network to guide students' effective learning of fine-grained object recognition; in Stage 2, we design a coarse-to-fine object recognition network (CF-ORNet), as the second teacher network, which realizes fine-grained recognition through feature learning and category correction. After that, we propose a lightweight model from knowledge distillation to filter grafting on two teacher networks to achieve efficient fine-grained object recognition. The experimental results on Vehicle Detection in Aerial Imagery (VEDAI) and HR Ship Collection 2016 (HRSC2016) datasets achieve competitive performance. © 1980-2012 IEEE.","Coarse-to-fine object recognition network (CF-ORNet); filter grafting; fine-grained object recognition (FGOR); high-resolution remote sensing image (HR-RSI); knowledge distillation","Bandpass filters; Deep learning; Distillation; Grafting (chemical); Image analysis; Image recognition; Neural networks; Object recognition; Remote sensing; Teaching; CF-ornet1; Computational modelling; Features extraction; Filter grafting; Fine grained; Fine-grained object recognition; Geo-spatial analysis; High-resolution remote sensing images; Knowledge distillation; Objects recognition; Feature extraction; genetic algorithm; image resolution; network analysis; remote sensing; satellite imagery","J. Zhang; Beijing University of Technology, Faculty of Information Technology, Beijing, Chaoyang, 100124, China; email: zhj@bjut.edu.cn","","Institute of Electrical and Electronics Engineers Inc.","01962892","","IGRSD","","English","IEEE Trans Geosci Remote Sens","Article","Final","","Scopus","2-s2.0-85151522551"
"Li, Y.; Bian, C.; Chen, H.","Li, Yangfan (57670000100); Bian, Chunjiang (55598820200); Chen, Hongzhen (57192534540)","57670000100; 55598820200; 57192534540","Dynamic Soft Label Assignment for Arbitrary-Oriented Ship Detection","2023","IEEE Journal of Selected Topics in Applied Earth Observations and Remote Sensing","16","","","1160","1170","14","10.1109/JSTARS.2022.3233081","https://www.scopus.com/inward/record.uri?eid=2-s2.0-85146215487&doi=10.1109%2FJSTARS.2022.3233081&partnerID=40&md5=e007244119f764457b664460e3e005f1","Key Laboratory of Electronics and Information Technology for Space Systems, National Space Science Center, Beijing, China; School of Computer Science and Technology, University of Chinese Academy of Sciences, Beijing, China","Li, Yangfan, Key Laboratory of Electronics and Information Technology for Space Systems, National Space Science Center, Beijing, China, School of Computer Science and Technology, University of Chinese Academy of Sciences, Beijing, China; Bian, Chunjiang, Key Laboratory of Electronics and Information Technology for Space Systems, National Space Science Center, Beijing, China; Chen, Hongzhen, Key Laboratory of Electronics and Information Technology for Space Systems, National Space Science Center, Beijing, China","Ship detection with several military and civilian applications has drawn considerable attention in recent years. In remote sensing images, ships have the characteristics of arbitrary orientation. Based on the characteristics, many arbitrary-oriented ship detectors have been proposed. Most of these detectors preset many horizontal or rotated anchors and determine the positive and negative samples based on the intersection over union (IoU) between the anchor and ground-Truth bounding box, in what is called the label assignment process. However, IoU performance is limited as it can only reflect the quality of the anchor to a certain extent. In addition, the manually fixed IoU threshold to separate the positive and negative limits the flexibility of the method, as different ships may have different optimal thresholds. Moreover, the equally weighted training samples cause a misalignment between the classification and regression heads. Therefore, we propose a dynamic soft label assignment method for arbitrary-oriented ship detection. First, we design a novel anchor quality score function that takes into account both prior and prediction information of the anchor and enables the model to participate in the label assignment process. Second, we propose a dynamic anchor quality score threshold instead of a fixed IoU threshold for dividing positive and negative samples. Third, in contrast to assigning equal weights, we propose a soft label assignment strategy to weigh the training samples in the loss function. The proposed method offers superior detection performances for arbitrary-oriented ships with only one horizontal preset anchor. Experimental results on HRSC2016, FGSD, and ShipRSImageNet datasets demonstrate the effectiveness of our proposed dynamic soft label assignment for arbitrary-oriented ship detection. © 2008-2012 IEEE.","Deep learning; label assignment; remote sensing images; ship detection","Deep learning; Feature extraction; Military applications; Object detection; Object recognition; Quality control; Sampling; Ships; Features extraction; Head; Label assignment; Marine vehicles; Objects detection; Remote sensing images; Remote-sensing; Ship detection; Soft labels; Remote sensing; anchor; classification; detection method; image analysis; machine learning; model test; performance assessment; remote sensing; ship technology; threshold","C. Bian; Chinese Academy of Sciences, Key Laboratory of Electronics and Information Technology for Space Systems, National Space Science Center, Beijing, 100190, China; email: bianchunjiang@nssc.ac.cn","","Institute of Electrical and Electronics Engineers Inc.","19391404","","","","English","IEEE J. Sel. Top. Appl. Earth Obs. Remote Sens.","Article","Final","All Open Access; Gold Open Access; Green Accepted Open Access; Green Open Access","Scopus","2-s2.0-85146215487"
"Zhang, J.; Huang, R.; Li, Y.; Pan, B.","Zhang, Jun (57196384015); Huang, Ruofei (57930099400); Li, Yan (58448479500); Pan, Bin (56421342100)","57196384015; 57930099400; 58448479500; 56421342100","Oriented Ship Detection Based on Intersecting Circle and Deformable RoI in Remote Sensing Images","2022","Remote Sensing","14","19","4749","","","9","10.3390/rs14194749","https://www.scopus.com/inward/record.uri?eid=2-s2.0-85139960991&doi=10.3390%2Frs14194749&partnerID=40&md5=bb22f43336894a2b9decdcf39e4b18b6","School of Artificial Intelligence, Hebei University of Technology, Tianjin, China; Hebei Engineering Research Center of Data-Driven Industrial Intelligent, Tianjin, China; School of Statistics and Data Science, Nankai University, Tianjin, China","Zhang, Jun, School of Artificial Intelligence, Hebei University of Technology, Tianjin, China, Hebei Engineering Research Center of Data-Driven Industrial Intelligent, Tianjin, China; Huang, Ruofei, School of Artificial Intelligence, Hebei University of Technology, Tianjin, China, Hebei Engineering Research Center of Data-Driven Industrial Intelligent, Tianjin, China; Li, Yan, School of Artificial Intelligence, Hebei University of Technology, Tianjin, China, Hebei Engineering Research Center of Data-Driven Industrial Intelligent, Tianjin, China; Pan, Bin, School of Statistics and Data Science, Nankai University, Tianjin, China","Ship detection is an important topic in the task of understanding remote sensing images. One of the challenges for ship detection is the large length–width ratio of ships, which may weaken the feature extraction ability. Simultaneously, ships inclining in any direction is also a challenge for ship detection in remote sensing images. In this paper, a novel Oriented Ship detection method is proposed based on an intersecting Circle and Deformable region of interest (OSCD-Net), which aims at describing the characteristics of a large length–width ratio and arbitrary direction. OSCD-Net is composed of two modules: an intersecting circle rotated detection head (ICR-head) and a deformable region of interest (DRoI). The ICR-head detects a horizontal bounding box and an intersecting circle to obtain an oriented bounding box. DRoI performs three RoIAlign with different pooled sizes for each feature candidate region. In addition, the DRoI module uses transformation and deformation operations to pay attention to ship feature information and align feature shapes. OSCD-Net shows promising performance on public remote sensing image datasets. © 2022 by the authors.","deep learning; object detection; oriented bounding box; remote sensing image; ship detection","Deep learning; Deformation; Feature extraction; Image segmentation; Object recognition; Remote sensing; Ships; Detection methods; Features extraction; Length-width ratios; Objects detection; Oriented bounding box; Region-of-interest; Regions of interest; Remote sensing images; Ship detection; Object detection","B. Pan; School of Statistics and Data Science, Nankai University, Tianjin, 300071, China; email: panbin@nankai.edu.cn","","MDPI","","9780891814184; 0891814183; 9780123694072","","","English","Remote Sens.","Article","Final","All Open Access; Gold Open Access; Green Accepted Open Access; Green Open Access","Scopus","2-s2.0-85139960991"
"Xie, F.; Luo, H.; Li, S.; Liu, Y.; Lin, B.","Xie, Fang (57289748600); Luo, Hao (35280199900); Li, Shaoqian (57255375100); Liu, Yingchun (57204148162); Lin, Baojun (7403508299)","57289748600; 35280199900; 57255375100; 57204148162; 7403508299","Using Clean Energy Satellites to Interpret Imagery: A Satellite IoT Oriented Lightweight Object Detection Framework for SAR Ship Detection","2022","Sustainability (Switzerland)","14","15","9277","","","8","10.3390/su14159277","https://www.scopus.com/inward/record.uri?eid=2-s2.0-85137235953&doi=10.3390%2Fsu14159277&partnerID=40&md5=4b3a5e0ee580f0c82354ff6985857596","Aerospace Information Research Institute, Beijing, China; University of Chinese Academy of Sciences, Beijing, China; Innovation Academy for Microsatellites of CAS, Shanghai, China; Shanghai Engineering Center for Microsatellites, Shanghai, Shanghai, China; School of Aeronautics and Astronautics, Zhejiang University, Hangzhou, Zhejiang, China; School of Information Science and Technology, ShanghaiTech University, Shanghai, China","Xie, Fang, Aerospace Information Research Institute, Beijing, China, University of Chinese Academy of Sciences, Beijing, China, Innovation Academy for Microsatellites of CAS, Shanghai, China, Shanghai Engineering Center for Microsatellites, Shanghai, Shanghai, China; Luo, Hao, School of Aeronautics and Astronautics, Zhejiang University, Hangzhou, Zhejiang, China; Li, Shaoqian, Aerospace Information Research Institute, Beijing, China, University of Chinese Academy of Sciences, Beijing, China, Innovation Academy for Microsatellites of CAS, Shanghai, China, Shanghai Engineering Center for Microsatellites, Shanghai, Shanghai, China; Liu, Yingchun, University of Chinese Academy of Sciences, Beijing, China, Innovation Academy for Microsatellites of CAS, Shanghai, China, Shanghai Engineering Center for Microsatellites, Shanghai, Shanghai, China; Lin, Baojun, Aerospace Information Research Institute, Beijing, China, University of Chinese Academy of Sciences, Beijing, China, Innovation Academy for Microsatellites of CAS, Shanghai, China, Shanghai Engineering Center for Microsatellites, Shanghai, Shanghai, China, School of Information Science and Technology, ShanghaiTech University, Shanghai, China","This paper studies the lightweight deep learning object detection algorithm to detect ship targets in SAR images that can be deployed on-orbit and accessed in the space-based IoT. Traditionally, remote sensing data must be transferred to the ground for processing. With the vigorous development of the commercial aerospace industry, computing, and high-speed laser inter-satellite link technologies, the interconnection of everything in the intelligent world has become an irreversible trend. Satellite remote sensing has entered the era of a big data link with IoT. On-orbit interpretation gives remote sensing images expanse application space. However, implementing on-orbit high-performance computing (HPC) is difficult; it is limited by the power and computer resource consumption of the satellite platform. Facing this challenge, building a processing algorithm with less computational complexity, less parameter quantity, high precision, and low computational power consumption is a key issue. In this paper, we propose a lightweight end-to-end SAR ship detector fused with the vision transformer encoder: YOLO−ViTSS. The experiment shows that YOLO−ViTSS has lightweight features, the model size is only 1.31 MB; it has anti-noise capability is suitable for processing SAR remote sensing images with native noise, and it also has high performance and low training energy consumption with 96.6 mAP on the SSDD dataset. These characteristics make YOLO−ViTSS suitable for porting to satellites for on-orbit processing and online learning. Furthermore, the ideas proposed in this paper help to build a cleaner and a more efficient new paradigm for remote sensing image interpretation. Migrating HPC tasks performed on the ground to on-orbit satellites and using solar energy to complete computing tasks is a more environmentally friendly option. This environmental advantage will gradually increase with the current construction of large-scale satellite constellations. The scheme proposed in this paper helps to build a novel real-time, eco-friendly, and sustainable SAR image interpretation mode. © 2022 by the authors.","eco-friendly IoT; lightweight deep learning algorithms; ship detection; synthetic aperture radar; vision transformer; YOLOv5","Internet; remote sensing; satellite data; satellite imagery; ship technology; synthetic aperture radar","F. Xie; Aerospace Information Research Institute, Chinese Academy of Sciences, Beijing, 100094, China; email: xief@microsate.com; B. Lin; Aerospace Information Research Institute, Chinese Academy of Sciences, Beijing, 100094, China; email: linbaojun@aoe.ac.cn","","MDPI","20711050","","","","English","Sustainability","Article","Final","All Open Access; Gold Open Access; Green Accepted Open Access; Green Open Access","Scopus","2-s2.0-85137235953"
"Chan, S.; Zheng, J.; Wang, L.; Wang, T.; Zhou, X.; Xu, Y.; Fang, K.","Chan, Sixian (57188979700); Zheng, Jingcheng (57575849600); Wang, Lina (58852616900); Wang, Tingting (57221962591); Zhou, Xiaolong (55743240400); Xu, Yingkun (58459755300); Fang, Kai (58930733700)","57188979700; 57575849600; 58852616900; 57221962591; 55743240400; 58459755300; 58930733700","Rotating object detection in remote-sensing environment","2022","Soft Computing","26","16","","8037","8045","8","10.1007/s00500-022-07058-z","https://www.scopus.com/inward/record.uri?eid=2-s2.0-85128202328&doi=10.1007%2Fs00500-022-07058-z&partnerID=40&md5=e8397436926eab392797b05454a1b583","College of Computer Science and Technology, Zhejiang University of Technology, Hangzhou, Zhejiang, China; Southeast Digital Economic Development Institute, Hangzhou, China; Faculty of Information Technology, Macau University of Science and Technology, Taipa, Macao; College of Electrical and Information Engineering, Quzhou University, Quzhou, Zhejiang, China","Chan, Sixian, College of Computer Science and Technology, Zhejiang University of Technology, Hangzhou, Zhejiang, China; Zheng, Jingcheng, College of Computer Science and Technology, Zhejiang University of Technology, Hangzhou, Zhejiang, China; Wang, Lina, Southeast Digital Economic Development Institute, Hangzhou, China; Wang, Tingting, Faculty of Information Technology, Macau University of Science and Technology, Taipa, Macao; Zhou, Xiaolong, College of Electrical and Information Engineering, Quzhou University, Quzhou, Zhejiang, China; Xu, Yingkun, College of Computer Science and Technology, Zhejiang University of Technology, Hangzhou, Zhejiang, China; Fang, Kai, College of Electrical and Information Engineering, Quzhou University, Quzhou, Zhejiang, China","Deep learning models have become the mainstream algorithm for processing computer vision tasks. In the tasks of object detection, the detection box is usually set as a rectangular box aligned with the coordinate axis, so as to achieve the complete packaging of the object. However, when facing some objects with large aspect ratio and angle, the bounding box must be enlarged, which makes the bounding box contain a large amount of useless background information. In this study, a different approach based on YOLOv5 is adopted. By this means, the angle information dimension is added at the head, and angle regression is also added at the same time of the boundary regression. Then the loss of the boundary box is calculated by combining ciou and smoothl1, so that the obtained boundary box is more closely suitable for the actual object. At the same time, the original dataset tags are also pre-processed to calculate the angle information of interest. The purpose of these improvements is to realize object detection with angles in remote-sensing images, especially for objects with large aspect ratios, such as ships, airplanes, and automobiles. Compared with the traditional and other state-of-the-art arbitrarily oriented object detection model based on deep learning, experimental results show that the proposed method has a unique effect in detecting rotating objects. © 2022, The Author(s), under exclusive licence to Springer-Verlag GmbH Germany, part of Springer Nature.","Arbitrary orientation; Deep learning; Object detection; Remote sensing","Aspect ratio; Deep learning; Image enhancement; Object recognition; Remote sensing; Angle information; Arbitrary orientation; Boundary box; Bounding-box; Coordinate axes; Large aspect ratio; Learning models; Rectangular box; Remote-sensing; Object detection","X. Zhou; College of Electrical and Information Engineering, Quzhou College, Quzhou, China; email: xiaolong@ieee.org","","Springer Science and Business Media Deutschland GmbH","14327643","","","","English","Soft Comput.","Article","Final","","Scopus","2-s2.0-85128202328"
"He, B.; Zhang, Q.; Tong, M.; He, C.","He, Bokun (57205363676); Zhang, Qingyi (57196219518); Tong, Ming (57274931000); He, Chu (12345438500)","57205363676; 57196219518; 57274931000; 12345438500","Oriented Ship Detector for Remote Sensing Imagery Based on Pairwise Branch Detection Head and SAR Feature Enhancement","2022","Remote Sensing","14","9","2177","","","13","10.3390/rs14092177","https://www.scopus.com/inward/record.uri?eid=2-s2.0-85129892340&doi=10.3390%2Frs14092177&partnerID=40&md5=267576c2bc669db692288d08ab00e8ee","School of Electronic Information, Wuhan University, Wuhan, Hubei, China","He, Bokun, School of Electronic Information, Wuhan University, Wuhan, Hubei, China; Zhang, Qingyi, School of Electronic Information, Wuhan University, Wuhan, Hubei, China; Tong, Ming, School of Electronic Information, Wuhan University, Wuhan, Hubei, China; He, Chu, School of Electronic Information, Wuhan University, Wuhan, Hubei, China","Recently, object detection in natural images has made a breakthrough, but it is still challenging in oriented ship detection for remote sensing imagery. Considering some limitations in this task, such as uncertain ship orientation, unspecific features for locating and classification in the complex optical environment, and multiplicative speckle interference of synthetic aperture radar (SAR), we propose an oriented ship detector based on the pairwise branch detection head and adaptive SAR feature enhancement. The details are as follows: (1) Firstly, the ships with arbitrary directions are described with a rotated ground truth, and an oriented region proposal network (ORPN) is designed to study the transformation from the horizontal region of interest to the rotated region of interest. The ORPN effectively improved the quality of the candidate area while only introducing a few parameters. (2) In view of the existing algorithms that tend to perform classification and regression prediction on the same output feature, this paper proposes a pairwise detection head (PBH) to design parallel branches to decouple classification and locating tasks, so that each branch can learn more task-specific features. (3) Inspired by the ratio-of-average detector in traditional SAR image processing, the SAR edge enhancement (SEE) module is proposed, which adaptively enhances edge pixels, and the threshold of the edge is learned by the channel-shared adaptive thresholds block. Experiments were carried out on both optical and SAR datasets. In the optical dataset, PBH combined with ORPN improved recall by 5.03%, and in the SAR dataset, the overall method achieved a maximum F1 score improvement of 6.07%; these results imply the validity of our method. © 2022 by the authors. Licensee MDPI, Basel, Switzerland.","deep learning; pairwise head; remote sensing imagery; SAR feature enhancement; ship detection","Deep learning; Feature extraction; Image enhancement; Image segmentation; Object detection; Object recognition; Radar imaging; Remote sensing; Ships; Feature enhancement; Optical-; Pairwise head; Radar datasets; Region-of-interest; Regions of interest; Remote sensing imagery; Ship detection; Synthetic aperture radar feature enhancement; Synthetic aperture radar","C. He; Electronic Information School, Wuhan University, Wuhan, 430072, China; email: chuhe@whu.edu.cn","","MDPI","","9780891814184; 0891814183; 9780123694072","","","English","Remote Sens.","Article","Final","All Open Access; Gold Open Access; Green Accepted Open Access; Green Open Access","Scopus","2-s2.0-85129892340"
"Xiaoran, W.","Xiaoran, Weng (58096162900)","58096162900","Real-Time Oriented Ship Detection in Aerial Images for Embedded Platforms","2022","","","","","","","1","10.1109/ICCWAMTIP56608.2022.10016547","https://www.scopus.com/inward/record.uri?eid=2-s2.0-85147676065&doi=10.1109%2FICCWAMTIP56608.2022.10016547&partnerID=40&md5=ff29477cdf400f7baed2038b134dac44","School of Computer Science and Engineering, University of Electronic Science and Technology of China, Chengdu, Sichuan, China","Xiaoran, Weng, School of Computer Science and Engineering, University of Electronic Science and Technology of China, Chengdu, Sichuan, China","Ships in aerial images are slender objects and can face arbitrary directions, thus are more effectively described by oriented bounding boxes (OBBs) rather than horizontal bounding boxes (HBBs) in the aerial detection task. Existing oriented object detectors usually use two-stage anchor-based architecture, making them hard to be deployed to embedded platforms with neural processing units (NPUs). In this work, we propose a lightweight one-stage anchor-free oriented ship detector that uses center keypoints and edge offset vectors to capture the ship OBBs. Also, the detector is designed to be NPU hardware-friendly and can be efficiently processed on embedded NPUs. Experiments results show that our proposed detector can achieve real-time speed on embedded NPUs while maintaining accuracy similar or superior to existing methods. When deployed to VeriSilicon VIP8000OI embedded NPU, the proposed detector can achieve 88.1% AP on the HRSC2016 dataset at 27 FPS. © 2022 IEEE.","Anchor-free; Embedded NPUs; Oriented Ship Detection; Remote Sensing","Antennas; Computer vision; Object detection; Object recognition; Ships; Aerial images; Anchor-free; Embedded neural processing unit; Embedded platforms; Neural-processing; Oriented ship detection; Processing units; Real- time; Remote-sensing; Ship detection; Remote sensing","W. Xiaoran; University of Electronic Science and Technology of China, School of Computer Science and Engineering, Chengdu, 611731, China; email: wengxiaoran@std.uestc.edu.cn","","Institute of Electrical and Electronics Engineers Inc.","","9781665493871","","","English","Int. Comput. Conf. Wavelet Active Media Technol. Inf. Process., ICCWAMTIP","Conference paper","Final","","Scopus","2-s2.0-85147676065"
"Chen, X.; Tang, C.","Chen, Xingyu (57196095237); Tang, Chaoying (13004005000)","57196095237; 13004005000","Arbitrary-Oriented Ship Detection based on Deep Learning","2022","","","","","200","203","1","10.1109/FAIML57028.2022.00046","https://www.scopus.com/inward/record.uri?eid=2-s2.0-85144613769&doi=10.1109%2FFAIML57028.2022.00046&partnerID=40&md5=170d7a8d9339b93c31a510f33430c7d7","College of Automation, Nanjing University of Aeronautics and Astronautics, Nanjing, Jiangsu, China","Chen, Xingyu, College of Automation, Nanjing University of Aeronautics and Astronautics, Nanjing, Jiangsu, China; Tang, Chaoying, College of Automation, Nanjing University of Aeronautics and Astronautics, Nanjing, Jiangsu, China","This paper explores a ship detector from an aerial view, where we focus on predicting ship orientation and improving recall rate for dense objects. First, since ships appear as small objects in remote sensing images, we enhance the backbone network in feature extraction, we reconstruct a classification network as a feature extractor, and then cascade a feature pyramid network for feature fusion. Second, to reduce the adverse effect of post-processing on dense predictions, we use rotated rectangular bounding boxes to represent ships, while adding angle predictions to the dense head. Finally, in order to increase the difference of features at different angles, we propose a target encoding. For the same kind of ships with different orientations, under this encoding rule, other predictions of the network, such as width and height, will have the same regression target. Considering both speed and accuracy, our method performs better in ship detection than other general detectors. © 2022 IEEE.","Computer vision; Remote sensing image; Rotation proposals; Ship detection","Antennas; Classification (of information); Deep learning; Encoding (symbols); Forecasting; Image enhancement; Remote sensing; Ships; Signal encoding; Back-bone network; Classification networks; Feature extractor; Feature pyramid; Features extraction; Recall rate; Remote sensing images; Rotation proposal; Ship detection; Small objects; Computer vision","C. Tang; Automation College, Nanjing University of Aeronautics and Astronautics, Nanjing, China; email: cytang@nuaa.edu.cn","","Institute of Electrical and Electronics Engineers Inc.","","9781665473644","","","English","Proc. - Int. Conf. Front. Artif. Intell. Mach. Learn., FAIML","Conference paper","Final","","Scopus","2-s2.0-85144613769"
"Zhou, W.; Jia, H.; Xiao, X.; Xu, F.","Zhou, Wenbo (57964655600); Jia, Hecheng (57226296459); Xiao, Xiayang (57609130000); Xu, Feng (9240823200)","57964655600; 57226296459; 57609130000; 9240823200","Sar Ship Detection Network Incorporating CFAR Preprocessing","2022","International Geoscience and Remote Sensing Symposium (IGARSS)","2022-July","","","2151","2154","5","10.1109/IGARSS46834.2022.9884868","https://www.scopus.com/inward/record.uri?eid=2-s2.0-85141850547&doi=10.1109%2FIGARSS46834.2022.9884868&partnerID=40&md5=62d9caa8453ef800fedad131eaa969bc","Fudan University, Shanghai, China","Zhou, Wenbo, Fudan University, Shanghai, China; Jia, Hecheng, Fudan University, Shanghai, China; Xiao, Xiayang, Fudan University, Shanghai, China; Xu, Feng, Fudan University, Shanghai, China","With the continuous development of Deep Learning (DL), ship detection in SAR (Synthetic Aperture Radar) images based on convolutional neural networks (CNN) has become a common approach. CNNs with complex structures have achieved good performance in SAR images, but face challenges such as high time consumption and high false alarm rate, because of the sparsity of ships in the remote sensing images. In this paper, a rotated ship detection network based on the CFAR (Constant False Alarm Rate) preprocessing is proposed to address these problems. It first uses a CFAR preprocessing to fast narrow down the scope of detection so as to save processing time. Then, a classification network is designed to reduce the false alarm rate. The experiment results based on the Gaofen-3(GF-3) dataset show that the proposed method can reduce the false alarm rate greatly and use much less CPU time. © 2022 IEEE.","CFAR preprocessing; Deep Learning; ship detection; Synthetic Aperture Radar (SAR)","Alarm systems; Convolutional neural networks; Deep learning; Errors; Image resolution; Radar imaging; Remote sensing; Ships; Tracking radar; Constant false alarm rate; Constant false alarm rate preprocessing; Continuous development; Detection networks; False alarm rate; Image-based; Ship detection; Synthetic aperture radar; Synthetic aperture radar images","","","Institute of Electrical and Electronics Engineers Inc.","21536996","1424412129; 0780312406; 9780780390508; 9798350320107; 9781728163741; 9781424495658; 9781665427920; 9781479911141; 9781479957750; 9781479979295","IGRSE","","English","Dig Int Geosci Remote Sens Symp (IGARSS)","Conference paper","Final","","Scopus","2-s2.0-85141850547"
"Ouyang, L.; Fang, L.; Ji, X.","Ouyang, Lihan (57807423800); Fang, Leiyuan (36739090900); Ji, Xinyu (57958894300)","57807423800; 36739090900; 57958894300","Multigranularity Self-Attention Network for Fine-Grained Ship Detection in Remote Sensing Images","2022","IEEE Journal of Selected Topics in Applied Earth Observations and Remote Sensing","15","","","9722","9732","25","10.1109/JSTARS.2022.3220503","https://www.scopus.com/inward/record.uri?eid=2-s2.0-85141621413&doi=10.1109%2FJSTARS.2022.3220503&partnerID=40&md5=521072d29c642d34fb0f354b363308ad","Hunan University, Changsha, Hunan, China; Peng Cheng Laboratory, Shenzhen, Guangdong, China; The Hong Kong Polytechnic University, Hong Kong, Hong Kong, Hong Kong","Ouyang, Lihan, Hunan University, Changsha, Hunan, China; Fang, Leiyuan, Hunan University, Changsha, Hunan, China, Peng Cheng Laboratory, Shenzhen, Guangdong, China; Ji, Xinyu, The Hong Kong Polytechnic University, Hong Kong, Hong Kong, Hong Kong","Fine-grained ship detection is very important in the remote sensing field. Most previous remote sensing object detection works only utilize the global features for fine-grained object detection, which ignores the local information, deteriorating the detection performance. In this article, we propose a multigranularity self-attention network (MGANet), which can exploit both the global and local features for fine-grained ship detection. The MGANet consists of two modules: a local-global features alignment module (LAM) and a multigranularity self-attention module (MSM). The LAM is designed to align features of object parts and features of the object by using the convolution with different strides. The MSM introduces a self-attention mechanism that can effectively fuse the global and local features for fine-grained ship detection. In addition, we launched an oriented bounding box-based fine-grained ship detection (OFSD) dataset which is the largest fine-grained ship dataset to test and verify the effectiveness of the proposed MGANet method. Comprehensive evaluations on the OFSD and ShipRSImageNet datasets demonstrate the superiority of our proposed MGANet method over existing state-of-the-art methods for fine-grained ship detection in remote sensing images. © 2008-2012 IEEE.","Deep learning; fine-grained ship dataset; fine-grained ship detection; multigranularity; self-attention mechanism","Deep learning; Object detection; Object recognition; Remote sensing; Ships; Statistical tests; Attention mechanisms; Features extraction; Fine grained; Fine-grained ship dataset; Fine-grained ship detection; Marine vehicles; Multi-granularity; Objects detection; Proposal; Remote-sensing; Self-attention mechanism; Ship detection; Task analysis; Feature extraction; data set; detection method; IRS (satellite); remote sensing; ship technology","L. Fang; Hunan University, College of Electrical and Information Engineering, Changsha, 410082, China; email: fangleyuan@gmail.com","","Institute of Electrical and Electronics Engineers Inc.","19391404","","","","English","IEEE J. Sel. Top. Appl. Earth Obs. Remote Sens.","Article","Final","All Open Access; Gold Open Access; Green Accepted Open Access; Green Open Access","Scopus","2-s2.0-85141621413"
"Xu, C.; Su, H.; Li, J.; Liu, Y.; Yao, L.; Gao, L.; Yan, W.; Wang, T.","Xu, Congan (52164626800); Su, Hang (57681019100); Li, Jianwei (55548743900); Liu, Yu (57386764900); Yao, Libo (56048087400); Gao, Long (59618490200); Yan, Wenjun (56975745700); Wang, Taoyang (55940283500)","52164626800; 57681019100; 55548743900; 57386764900; 56048087400; 59618490200; 56975745700; 55940283500","RSDD-SAR: Rotated Ship Detection Dataset in SAR Images; RSDD-SAR：SAR舰船斜框检测数据集","2022","Journal of Radars","11","4","","581","599","120","10.12000/JR22007","https://www.scopus.com/inward/record.uri?eid=2-s2.0-85140918935&doi=10.12000%2FJR22007&partnerID=40&md5=e213388658a774f50e061e10104107e7","Naval Aviation University, Yantai, Shandong, China; Advanced Technology Research Institute, Beijing Institute of Technology, Beijing, China; Troops of 92877, Zhoushan, China; Wuhan University, Wuhan, Hubei, China","Xu, Congan, Naval Aviation University, Yantai, Shandong, China, Advanced Technology Research Institute, Beijing Institute of Technology, Beijing, China; Su, Hang, Naval Aviation University, Yantai, Shandong, China; Li, Jianwei, Troops of 92877, Zhoushan, China; Liu, Yu, Naval Aviation University, Yantai, Shandong, China; Yao, Libo, Naval Aviation University, Yantai, Shandong, China; Gao, Long, Naval Aviation University, Yantai, Shandong, China; Yan, Wenjun, Naval Aviation University, Yantai, Shandong, China; Wang, Taoyang, Wuhan University, Wuhan, Hubei, China","This paper releases a rotated SAR ship detection dataset, named Rotated Ship Detection Dataset in SAR Images (RSDD-SAR), to address the problem that the existing rotated SAR ship detection datasets are not enough to meet the requirements of algorithm development and practical application. This dataset consists of 84 scenes of GF-3 data slices, 41 scenes of TerraSAR-X data slices, and 2 scenes of large uncropped images, including 7,000 slices and 10,263 ship instances of multi-observing modes, multi-polarization modes, and multiresolutions. This dataset is effectively annotated by automatic annotation with manual correction. Meanwhile, experiments were conducted for several popular rotated object detection algorithms in optical remote sensing images and rotated ship detection algorithms in SAR images, and the one-stage algorithm S2ANet achieved the highest average precision of 90.06%. When using this dataset, scholars can reference the experimental results, and corresponding analysis can be used. Finally, this paper conducts generalization ability testing experiments on other datasets and large uncropped images to analyze and discuss the performance of the model trained on RSDD-SAR. The experimental results show that the model trained on RSDD-SAR has decent performance and confirms the application value of this dataset. The RSDD-SAR dataset is available at https://radars.ac.cn/ web/data/getData?dataType=SDD-SAR. © 2022 Institute of Electronics Chinese Academy of Sciences. All rights reserved.","Deep learning; Public dataset; Rotated SAR ship detection; RSDD-SAR; Synthetic Aperture Radar (SAR)","Ability testing; Deep learning; Large dataset; Object detection; Optical remote sensing; Radar imaging; Rotation; Ships; Signal detection; Tracking radar; Data slices; Public dataset; Rotated ship detection dataset in SAR image; Rotated synthetic aperture radar ship detection; SAR Images; Ship detection; Synthetic aperture radar; Synthetic aperture radar images","H. Su; Naval Aviation University, Yantai, 264000, China; email: shpersonal_email@163.com; J. Li; Troops of 92877, Zhoushan, 316000, China; email: lgm_jw@163.com","","Institute of Electronics Chinese Academy of Sciences","2095283X","","","","Chinese","J. Radars","Article","Final","","Scopus","2-s2.0-85140918935"
"Zhou, Y.; Jiang, X.; Li, Z.; Liu, X.","Zhou, Yue (55718554500); Jiang, Xue (55724182500); Li, Zhou (57188722844); Liu, Xingzhao (35242655900)","55718554500; 55724182500; 57188722844; 35242655900","Benchmark for Arbitrary-Oriented SAR Ship Detection","2022","International Geoscience and Remote Sensing Symposium (IGARSS)","2022-July","","","1472","1475","3","10.1109/IGARSS46834.2022.9884501","https://www.scopus.com/inward/record.uri?eid=2-s2.0-85140403940&doi=10.1109%2FIGARSS46834.2022.9884501&partnerID=40&md5=29cf02e91b4750bdeb45ddd41f8c50ad","Department of Electronics Engineering, Shanghai Jiao Tong University, Shanghai, China; Beijing Institute of Remote Sensing Information, Beijing, Beijing, China","Zhou, Yue, Department of Electronics Engineering, Shanghai Jiao Tong University, Shanghai, China; Jiang, Xue, Department of Electronics Engineering, Shanghai Jiao Tong University, Shanghai, China; Li, Zhou, Beijing Institute of Remote Sensing Information, Beijing, Beijing, China; Liu, Xingzhao, Department of Electronics Engineering, Shanghai Jiao Tong University, Shanghai, China","A growing number of researchers have begun to use arbitrary-oriented detectors to detect ships. Because in the remote sensing dataset, ships are shown to be narrow and dense. Most of the deep learning methods used in synthetic aperture radar (SAR) ship detection are the same as or variants of those of optical remote sensing. However, the experimental settings of different papers are different. Therefore, various arbitrary-oriented target detectors can not be compared fairly on the SAR dataset. To solve this problem, we developed an arbitrary-oriented SAR ship detection benchmark, which provides strong baselines and state-of-the-art methods in rotation detection. All benchmark methods are tested on RSSDD datasets, and the code is publicly released at https://github.com/open-mmlab/mmrotate. Meanwhile, this paper further explores the role of ImageNet pretrained weight in SAR target detection and tries to train the SAR pretrained weight through unsupervised learning. © 2022 IEEE.","benchmark; SAR; target detection; unsupervised learning","Deep learning; Learning systems; Optical remote sensing; Radar imaging; Radar target recognition; Ships; Unsupervised learning; Benchmark; Learning methods; Radar datasets; Remote-sensing; Rotation detection; Ship detection; State-of-the-art methods; Target detectors; Targets detection; Synthetic aperture radar","","","Institute of Electrical and Electronics Engineers Inc.","21536996","1424412129; 0780312406; 9780780390508; 9798350320107; 9781728163741; 9781424495658; 9781665427920; 9781479911141; 9781479957750; 9781479979295","IGRSE","","English","Dig Int Geosci Remote Sens Symp (IGARSS)","Conference paper","Final","","Scopus","2-s2.0-85140403940"
"Povoli, S.; Di Donna, M.; Macina, F.; Avolio, C.; Zavagli, M.; Costantini, M.; Bruzzone, L.","Povoli, Sergio (57221664000); Di Donna, Mauro (57221226575); Macina, Flavia (24492179300); Avolio, Corrado (56257812000); Zavagli, Massimo (16065242400); Costantini, Mario (56187727300); Bruzzone, Lorenzo (7006892410)","57221664000; 57221226575; 24492179300; 56257812000; 16065242400; 56187727300; 7006892410","A Deep Learning Approach to Ship Detection and Characterization from Multiresolution Satellite SAR Images","2022","International Geoscience and Remote Sensing Symposium (IGARSS)","2022-July","","","643","646","2","10.1109/IGARSS46834.2022.9883167","https://www.scopus.com/inward/record.uri?eid=2-s2.0-85140389797&doi=10.1109%2FIGARSS46834.2022.9883167&partnerID=40&md5=da147769764adbf7d657dc5efaef871e","Department of Computer Science and Information Engineering, Università di Trento, Trento, TN, Italy; E-GEOS-an Asi / Telespazio Company","Povoli, Sergio, Department of Computer Science and Information Engineering, Università di Trento, Trento, TN, Italy; Di Donna, Mauro, E-GEOS-an Asi / Telespazio Company; Macina, Flavia, E-GEOS-an Asi / Telespazio Company; Avolio, Corrado, E-GEOS-an Asi / Telespazio Company; Zavagli, Massimo, E-GEOS-an Asi / Telespazio Company; Costantini, Mario, Department of Computer Science and Information Engineering, Università di Trento, Trento, TN, Italy; Bruzzone, Lorenzo, Department of Computer Science and Information Engineering, Università di Trento, Trento, TN, Italy","Ship detection using synthetic aperture radar images is a key technology in maritime surveillance applications. In addition to the position of the vessel, the characterization of the target (length, width and orientation) is often a requirement. In this paper, we present a deep learning architecture for object detection we developed by modifying the popular YOLOv3 architecture to apply to vessel detection and parameter estimation from SAR images. The proposed architecture was trained and tested on a large dataset of SAR images defined in this work. It contains images covering a wide range of spatial resolutions (pixel spacing ranging from 1.5m to 50m) and labelled with oriented bounding boxes to associate to each vessel not only its position but also size and orientation. The obtained results are very promising and confirm the validity of the approach. © 2022 IEEE.","Oriented YOLOv3; SAR; ship characterization; Ship detection","Architecture; Deep learning; Large dataset; Object detection; Object recognition; Radar imaging; Ships; Tracking radar; Key technologies; Learning approach; Maritime-surveillance; Multiresolution; Oriented YOLOv3; SAR Images; Satellite SAR; Ship characterization; Ship detection; Synthetic aperture radar images; Synthetic aperture radar","","","Institute of Electrical and Electronics Engineers Inc.","21536996","1424412129; 0780312406; 9780780390508; 9798350320107; 9781728163741; 9781424495658; 9781665427920; 9781479911141; 9781479957750; 9781479979295","IGRSE","","English","Dig Int Geosci Remote Sens Symp (IGARSS)","Conference paper","Final","","Scopus","2-s2.0-85140389797"
"Li, C.; Lang, H.","Li, Chunnan (57482696000); Lang, Haitao (10240026500)","57482696000; 10240026500","An Oriented SAR Ship Detector With Mixed Convolution Channel Attention Module and Geometric Nonmaximum Suppression","2022","IEEE Journal of Selected Topics in Applied Earth Observations and Remote Sensing","15","","","8074","8084","10","10.1109/JSTARS.2022.3206247","https://www.scopus.com/inward/record.uri?eid=2-s2.0-85139410717&doi=10.1109%2FJSTARS.2022.3206247&partnerID=40&md5=8a79525ce7f53097a321963f4624ecb6","College of Mathematics and Physics, Beijing University of Chemical Technology, Beijing, China","Li, Chunnan, College of Mathematics and Physics, Beijing University of Chemical Technology, Beijing, China; Lang, Haitao, College of Mathematics and Physics, Beijing University of Chemical Technology, Beijing, China","Benefiting from deep learning, synthetic aperture radar (SAR) ship detection based on convolutional neural network (CNN) has developed rapidly and corresponding performance is getting better. Nevertheless, most of the existing methods still cannot achieve a good balance between precision and recall in scenes with complex background interferences, or in a scene where two or more ships dock side by side. To address these problems, this article proposes a novel oriented SAR ship detector, which uses oriented bounding boxes (OBBs) to describe ships. For the purpose of reducing missed ships (aiming to improve recall) while suppressing false alarms (aiming to maintain precision), the proposed detector embeds a mixed convolution channel attention (MCCA) module into the backbone network, which highlights the important feature channels to enhance ship representation features by reweighting all channels of the feature map. In addition, we consider the geometric position relationship of neighbor ships and propose geometric nonmaximum suppression (G-NMS) to remove the redundant ship candidates or possible false alarms. Extensive experiments conducted on the SSDD and HRSIDs datasets demonstrate the effectiveness of MCCA and G-NMS, the proposed detector also achieves better performance compared to state-of-the-art OBB-based detectors. © 2008-2012 IEEE.","Geometric nonmaximum suppression (G-NMS); mixed convolution channel attention (MCCA); ship detection; synthetic aperture radar (SAR)","Convolution; Deep learning; Errors; Feature extraction; Geometry; Marine radar; Neural networks; Radar imaging; Remote sensing; Synthetic aperture radar; Tracking radar; Features extraction; Geometric nonmaximum suppression; Marine vehicles; Mixed convolution channel attention; Non-maximum suppression; Performance; Radar polarimetry; Remote-sensing; Ship detection; Ships; computer simulation; numerical model; satellite data; satellite imagery; ship design; ship handling; synthetic aperture radar","H. Lang; Beijing University of Chemical Technology, College of Mathematics and Physics, Beijing, 100029, China; email: haitaolang@hotmail.com","","Institute of Electrical and Electronics Engineers Inc.","19391404","","","","English","IEEE J. Sel. Top. Appl. Earth Obs. Remote Sens.","Article","Final","All Open Access; Gold Open Access; Green Accepted Open Access; Green Open Access","Scopus","2-s2.0-85139410717"
"Cheng, S.; Yao, P.; Deng, K.; Fu, L.","Cheng, Siyuan (57261961400); Yao, Ping (58453996500); Deng, Kai (59435393900); Fu, Li (57215326325)","57261961400; 58453996500; 59435393900; 57215326325","DETGAN: GAN for Arbitrary-oriented Object Detection in Remote Sensing Images","2022","","","","","337","341","1","10.1109/CACML55074.2022.00063","https://www.scopus.com/inward/record.uri?eid=2-s2.0-85138003479&doi=10.1109%2FCACML55074.2022.00063&partnerID=40&md5=eafe5df7f055bda53838377d91a086c5","Institute of Computing Technology Chinese Academy of Sciences, Beijing, Beijing, China","Cheng, Siyuan, Institute of Computing Technology Chinese Academy of Sciences, Beijing, Beijing, China; Yao, Ping, Institute of Computing Technology Chinese Academy of Sciences, Beijing, Beijing, China; Deng, Kai, Institute of Computing Technology Chinese Academy of Sciences, Beijing, Beijing, China; Fu, Li, Institute of Computing Technology Chinese Academy of Sciences, Beijing, Beijing, China","Object detection in remote sensing images has be-come a research focus in recent years with the development of deep learning. However, due to objective reasons such as weather, cost, etc., we can hardly obtain abundant high-quality remote sensing images, especially for specific targets, which severely limits the training of the object detector, leading to poor detection performance. Thus for the first time, this paper introduces the Generative Adversarial Networks(GANs) for arbitrary-oriented object detection in remote sensing images, by augmenting the dataset to improve the performance of detectors. We construct DETGAN with two-layer self-attention modules to capture long-distance dependence for high-quality image generation. To solve the mismatch between generated slices and the samples for detectors, we propose the GAN-to-Detection transfer strategy, in which the slices are inserted into a background with the same size as the samples for detectors and then added to the training set. Experiments show that the performance of ship detectors is successfully improved with the transfer strategy, and demonstrate that GAN is an effective way to alleviate the problem of data insufficiency in remote sensing image object detection. © 2022 IEEE.","arbitrary-oriented object detection; Generative Adversarial Network; remote sensing; transfer strategy","Deep learning; Generative adversarial networks; Image enhancement; Object detection; Object recognition; Arbitrary-oriented object detection; Detection performance; High quality; Object detectors; Objects detection; Remote sensing images; Remote-sensing; Research focus; Transfer strategies; Remote sensing","","","Institute of Electrical and Electronics Engineers Inc.","","9781665482905","","","English","Proc. - Asia Conf. Algorithms, Comput. Mach. Learn., CACML","Conference paper","Final","","Scopus","2-s2.0-85138003479"
"Zhou, M.; Li, N.; Miao, L.; Zhou, H.","Zhou, Minglong (57578226900); Li, Ning (56535659800); Miao, Lize (57578226800); Zhou, Huiyu (23062556900)","57578226900; 56535659800; 57578226800; 23062556900","Arbitrary-Oriented Ship Detection with RetinaNet Embedded Angle Vector Module","2022","Proceedings of SPIE - The International Society for Optical Engineering","12168","","121681Q","","","0","10.1117/12.2631134","https://www.scopus.com/inward/record.uri?eid=2-s2.0-85128310695&doi=10.1117%2F12.2631134&partnerID=40&md5=e6dccf75b8e949feff629ef39f2b50fa","Nanjing University of Aeronautics and Astronautics, Nanjing, Jiangsu, China; University of Leicester, Leicester, Leicestershire, United Kingdom","Zhou, Minglong, Nanjing University of Aeronautics and Astronautics, Nanjing, Jiangsu, China; Li, Ning, Nanjing University of Aeronautics and Astronautics, Nanjing, Jiangsu, China; Miao, Lize, Nanjing University of Aeronautics and Astronautics, Nanjing, Jiangsu, China; Zhou, Huiyu, University of Leicester, Leicester, Leicestershire, United Kingdom","As an important part of object detection, rotated object detection plays a great role in many visual applications involving ship detection in remote sensing images, oriented scene text spotting, and face detection etc. Since the different definitions of the angle and the periodicity of the numerical angle values, the angular boundary discontinuity will happen during the model training which decreases the detection accuracy. To address that, we propose an arbitrary-oriented ship detection with RetinaNet embedded angle vector module (RetinaNet-AVM), which adds a new angle vector module (AVM), improves the boxes localization loss function and applies a new boxes angle loss function. At first, the numerical angle values will be encoded into angle vectors by the AVM before data training. After the training, the angle vectors will be decoded into numerical angle values to generate the bounding boxes of the final results by the AVM. On the HRSC2016 dataset, RetinaNet-AVM could detect the arbitrary-oriented, large aspect ratio and densely arranged ships with the rotated bounding boxes, and the precision is 90.76%, the recall is 89.66% and the average precision (AP) is 86.71%. Compared with the RetinaNet-H, our model has improved accuracy, recall and AP by 4.88, 1.47, and 3.9, respectively. And compared with R2CNN, RRPN and RRD, our model is still competitive. © 2022 SPIE.","angle loss function; angular boundary discontinuity; Arbitrary-oriented ship detection; RetinaNet-AVM","Aspect ratio; Computer vision; Face recognition; Large dataset; Object detection; Remote sensing; Ships; Vectors; Angle loss function; Angular boundary discontinuity; Arbitrary-oriented ship detection; Bounding-box; Loss functions; Remote sensing images; Retinanet embedded angle vector module; Scene Text; Ship detection; Visual applications; Object recognition","N. Li; Nanjing University of Aeronautics and Astronautics, Nanjing, China; email: lnee@nuaa.edu.cn","Liu, J.; Chen, Y.; Wu, F.","SPIE","0277786X","9781510692657; 9781510690561; 9781510693302; 9781510692251; 9781510692275; 9781510693081; 9781510691001; 9781510690844; 9781510691469; 9781510688728","PSISD","","English","Proc SPIE Int Soc Opt Eng","Conference paper","Final","","Scopus","2-s2.0-85128310695"
"Cao, C.; Wu, W.; Chen, X.; Cao, H.","Cao, Chenghua (57219533534); Wu, Wenbo (57207082896); Chen, Xuan (57201502885); Cao, Honghua (57573372200)","57219533534; 57207082896; 57201502885; 57573372200","Fine-grained remote sensing target detection with oriented bounding box based on improved Yolov5","2022","Proceedings of SPIE - The International Society for Optical Engineering","12169","","12169B2","","","1","10.1117/12.2626436","https://www.scopus.com/inward/record.uri?eid=2-s2.0-85128077564&doi=10.1117%2F12.2626436&partnerID=40&md5=08bc1f4100464de03b87e49f2dfdd6b4","China Academy of Space Technology, Beijing, China; Yunnan University, Kunming, Yunnan, China","Cao, Chenghua, China Academy of Space Technology, Beijing, China; Wu, Wenbo, China Academy of Space Technology, Beijing, China; Chen, Xuan, China Academy of Space Technology, Beijing, China; Cao, Honghua, Yunnan University, Kunming, Yunnan, China","Deep learning has achieved great success in the field of general target detection. However, remote sensing target detection have different characteristics from general image target detection in many aspects. Due to the high orbit height (usually over 500 km), the target usually only occupies a few pixels, which makes it difficult to detect. In addition, targets such as ships, trucks, etc. have a large aspect ratio, so traditional anchor designs are difficult to cover completely, resulting in failure of target detection because the intersection ratio of IOU is less than the typical value of 0.5. In addition, such targets are usually densely arranged when they are docked. The random imaging angle of satellite causes the traditional horizontal bounding box detection algorithm to be unable to accurately locate the target position. As a result, the deep learning training process is mixed with background information and cannot effectively learn the target features. Therefore, the oriented bounding box is used for labeling and training the remote sensing image. As a single-stage target detection algorithm and after several versions of the update, the detection accuracy and detection speed of the Yolo series algorithm have been greatly improved compared with the previous version. Based on the latest version of the Yolov5, the algorithm is modified to make it possible to support rotating target detection. Through the Gao-Fen competition of fine-grained classification of targets such as airplanes, cars, and ships (such as Boeing737, Boeing747, Boeing777, Boeing787, etc.), the average classification mAP value reaches 22.9235. For comparison, the circumscribed rectangle of the oriented bounding box is taken as the horizontal box which is used for another object detection called YOLOX training process, and the horizontal box target detection mAP value is 9.4679. The average classification mAP value of the modified Yolov5 algorithm is 13.4556 higher than the YOLOX-based horizontal box target detection mAP value. The rotating box training data is trained with another open source code called RotationDetection provided by Yangxue, The average classification mAP value obtained is 21.0232, which is lower than that of the modified Yolov5 algorithm by 1.9003. Therefore, the modified Yolov5 algorithm and the oriented bounding box have certain advantages, which can meet the needs of fine-grained rotating target detection in remote sensing images. © 2022 SPIE","fine-grained target detection; oriented bounding box; remote sensing; Yolov5","Aspect ratio; Classification (of information); Deep learning; Object detection; Object recognition; Open source software; Open systems; Orbits; Signal detection; Fine grained; Fine-grained target detection; Higher orbits; Large aspect ratio; Oriented bounding box; Remote sensing images; Remote-sensing; Targets detection; Training process; Yolov5; Remote sensing","C. Cao; Beijing Institute of Space Mechanics and Electricity, Beijing, 100094, China; email: 1806804825@qq.com","Su, J.; Chen, L.; Chu, J.; Zhu, S.; Yu, Q.","SPIE","0277786X","9781510692657; 9781510690561; 9781510693302; 9781510692251; 9781510692275; 9781510693081; 9781510691001; 9781510690844; 9781510691469; 9781510688728","PSISD","","English","Proc SPIE Int Soc Opt Eng","Conference paper","Final","","Scopus","2-s2.0-85128077564"
"Zhang, D.; Wang, C.; Fu, Q.","Zhang, Dongdong (57477715400); Wang, Chunping (35070727200); Fu, Qiang (56401465400)","57477715400; 35070727200; 56401465400","CAFC-Net: A Critical and Align Feature Constructing Network for Oriented Ship Detection in Aerial Images","2022","Computational Intelligence and Neuroscience","2022","","3391391","","","2","10.1155/2022/3391391","https://www.scopus.com/inward/record.uri?eid=2-s2.0-85125778895&doi=10.1155%2F2022%2F3391391&partnerID=40&md5=7bce46ff43f8463e3ad9552f499fa4c0","Department of Electronic and Information Engineering, Peoples Liberation Army Engineering University, Nanjing, Jiangsu, China","Zhang, Dongdong, Department of Electronic and Information Engineering, Peoples Liberation Army Engineering University, Nanjing, Jiangsu, China; Wang, Chunping, Department of Electronic and Information Engineering, Peoples Liberation Army Engineering University, Nanjing, Jiangsu, China; Fu, Qiang, Department of Electronic and Information Engineering, Peoples Liberation Army Engineering University, Nanjing, Jiangsu, China","Ship detection is one of the fundamental tasks in computer vision. In recent years, the methods based on convolutional neural networks have made great progress. However, improvement of ship detection in aerial images is limited by large-scale variation, aspect ratio, and dense distribution. In this paper, a Critical and Align Feature Constructing Network (CAFC-Net) which is an end-to-end single-stage rotation detector is proposed to improve ship detection accuracy. The framework is formed by three modules: a Biased Attention Module (BAM), a Feature Alignment Module (FAM), and a Distinctive Detection Module (DDM). Specifically, the BAM extracts biased critical features for classification and regression. With the extracted biased regression features, the FAM generates high-quality anchor boxes. Through a novel Alignment Convolution, convolutional features can be aligned according to anchor boxes. The DDM produces orientation-sensitive feature and reconstructs orientation-invariant features to alleviate inconsistency between classification and localization accuracy. Extensive experiments on two remote sensing datasets HRS2016 and self-built ship datasets show the state-of-the-art performance of our detector. © 2022 Dongdong Zhang et al.","","Antennas; Aspect ratio; Classification (of information); Convolutional neural networks; Feature extraction; Image enhancement; Remote sensing; Ships; Aerial images; Anchor-box; Aspect-ratio; Convolutional neural network; Detection modules; End to end; Feature alignment; Large-scales; Ship detection; Single stage; Convolution; remote sensing; ship; Neural Networks, Computer; Remote Sensing Technology","Q. Fu; Department of Electronic and Optical Engineering, People Liberation Army Engineering University-Shijiazhuang, Shijiazhuang, Hebei, 050003, China; email: 1418748495@qq.com","","Hindawi Limited","16875265","","","35251146","English","Comput. Intell. Neurosci.","Article","Final","All Open Access; Green Accepted Open Access; Green Open Access; Hybrid Gold Open Access","Scopus","2-s2.0-85125778895"
"Zhao, M.; Shi, J.; Wang, Y.","Zhao, Ming (57191472838); Shi, Jiaxian (57432150600); Wang, Yongjian (57206997502)","57191472838; 57432150600; 57206997502","Orientation-Aware Feature Fusion Network for Ship Detection in SAR Images","2022","IEEE Geoscience and Remote Sensing Letters","19","","","","","15","10.1109/LGRS.2022.3145039","https://www.scopus.com/inward/record.uri?eid=2-s2.0-85123708942&doi=10.1109%2FLGRS.2022.3145039&partnerID=40&md5=d181f3db19c481210796a9167e0e8a0d","Department of Information Engineering, Shanghai Maritime University, Shanghai, China; National Computer Network Emergency Response Technical Team, Beijing, China; Key Laboratory of Intelligent Infrared Perception, Chinese Academy of Sciences, Beijing, Beijing, China","Zhao, Ming, Department of Information Engineering, Shanghai Maritime University, Shanghai, China, Key Laboratory of Intelligent Infrared Perception, Chinese Academy of Sciences, Beijing, Beijing, China; Shi, Jiaxian, Department of Information Engineering, Shanghai Maritime University, Shanghai, China; Wang, Yongjian, National Computer Network Emergency Response Technical Team, Beijing, China","Recently, deep learning methods have been successfully applied to the ship detection in synthetic aperture radar (SAR) images. It is still a great challenge to detect SAR ships, due to the extremely poor image quality and complex background. To solve the problems, a novel method named orientation-aware feature fusion network (OFF-Net) for ship detection in SAR images is proposed in this letter. OFF-Net consists of global context path aggregation (GCPA) module and local rotated contrast enhance (LRCE) module, which fuses the global and local information in feature extraction. First, GCPA module is explored to integrate the global context block with path aggregation network (PAN) to learn the global background information. Second, by designing a rotation scheme based on feature map cyclic shift with four directions, LRCE module is developed to enhance the targets and suppress the background clutters in SAR images. Finally, a decoupled orientation-aware head is proposed to handle the arbitrarily rotated ships more robustly and alleviate the conflict between classification and regression tasks during detection. In addition, a high-resolution SAR-ship detection dataset (OBB-HRSDD) with rotatable bounding boxes is provided. The detection results on the SAR ship detection dataset (SSDD+) and OBB-HRSDD illustrate that our method outperforms all the compared methods. The code and OBB-HRSDD are released at https://github.com/SJX152/papercode © 2004-2012 IEEE.","Deep learning; orientation-aware; ship detection; synthetic aperture radar (SAR)","Deep learning; Extraction; Image enhancement; Image fusion; Radar imaging; Ships; Synthetic aperture radar; Tracking radar; Features extraction; Features fusions; Head; Marine vehicles; Orientation-aware; Radar polarimetry; Ship detection; Synthetic aperture radar images; Feature extraction; artificial neural network; detection method; satellite imagery; synthetic aperture radar","M. Zhao; Department of Information Engineering, Shanghai Maritime University, Shanghai, China; email: mingzhao@shmtu.edu.cn; Y. Wang; National Computer Network Emergency Response Technical Team, Coordination Center of China, Beijing, China; email: wyj@cert.org.cn","","Institute of Electrical and Electronics Engineers Inc.","1545598X","","","","English","IEEE Geosci. Remote Sens. Lett.","Article","Final","","Scopus","2-s2.0-85123708942"
"Sun, Y.; Sun, X.; Wang, Z.; Fu, K.","Sun, Yuanrui (57214463693); Sun, Xian (34875643000); Wang, Zhirui (56071876600); Fu, Kun (7202283802)","57214463693; 34875643000; 56071876600; 7202283802","Oriented Ship Detection Based on Strong Scattering Points Network in Large-Scale SAR Images","2022","IEEE Transactions on Geoscience and Remote Sensing","60","","","","","59","10.1109/TGRS.2021.3130117","https://www.scopus.com/inward/record.uri?eid=2-s2.0-85120061174&doi=10.1109%2FTGRS.2021.3130117&partnerID=40&md5=5aa96a31a7f5248c985f24d0848b6c00","Aerospace Information Research Institute, Beijing, China","Sun, Yuanrui, Aerospace Information Research Institute, Beijing, China; Sun, Xian, Aerospace Information Research Institute, Beijing, China; Wang, Zhirui, Aerospace Information Research Institute, Beijing, China; Fu, Kun, Aerospace Information Research Institute, Beijing, China","Ship detection has broad applications in many areas, including fishery management, maritime rescue, and maritime monitoring. Recently, numerous detectors based on deep learning have been carried in ship detection in synthetic aperture radar (SAR) images. However, detecting the inshore ships faces enormous challenges because of the strong scattering interference of the inland area. In order to address such issues, a novel method named strong scattering points network for ship detection is proposed in this article. First, according to the SAR imaging mechanism, the ships usually appear strong scattering phenomenon in the SAR images. Therefore, the proposed method detects the strong scattering points on the ship and then aggregates their positions to obtain the ship's arbitrary orientation box. Second, our method designs an embedding vector to cluster these points as an individual object to regress the oriented bounding box. Third, in order to distinguish the strong scattering points on land, a ship attention module is employed to extract the image texture features and representations of local features. It can suppress the false alarm caused by land interference in the detection process. Furthermore, to demonstrate the effectiveness of the proposed algorithm, this article introduces a new ship dataset for oriented ship detection named large-scale dataset for ship detection in SAR images (LDSD). Moreover, the public SAR ship detection dataset (SSDD) is utilized to verify the robustness and generalization ability of the detector. The experimental results on two datasets show that our method has a strong anti-interference ability in the inshore background and achieves state-of-the-art detection performance. © 1980-2012 IEEE.","Deep learning; imaging mechanism; ship detection; strong scattering; synthetic aperture radar (SAR)","Deep learning; Feature extraction; Large dataset; Radar imaging; Ships; Synthetic aperture radar; Textures; Tracking radar; Features extraction; Imaging mechanism; Large-scales; Marine vehicles; Radar polarimetry; Ship detection; Strong scatterings; Synthetic aperture radar images; Object detection; detection method; image analysis; satellite imagery; scattering; synthetic aperture radar","X. Sun; Aerospace Information Research Institute and the Key Laboratory of Network Information System Technology (NIST), Aerospace Information Research Institute, Chinese Academy of Sciences, Beijing, China; email: sunxian@mail.ie.ac.cn","","Institute of Electrical and Electronics Engineers Inc.","01962892","","IGRSD","","English","IEEE Trans Geosci Remote Sens","Article","Final","","Scopus","2-s2.0-85120061174"
"Xue, F.; Jin, W.; Qiu, S.; Yang, J.","Xue, Fuduo (57213268440); Jin, Weiqi (7402071360); Qiu, Su (23986064700); Yang, Jie (57204159132)","57213268440; 7402071360; 23986064700; 57204159132","Rethinking Automatic Ship Wake Detection: State-of-the-Art CNN-Based Wake Detection via Optical Images","2022","IEEE Transactions on Geoscience and Remote Sensing","60","","","","","39","10.1109/TGRS.2021.3128989","https://www.scopus.com/inward/record.uri?eid=2-s2.0-85120054657&doi=10.1109%2FTGRS.2021.3128989&partnerID=40&md5=93fc6192ccfcc21d24f98610ddf425b7","School of Optics and Photonics, Beijing Institute of Technology, Beijing, China","Xue, Fuduo, School of Optics and Photonics, Beijing Institute of Technology, Beijing, China; Jin, Weiqi, School of Optics and Photonics, Beijing Institute of Technology, Beijing, China; Qiu, Su, School of Optics and Photonics, Beijing Institute of Technology, Beijing, China; Yang, Jie, School of Optics and Photonics, Beijing Institute of Technology, Beijing, China","Most existing wake detection algorithms use Radon transform (RT) due to the long streak features of ship wakes in synthetic aperture radar images. The high false alarm rate of RT requires that the algorithms have significant human intervention for image preprocessing. When processing optical images, these algorithms are greatly challenged because it is not only sea clutter that interferes with the wake detection in the optical waveband but also many other environmental factors. Therefore, in this article, we address the automatic ship wake detection task in optical images from the idea of the convolutional neural network (CNN)-based object detection and design an end-to-end detector named WakeNet as a novel method. WakeNet processes all the wake textures clamped by the V-shaped Kelvin arms as the object and conducts detection via the oriented bounding box; the additional regression of wake tip coordinates and Kelvin arm direction can improve the hard wake detection performance while predicting the wake heading. According to the X-shaped wake spectral pattern and the wake edge enhancement principle in adjacent scales, spectral attention and multiscale attention modules are also used. Furthermore, more than 11.6k wake optical images are collected and annotated, providing a benchmark dataset. The experimental results on the dataset show that the proposed method has a better performance than other CNN-based methods, and the detection results of the yacht wake polarization images further verify its practical value. This article demonstrates that the deep learning-based method has considerable advantages over the traditional RT-based methods in wake detection. © 1980-2012 IEEE.","Benchmark dataset; convolutional neural network (CNN); Radon transform (RT); ship wake","Convolution; Convolutional neural networks; Deep neural networks; Geometrical optics; Mathematical transformations; Object detection; Optical data processing; Radar imaging; Radon; Ships; Synthetic aperture radar; Wakes; Benchmark datasets; Convolutional neural network; Features extraction; Kelvin; Marine vehicles; Optical imaging; Optical reflection; Radon transform; Ship wakes; Feature extraction; artificial neural network; detection method; image analysis; optical method; remote sensing; wake","W. Jin; School of Optics and Photonics, Beijing Institute of Technology, Beijing, China; email: jinwq@bit.edu.cn","","Institute of Electrical and Electronics Engineers Inc.","01962892","","IGRSD","","English","IEEE Trans Geosci Remote Sens","Article","Final","","Scopus","2-s2.0-85120054657"
"Zhang, J.; Xing, M.; Sun, G.-C.; Li, N.","Zhang, Jinsong (57193748352); Xing, Mengdao (7005922869); Sun, Guang Cai (26424042000); Li, Ning (58112316000)","57193748352; 7005922869; 26424042000; 58112316000","Oriented Gaussian Function-Based Box Boundary-Aware Vectors for Oriented Ship Detection in Multiresolution SAR Imagery","2022","IEEE Transactions on Geoscience and Remote Sensing","60","","","","","51","10.1109/TGRS.2021.3095386","https://www.scopus.com/inward/record.uri?eid=2-s2.0-85110898813&doi=10.1109%2FTGRS.2021.3095386&partnerID=40&md5=4e1c9216576b1522bc4ceaace13793fe","Xidian University, Xi'an, Shaanxi, China; Collaborative Innovation Center of Information Sensing and Understanding, Xidian University, Xi'an, Shaanxi, China","Zhang, Jinsong, Xidian University, Xi'an, Shaanxi, China, Collaborative Innovation Center of Information Sensing and Understanding, Xidian University, Xi'an, Shaanxi, China; Xing, Mengdao, Xidian University, Xi'an, Shaanxi, China, Collaborative Innovation Center of Information Sensing and Understanding, Xidian University, Xi'an, Shaanxi, China; Sun, Guang Cai, Xidian University, Xi'an, Shaanxi, China, Collaborative Innovation Center of Information Sensing and Understanding, Xidian University, Xi'an, Shaanxi, China; Li, Ning, Xidian University, Xi'an, Shaanxi, China, Collaborative Innovation Center of Information Sensing and Understanding, Xidian University, Xi'an, Shaanxi, China","As an important remote sensing means, synthetic aperture radar (SAR) has many superiorities to other sensors. How to effectively detect and locate ships in SAR images is also a popular field. In previous ship detection research, most algorithms focus on detecting the horizontal bounding box of ship targets, which ignore the rotation angle of each ships. Thus, too much background noise in the horizontal detection results makes them difficult to describe each ship accurately. Inspired by the powerful feature representation ability of convolutional neural networks (CNNs), a novel anchor-free and keypoint-based deep learning method is proposed for oriented ship detection in multiresolution SAR images. Our detector first extracts multilevel features from the input SAR image with a backbone network and feature pyramid network. Next, considering multiscale ships in multiresolution SAR images, we detect different sizes of ships on different levels of feature maps with identical head network structures. In each head network, the classification subnetwork determines each pixel in feature maps as the central pixel of this ship or not, and the regression subnetwork regresses the oriented bounding box for each ship. In the training process, the proposed oriented nonnormalized Gaussian function is used to describe the center point of ship targets, while the nonuniform weighting of the different level loss functions is used to suppress the imbalanced sample distribution. Experimental results on two authoritative SAR-oriented ship detection datasets and two Gaofen-3 images demonstrate the effectiveness and robustness of the proposed methods. © 1980-2012 IEEE.","Anchor-free detector; convolutional neural network (CNN); oriented object detection; ship detection; synthetic aperture radar (SAR)","Convolutional neural networks; Deep learning; Feature extraction; Learning systems; Pixels; Remote sensing; Ships; Synthetic aperture radar; Back-bone network; Feature representation; Gaussian functions; Learning methods; Network structures; Oriented bounding box; Sample distributions; Training process; Radar imaging; detection method; Gaussian method; remote sensing; satellite imagery; satellite sensor; ship design; synthetic aperture radar","M. Xing; National Laboratory of Radar Signal Processing, Xidian University, Xi'an, China; email: xmd@xidian.edu.cn","","Institute of Electrical and Electronics Engineers Inc.","01962892","","IGRSD","","English","IEEE Trans Geosci Remote Sens","Article","Final","","Scopus","2-s2.0-85110898813"
"Zhou, G.; Zhang, Y.; Shi, S.","Zhou, Guangjiao (57208503842); Zhang, Ye (57214252416); Shi, Shaoqi (57219242118)","57208503842; 57214252416; 57219242118","A Target-Oriented Multisource Association Model Based on Triple-Unit-Graph and Feature Constraint Representation Learning for SAR Target Detection Tasks","2022","IEEE Geoscience and Remote Sensing Letters","19","","","","","1","10.1109/LGRS.2020.3043746","https://www.scopus.com/inward/record.uri?eid=2-s2.0-85098746560&doi=10.1109%2FLGRS.2020.3043746&partnerID=40&md5=eb99cab67bf17e2a43f93c0a7a4c5aff","School of Electronics and Information Engineering, Harbin Institute of Technology, Harbin, Heilongjiang, China","Zhou, Guangjiao, School of Electronics and Information Engineering, Harbin Institute of Technology, Harbin, Heilongjiang, China; Zhang, Ye, School of Electronics and Information Engineering, Harbin Institute of Technology, Harbin, Heilongjiang, China; Shi, Shaoqi, School of Electronics and Information Engineering, Harbin Institute of Technology, Harbin, Heilongjiang, China","When it comes to multisource collaboration issues, previous registration-based studies always attempt to build reliable connections between two sources. However, these pixel-oriented algorithms often highly rely on mapping functions or require other auxiliary data. In this letter, a target-oriented multisource association model (ToMsAM) is proposed. It is a new perspective of multiinformation integration driven by practical applications in remote sensing. The two main parts in ToMsAM gradually use the similarity information in pixel and feature level. First, to cover the comprehensive prior information, a triple-unit-graph is built. Then, a feature-constraint deep neural networks for graph representations (FC_DNGRs) model is adopted to automatically learn the compressed representation. So far, the heterogeneous samples are unified in a new feature space. These new abstractions associated with the source domain can solve the problem of insufficient samples in the target domain. Real remote sensing images acquired by synthetic aperture radar (SAR) and optical satellites are utilized to conduct experiments on airplane and vessel detection tasks. Experimental results show that the representation obtained by ToMsAM outperformed the baseline representations. The support vector machine (SVM) trained by associated features can complete the detection tasks even in the case of limited quantity of prior samples in the target domain. © 2004-2012 IEEE.","Data fusion; network embedding (NE); representation learning; synthetic aperture radar (SAR); target detection","Aircraft detection; Deep learning; Deep neural networks; Pixels; Remote sensing; Space optics; Space-based radar; Support vector machines; Synthetic aperture radar; Associated feature; Association models; Graph representation; Optical satellites; Prior information; Reliable connections; Remote sensing images; Similarity informations; Feature extraction; algorithm; detection method; numerical model; plant by photosynthetic pathway; synthetic aperture radar","G. Zhou; School of Electronics and Information Engineering, Harbin Institute of Technology, Harbin, 150001, China; email: zgj230518@126.com","","Institute of Electrical and Electronics Engineers Inc.","1545598X","","","","English","IEEE Geosci. Remote Sens. Lett.","Article","Final","","Scopus","2-s2.0-85098746560"
"Sun, Z.; Leng, X.; Lei, Y.; Xiong, B.; Ji, K.; Kuang, G.","Sun, Zhongzhen (57218856482); Leng, Xiangguang (56577492900); Lei, Yu (57226778064); Xiong, Boli (36092194200); Ji, Kefeng (7005637029); Kuang, Gangyao (7006353231)","57218856482; 56577492900; 57226778064; 36092194200; 7005637029; 7006353231","Bifa-yolo: A novel yolo-based method for arbitrary-oriented ship detection in high-resolution sar images","2021","Remote Sensing","13","21","4209","","","254","10.3390/rs13214209","https://www.scopus.com/inward/record.uri?eid=2-s2.0-85118157378&doi=10.3390%2Frs13214209&partnerID=40&md5=1e342cc95fff05d6d8a567c2e6d67455","College of Electronic Science and Technology, National University of Defense Technology China, Changsha, Hunan, China","Sun, Zhongzhen, College of Electronic Science and Technology, National University of Defense Technology China, Changsha, Hunan, China; Leng, Xiangguang, College of Electronic Science and Technology, National University of Defense Technology China, Changsha, Hunan, China; Lei, Yu, College of Electronic Science and Technology, National University of Defense Technology China, Changsha, Hunan, China; Xiong, Boli, College of Electronic Science and Technology, National University of Defense Technology China, Changsha, Hunan, China; Ji, Kefeng, College of Electronic Science and Technology, National University of Defense Technology China, Changsha, Hunan, China; Kuang, Gangyao, College of Electronic Science and Technology, National University of Defense Technology China, Changsha, Hunan, China","Due to its great application value in the military and civilian fields, ship detection in synthetic aperture radar (SAR) images has always attracted much attention. However, ship targets in High-Resolution (HR) SAR images show the significant characteristics of multi-scale, arbitrary directions and dense arrangement, posing enormous challenges to detect ships quickly and accurately. To address these issues above, a novel YOLO-based arbitrary-oriented SAR ship detector using bi-directional feature fusion and angular classification (BiFA-YOLO) is proposed in this article. First of all, a novel bi-directional feature fusion module (Bi-DFFM) tailored to SAR ship detection is applied to the YOLO framework. This module can efficiently aggregate multi-scale features through bi-directional (top-down and bottom-up) information interaction, which is helpful for detecting multi-scale ships. Secondly, to effectively detect arbitrary-oriented and densely arranged ships in HR SAR images, we add an angular classification structure to the head network. This structure is conducive to accurately obtaining ships’ angle information without the problem of boundary discontinuity and complicated parameter regression. Meanwhile, in BiFA-YOLO, a random rotation mosaic data augmentation method is employed to suppress the impact of angle imbalance. Compared with other conventional data augmentation methods, the proposed method can better improve detection performance of arbitrary-oriented ships. Finally, we conduct extensive experiments on the SAR ship detection dataset (SSDD) and large-scene HR SAR images from GF-3 satellite to verify our method. The proposed method can reach the detection performance with precision = 94.85%, recall = 93.97%, average precision = 93.90%, and F1-score = 0.9441 on SSDD. The detection speed of our method is approximately 13.3 ms per 512 × 512 image. In addition, comparison experiments with other deep learning-based methods and verification experiments on large-scene HR SAR images demonstrate that our method shows strong robustness and adaptability. © 2021 by the authors. Licensee MDPI, Basel, Switzerland.","Angular classification; Arbitrary-oriented ship detection; Bi-directional feature fusion; High-resolution (HR); Synthetic aperture radar (SAR)","Classification (of information); Deep learning; Feature extraction; Image classification; Large dataset; Radar imaging; Ships; Tracking radar; Angular classification; Arbitrary-oriented ship detection; Bi-directional; Bi-directional feature fusion; Directional feature; Features fusions; High resolution; High-resolution; Ship detection; Synthetic aperture radar","B. Xiong; College of Electronic Science and Technology, National University of Defense Technology, Changsha, 410073, China; email: blxiong@nudt.edu.cn","","MDPI","","9780891814184; 0891814183; 9780123694072","","","English","Remote Sens.","Article","Final","All Open Access; Gold Open Access; Green Accepted Open Access; Green Open Access","Scopus","2-s2.0-85118157378"
"Li, J.; Xu, C.; Su, H.; Wang, H.; Yao, L.","Li, Jianwei (55548743900); Xu, Congan (52164626800); Su, Hang (57681019100); Wang, Haiyang (57226344322); Yao, Libo (56048087400)","55548743900; 52164626800; 57681019100; 57226344322; 56048087400","Ship detection in SAR images based on recurrent feature pyramid network and rotatable bounding box","2021","Journal of Applied Remote Sensing","15","4","044502","","","1","10.1117/1.JRS.15.044502","https://www.scopus.com/inward/record.uri?eid=2-s2.0-85122661709&doi=10.1117%2F1.JRS.15.044502&partnerID=40&md5=03dd9645f0b8389132445902e9f601eb","Naval Aviation University, Yantai, China; Institute of Information Fusion, Naval Aviation University, Yantai, China; Institute of Network Technology, Yantai, China","Li, Jianwei, Naval Aviation University, Yantai, China; Xu, Congan, Institute of Information Fusion, Naval Aviation University, Yantai, China; Su, Hang, Naval Aviation University, Yantai, China; Wang, Haiyang, Institute of Network Technology, Yantai, China; Yao, Libo, Institute of Information Fusion, Naval Aviation University, Yantai, China","Ship detection in synthetic aperture radar (SAR) images plays an important role in remote sensing, but it is still full of challenges in the deep learning area. The primary problem is that ships in SAR images have different sizes and orientations. The off-the-shelf detectors are not able to adapt to the situation. Recurrent feature pyramid networks are presented to detect ships with different sizes especially the small ones. Rotatable region proposal network is used for locating ships with a tighter rectangle. Rotatable anchors with sizes, aspect ratios, and angles are designed according to the distribution of ships in dataset. Multiratio region-of-interest pooling is used for projecting arbitrary-oriented proposals to fixed length vectors. Angle-related intersection-of-unit (ArIoU) is used for evaluating the intersection of rotatable proposals. ArIoU can be an indicator for nonmaximum suppression (NMS) and also is used for preparing negative and positive proposals. A loss function is proposed to compute loss between bounding boxes. The sinusoidal function is used for solving the problem of unstable angle. We also use a dataset called SSDD+ (SAR ship detection dataset plus) to evaluate different methods. Experiments based on SSDD+ show that our method achieves state-of-the-art performance. The dataset and the code will be public at https://zhuanlan.zhihu.com/p/143794468. © 2021 Society of Photo-Optical Instrumentation Engineers (SPIE).","rotatable bounding box; SAR images; ship detection","Aspect ratio; Deep learning; Feature extraction; Function evaluation; Image segmentation; Radar imaging; Remote sensing; Synthetic aperture radar; Aspects angle; Bounding-box; Different sizes; Feature pyramid; Image-based; Pyramid network; Remote-sensing; Rotatable bounding box; Ship detection; Synthetic aperture radar images; Ships","C. Xu; Naval Aviation University, Institute of Information Fusion, Yantai, Shandong, China; email: xcatougao@163.com","","SPIE","","","JARSC","","English","J. Appl. Remote Sens.","Article","Final","","Scopus","2-s2.0-85122661709"
"You, Y.; Ran, B.; Meng, G.; Li, Z.; Liu, F.; Li, Z.","You, Ya'nan (54409614600); Ran, Bohao (57210944978); Meng, Gang (57213262508); Li, Zezhong (57210945291); Liu, Fang (57091791100); Li, Zhixin (57226662666)","54409614600; 57210944978; 57213262508; 57210945291; 57091791100; 57226662666","OPD-Net: Prow Detection Based on Feature Enhancement and Improved Regression Model in Optical Remote Sensing Imagery","2021","IEEE Transactions on Geoscience and Remote Sensing","59","7","9171449","6121","6137","24","10.1109/TGRS.2020.3014195","https://www.scopus.com/inward/record.uri?eid=2-s2.0-85112249666&doi=10.1109%2FTGRS.2020.3014195&partnerID=40&md5=408f629989b1477e58d81287a1a6f00f","School of Artificial Intelligence, Beijing University of Posts and Telecommunications, Beijing, Beijing, China; Beijing Institute of Remote Sensing Information, Beijing, Beijing, China","You, Ya'nan, School of Artificial Intelligence, Beijing University of Posts and Telecommunications, Beijing, Beijing, China; Ran, Bohao, School of Artificial Intelligence, Beijing University of Posts and Telecommunications, Beijing, Beijing, China; Meng, Gang, Beijing Institute of Remote Sensing Information, Beijing, Beijing, China; Li, Zezhong, School of Artificial Intelligence, Beijing University of Posts and Telecommunications, Beijing, Beijing, China; Liu, Fang, School of Artificial Intelligence, Beijing University of Posts and Telecommunications, Beijing, Beijing, China; Li, Zhixin, Beijing Institute of Remote Sensing Information, Beijing, Beijing, China","Accurate prow detection (i.e., ship heading prediction) is important in many applications that rely on optical remote sensing imagery, such as track forecasting and maritime navigation. In recent years, many advanced methods based on deep convolution neural networks (DCNNs) have succeeded in detecting multidirectional ships. However, these methods are not effective at determining the prow orientation, primarily due to three limitations: weak adaptability to geometric transformations of ship targets, confusing the semantic information between the prow and other parts of ships, and the boundary discontinuity problem. To address these problems, we propose an omnidirectional prow detection network (OPD-Net) based on feature enhancement and an improved regression model. OPD-Net consists of a feature refinement network (FRN), a prow attention network (PAN), and a complex plane coordinates regression model (CPCRM). First, the FRN balances the low-level location information and high-level semantic information from multiscale feature maps and then fits various geometric transformations regarding ship targets through deformable blocks. Next, the PAN, which is based on supervised learning, is used to enhance the ship prow feature as well as suppress background noise, which improves the accuracy of ship heading predictions. Finally, the CPCRM is designed to effectively solve the boundary discontinuity problem and correctly achieve prow detection in arbitrary orientations. Experiments on optical remote sensing image data sets demonstrate the robustness and superiority of our method for prow detection. Moreover, our approach is also competitive when used only for ship detection. © 1980-2012 IEEE.","Deep learning; feature enhancement; prow detection; regression model; remote sensing","Deep neural networks; Feature extraction; Forecasting; Mathematical transformations; Regression analysis; Remote sensing; Semantics; Ships; Arbitrary orientation; Convolution neural network; Discontinuity problems; Geometric transformations; Multi-scale features; Optical remote sensing; Optical remote-sensing imagery; Semantic information; Image enhancement; numerical model; optical method; regression analysis; remote sensing; satellite imagery","B. Ran; School of Artificial Intelligence, Beijing University of Posts and Telecommunications, Beijing, China; email: bohaor@163.com","","Institute of Electrical and Electronics Engineers Inc.","01962892","","IGRSD","","English","IEEE Trans Geosci Remote Sens","Article","Final","","Scopus","2-s2.0-85112249666"
"Yang, Y.; Pan, Z.; Hu, Y.; Ding, C.","Yang, Yi (57225057090); Pan, Zongxu (54788169800); Hu, Yuxin (56163045500); Ding, Chibiao (7202622015)","57225057090; 54788169800; 56163045500; 7202622015","Cps-det: An anchor-free based rotation detector for ship detection","2021","Remote Sensing","13","11","2208","","","20","10.3390/rs13112208","https://www.scopus.com/inward/record.uri?eid=2-s2.0-85107932304&doi=10.3390%2Frs13112208&partnerID=40&md5=8d136c87991ca1fb0ef92682fee9e55f","Chinese Academy of Sciences, Beijing, Beijing, China; Aerospace Information Research Institute, Beijing, China; Electrical and Communication Engineering, University of Chinese Academy of Sciences, Beijing, China","Yang, Yi, Chinese Academy of Sciences, Beijing, Beijing, China, Aerospace Information Research Institute, Beijing, China, Electrical and Communication Engineering, University of Chinese Academy of Sciences, Beijing, China; Pan, Zongxu, Chinese Academy of Sciences, Beijing, Beijing, China, Aerospace Information Research Institute, Beijing, China, Electrical and Communication Engineering, University of Chinese Academy of Sciences, Beijing, China; Hu, Yuxin, Chinese Academy of Sciences, Beijing, Beijing, China, Aerospace Information Research Institute, Beijing, China, Electrical and Communication Engineering, University of Chinese Academy of Sciences, Beijing, China; Ding, Chibiao, Chinese Academy of Sciences, Beijing, Beijing, China, Aerospace Information Research Institute, Beijing, China, Electrical and Communication Engineering, University of Chinese Academy of Sciences, Beijing, China","Ship detection is a significant and challenging task in remote sensing. At present, due to the faster speed and higher accuracy, the deep learning method has been widely applied in the field of ship detection. In ship detection, targets usually have the characteristics of arbitrary-oriented property and large aspect ratio. In order to take full advantage of these features to improve speed and accuracy on the base of deep learning methods, this article proposes an anchor-free method, which is referred as CPS-Det, on ship detection using rotatable bounding box. The main improvements of CPS-Det as well as the contributions of this article are as follows. First, an anchor-free based deep learning network was used to improve speed with fewer parameters. Second, an annotation method of oblique rectangular frame is proposed, which solves the problem that periodic angle and bounded coordinates in conjunction with the regression calculation can lead to the problem of loss anomalies. For the annotation scheme proposed in this paper, a scheme for calculating Angle Loss is proposed, which makes the loss function of angle near the boundary value more accurate and greatly improves the accuracy of angle prediction. Third, the centerness calculation of feature points is optimized in this article so that the center weight distribution of each point is suitable for the rotation detection. Finally, a scheme combining centerness and positive sample screening is proposed and its effectiveness in ship detection is proved. Experiments on remote sensing public dataset HRSC2016 show the effectiveness of our approach. © 2021 by the authors. Licensee MDPI, Basel, Switzerland.","Anchor-free method; Remote sensing images; Rotation object detection; Ship detection","Aspect ratio; Deep learning; Learning systems; Remote sensing; Screening; Ships; Annotation methods; Annotation scheme; Large aspect ratio; Learning methods; Learning network; Rectangular frame; Rotation detection; Weight distributions; Feature extraction","Z. Pan; The Key Laboratory of Technology in Geo-Spatial Information Processing and Application System, Chinese Academy of Sciences, Beijing, 100190, China; email: zxpan@mail.ie.ac.cn","","MDPI AG","","9780891814184; 0891814183; 9780123694072","","","English","Remote Sens.","Article","Final","All Open Access; Gold Open Access; Green Accepted Open Access; Green Open Access","Scopus","2-s2.0-85107932304"
"Chang, J.Y.; Lee, K.J.; Lee, S.-G.","Chang, Jaeyoung (57218994889); Lee, Kwangjae (56101125400); Lee, Sungu (54398799900)","57218994889; 56101125400; 54398799900","SHIP DETECTION and CLASSIFICATION for KOMPSAT OPTICAL IMAGES USING DEEP LEARNING","2021","","","","","","","0","","https://www.scopus.com/inward/record.uri?eid=2-s2.0-85127440005&partnerID=40&md5=b192981f40084ac278070b13efad9be2","Korea Aerospace Research Institute, Daejeon, South Korea","Chang, Jaeyoung, Korea Aerospace Research Institute, Daejeon, South Korea; Lee, Kwangjae, Korea Aerospace Research Institute, Daejeon, South Korea; Lee, Sungu, Korea Aerospace Research Institute, Daejeon, South Korea","Many studies have been conducted to apply deep learning-based technology to high-resolution satellite image analysis, and the key is how to efficiently apply models appropriate to our own problem. Our mission is to find and classify ships in KOMPSAT (Korea Multi-Purpose SATellite) optical images which include KOMPAT-2 (GSD 1 m), KOMPSAT-3 (GSD 70 cm), and KOMPSAT-3A (GSD 55 cm). The same model was used for the different satellite images with different GSDs by unifying the resolution in the preprocessing step. This also makes it possible to use public datasets from other optical satellites such as xView and DOTA for ship detection. Our deep-learning based analysis consists of three steps: detection, pose estimation, and type classification. Pose estimation means measuring the heading and the size of the ship. State-of-art object detection models usually don't produce oriented bounding boxes. This is why we separate pose estimation from the detection. We used AIS data manually registered to satellite images to create the ground truth of ship types. So the training data is prepared from different information sources by different methods for each model, and that's another reason to divide the analysis into three steps. In this study, we used the FasterRCNN + ResNeSt model for detection, and the ResNeSt model for both pose estimation and classification. It has performed well enough to achieve our initial goal, and the method seems to be efficient to adopt state-of-art models for further performance enhancement. © ACRS 2021.All right reserved.","AIS; and high-resolution satellite image; Machine learning; object detection; pose estimation","Deep learning; Image classification; Object detection; Object recognition; Remote sensing; Ships; Space applications; Space optics; And high-resolution satellite image; High resolution satellite images; Korea multi-purpose satellites; Optical image; Optical satellites; Pose-estimation; Pre-processing step; Public dataset; Satellite image analysis; Satellite images; Geometrical optics","J.Y. Chang; Korea Aerospace Research Institute, Daejeon, 169-84 Gwahak-ro Yuseong-Gu, 34133, South Korea; email: jychang@kari.re.kr","","Asian Association on Remote Sensing","","9781713843818","","","English","Asian Conf. Remote Sens., ACRS","Conference paper","Final","","Scopus","2-s2.0-85127440005"
"Zhou, Y.; Jiang, X.; Li, Z.; Liu, X.","Zhou, Yue (55718554500); Jiang, Xue (55724182500); Li, Zhou (57188722844); Liu, Xingzhao (35242655900)","55718554500; 55724182500; 57188722844; 35242655900","ARBITRARY-ORIENTED SAR SHIP DETECTION VIA FREQUENCY LEARNING","2021","International Geoscience and Remote Sensing Symposium (IGARSS)","2021-July","","","4552","4555","9","10.1109/IGARSS47720.2021.9553737","https://www.scopus.com/inward/record.uri?eid=2-s2.0-85126022863&doi=10.1109%2FIGARSS47720.2021.9553737&partnerID=40&md5=aeff6a0135c8eaf9fc0d7da9b7289fe1","Department of Electronics Engineering, Shanghai Jiao Tong University, Shanghai, China; Beijing Institute of Remote Sensing Information, Beijing, Beijing, China","Zhou, Yue, Department of Electronics Engineering, Shanghai Jiao Tong University, Shanghai, China; Jiang, Xue, Department of Electronics Engineering, Shanghai Jiao Tong University, Shanghai, China; Li, Zhou, Beijing Institute of Remote Sensing Information, Beijing, Beijing, China; Liu, Xingzhao, Department of Electronics Engineering, Shanghai Jiao Tong University, Shanghai, China","A growing number of researchers begin to use the arbitrary-oriented detector to detect ships. Because in the remote sensing dataset, ships are shown to be narrow and dense. Most of the deep learning methods used in synthetic aperture radar (SAR) ship detection are the same as or variants of those of optical remote sensing. However, due to the relatively low resolution and signal-to-noise ratio, the amplitude information in SAR image becomes more contaminated than that in optical image. Therefore, it is very difficult to train the arbitrary-oriented target detection task based on SAR dataset. In order to solve this problem, we attempt to further extract the frequency domain features of the SAR image by introducing a frequency attention module. The discrete cosine transform (DCT) to converts SAR image from spatial domain to frequency domain. Experimental results on HRSID datasets show that the proposed method can significantly improve the performance of arbitrary-oriented SAR ship detection. © 2021 IEEE","Frequency learning; HRSID; SAR; Target detection","","","","Institute of Electrical and Electronics Engineers Inc.","21536996","1424412129; 0780312406; 9780780390508; 9798350320107; 9781728163741; 9781424495658; 9781665427920; 9781479911141; 9781479957750; 9781479979295","IGRSE","","English","Dig Int Geosci Remote Sens Symp (IGARSS)","Conference paper","Final","","Scopus","2-s2.0-85126022863"
"Zhang, L.; Wang, Y.; Chen, W.","Zhang, Lei (57221584594); Wang, Yuehuang Huan (7601492538); Chen, Wen (57779745200)","57221584594; 7601492538; 57779745200","ARS-Det: An Axis-Based Anchor-Free Rotation Detector for Ship in Remote Sensing Images","2021","Proceedings of SPIE - The International Society for Optical Engineering","12129","","1212904","","","1","10.1117/12.2625574","https://www.scopus.com/inward/record.uri?eid=2-s2.0-85123002017&doi=10.1117%2F12.2625574&partnerID=40&md5=4b6794e5433e0f56e9da78ee1b390203","School of Artificial Intelligence and Automation, Huazhong University of Science and Technology, Wuhan, Hubei, China","Zhang, Lei, School of Artificial Intelligence and Automation, Huazhong University of Science and Technology, Wuhan, Hubei, China; Wang, Yuehuang Huan, School of Artificial Intelligence and Automation, Huazhong University of Science and Technology, Wuhan, Hubei, China; Chen, Wen, School of Artificial Intelligence and Automation, Huazhong University of Science and Technology, Wuhan, Hubei, China","Ship detection in remote sensing images is a challenging and important task. Many methods of deep learning have been widely used in this field in recent years and most of them rely on a lot of predefined rotated anchor boxes, which not only lead to inaccurate angle predictions but also introduce excessive hyper parameters and high computational cost. In this paper, we propose an anchor-free rotation ship detector (ARS-Det) using axis-based representation scheme to address these issues. Our ARS-Det regards the detection of arbitrary-oriented objects as predicting the points at both ends of the longest axis and width of the objects. Attention FPN model is designed to capture multi-scale and key features of arbitrary-oriented target. Then, points assignment and orientation center-ness computation are proposed to screen of positive samples accurately. Experiments on public ship dataset HRSC2016 show that our method achieves state-of-art performance on ship detection in remote sensing images. © 2021 SPIE. All rights reserved.","Anchor-free method; Arbitrary-oriented object detection; AxisBased prediction; Remote sensing images (RSIs); Ship detection","Deep learning; Object detection; Object recognition; Remote sensing; Ships; Anchor-box; Anchor-free; Anchor-free method; Arbitrary-oriented object detection; Axisbased prediction; Free rotation; Hyper-parameter; Remote sensing image; Remote sensing images; Ship detection; Forecasting","Y. Wang; National Key Lab of Science and Technology on Multi-spectral Information Processing, School of Artificial Intelligence and Automation, Huazhong University of Science and Technology, Wuhan, Hubei, China; email: yuehwang@hust.edu.cn","Weng, C.-H.; He, Y.","SPIE","0277786X","9781510692657; 9781510690561; 9781510693302; 9781510692251; 9781510692275; 9781510693081; 9781510691001; 9781510690844; 9781510691469; 9781510688728","PSISD","","English","Proc SPIE Int Soc Opt Eng","Conference paper","Final","","Scopus","2-s2.0-85123002017"
"Lee, S.-J.; Lee, K.J.","Lee, Seung-jae (59628545800); Lee, Kwangjae (56101125400)","59628545800; 56101125400","Efficient Generation of Artificial Training DB for Ship Detection Using Satellite SAR Images","2021","IEEE Journal of Selected Topics in Applied Earth Observations and Remote Sensing","14","","","11764","11774","13","10.1109/JSTARS.2021.3128184","https://www.scopus.com/inward/record.uri?eid=2-s2.0-85120792579&doi=10.1109%2FJSTARS.2021.3128184&partnerID=40&md5=ac3a5fffb1d76ae8c34ce20d20659d00","Satellite Application Division, Korea Aerospace Research Institute, Daejeon, South Korea","Lee, Seung-jae, Satellite Application Division, Korea Aerospace Research Institute, Daejeon, South Korea; Lee, Kwangjae, Satellite Application Division, Korea Aerospace Research Institute, Daejeon, South Korea","In this article, we propose an effective scheme to generate an artificial training database (DB) to mitigate the deficiency in the amount of training DB for ship detection using satellite synthetic aperture radar (SAR) images. In the proposed scheme, SAR signatures of ship targets are first obtained from two different types of image: 1) Korea Multipurpose Satellite-5 images with automatic identification system information and 2) simulated SAR images that are acquired using electromagnetic numerical analysis. Then, the ship signatures are combined with sea clutter models to generate realistic SAR patches. For overall ship detection tasks (i.e., training and testing), the oriented bounding box concept was adopted to appropriately represent slender ship targets in SAR images. When compared with the rash collection of a large number of real SAR images, the proposed scheme is more efficient in terms of cost and time. Experimental results demonstrated that the proposed method can considerably aid in increasing the ship detection capacity of deep learning models. Thus, it is expected that the proposed scheme can be usefully exploited to solve the lack of the amount of training DB. © 2008-2012 IEEE.","Electromagnetic numerical analysis (EMNA); satellite synthetic aperture radar; ship detection; synthetic aperture radar (SAR) remote sensing","Automation; Deep learning; Numerical analysis; Radar imaging; Remote sensing; Satellites; Ships; Space-based radar; Tracking radar; Artificial training; Electromagnetic numerical analyse; Electromagnetics; Radar remote sensing; Satellite synthetic aperture radar; Satellite synthetic aperture radar images; Ship detection; Synthetic aperture radar remote sensing; Synthetic aperture radar images; Training database; Synthetic aperture radar; detection method; efficiency measurement; navigation aid; satellite data; satellite imagery; ship technology; synthetic aperture radar; training","S.-J. Lee; Satellite Application Division, Korea Aerospace Research Institute, Daejeon, South Korea; email: jelline15@kari.re.kr","","Institute of Electrical and Electronics Engineers Inc.","19391404","","","","English","IEEE J. Sel. Top. Appl. Earth Obs. Remote Sens.","Article","Final","All Open Access; Gold Open Access; Green Accepted Open Access; Green Open Access","Scopus","2-s2.0-85120792579"
"Ma, X.; Ji, K.; Xiong, B.; Zhang, L.; Feng, S.; Kuang, G.","Ma, Xiaojie (57224201769); Ji, Kefeng (7005637029); Xiong, Boli (36092194200); Zhang, Linbin (57203929982); Feng, Sijia (57224202465); Kuang, Gangyao (7006353231)","57224201769; 7005637029; 36092194200; 57203929982; 57224202465; 7006353231","Light-YOLOv4: An Edge-Device Oriented Target Detection Method for Remote Sensing Images","2021","IEEE Journal of Selected Topics in Applied Earth Observations and Remote Sensing","14","","","10808","10820","101","10.1109/JSTARS.2021.3120009","https://www.scopus.com/inward/record.uri?eid=2-s2.0-85117843395&doi=10.1109%2FJSTARS.2021.3120009&partnerID=40&md5=41d0ac2ad2d4a512cf2f12d401ce2d29","College of Electronic Science, National University of Defense Technology China, Changsha, Hunan, China","Ma, Xiaojie, College of Electronic Science, National University of Defense Technology China, Changsha, Hunan, China; Ji, Kefeng, College of Electronic Science, National University of Defense Technology China, Changsha, Hunan, China; Xiong, Boli, College of Electronic Science, National University of Defense Technology China, Changsha, Hunan, China; Zhang, Linbin, College of Electronic Science, National University of Defense Technology China, Changsha, Hunan, China; Feng, Sijia, College of Electronic Science, National University of Defense Technology China, Changsha, Hunan, China; Kuang, Gangyao, College of Electronic Science, National University of Defense Technology China, Changsha, Hunan, China","Most deep-learning-based target detection methods have high computational complexity and memory consumption, and they are difficult to deploy on edge devices with limited computing resources and memory. To tackle this problem, this article proposes to learn a lightweight detector named Light-YOLOv4, and it is obtained from YOLOv4 through model compression. To this end, first, we perform sparsity training by applying L1 regularization to the channel scaling factors, so the less important channels and layers can be found. Second, channel pruning and layer pruning are enforced on the network to prune the less important parts, which could significantly reduce network's width and depth. Third, the pruned model is retrained with a knowledge distillation method to improve the detection accuracy. Fourth, the model is quantized from FP32 to FP16, and it could further accelerate the model with almost no loss of detection accuracy. Finally, to evaluate Light-YOLOv4's performance on edge devices, Light-YOLOv4 is deployed on NVIDIA Jetson TX2. Experiments on the SAR ship detection dataset (SSDD) demonstrate that the model size, parameter size, and FLOPs of Light-YOLOv4 have been reduced by 98.63%, 98.66%, and 91.30% compared with YOLOv4, and the detection speed has been increased to 4.2×. While the detection accuracy of Light-YOLOv4 is only slightly reduced, for example, the mAP has only reduced by 0.013. Besides, experiments on the Gaofen Airplane dataset also prove the feasibility of Light-YOLOv4. Moreover, compared with other state-of-the-art methods, such as SSD and FPN, Light-YOLOv4 is more suitable for edge devices. © 2008-2012 IEEE.","Edge device; model compression; NVIDIA Jetson TX2; remote sensing; target detection; YOLOv4","Deep learning; Distillation; Edge detection; Feature extraction; Object detection; Quantization (signal); Edge device; Features extraction; Image edge detection; Model compression; NVIDIA jetson TX2; Remote-sensing; Targets detection; YOLOv4; Remote sensing; data set; detection method; experimental study; feasibility study; machine learning; remote sensing; satellite imagery; software","K. Ji; College of Electronic Science, State Key Lab. of Complex Electromagnetic Environment Effects on Electronics and Information System, National University of Defense Technology, Changsha, 410073, China; email: jikefeng@nudt.edu.cn","","Institute of Electrical and Electronics Engineers Inc.","19391404","","","","English","IEEE J. Sel. Top. Appl. Earth Obs. Remote Sens.","Article","Final","All Open Access; Gold Open Access; Green Accepted Open Access; Green Open Access","Scopus","2-s2.0-85117843395"
"Sun, F.; Li, H.; Liu, Z.; Li, X.; Wu, Z.","Sun, Fei (58275297100); Li, Huanyi (57219550863); Liu, Zhiyang (57222062773); Li, Xinyue (57775836200); Wu, Zhize (56623537700)","58275297100; 57219550863; 57222062773; 57775836200; 56623537700","Arbitrary-angle bounding box based location for object detection in remote sensing image","2021","European Journal of Remote Sensing","54","1","","102","116","21","10.1080/22797254.2021.1880975","https://www.scopus.com/inward/record.uri?eid=2-s2.0-85101282990&doi=10.1080%2F22797254.2021.1880975&partnerID=40&md5=222900862bffb52902426b7b1a216463","School of Artificial Intelligence and Big Data, Hefei University, Hefei, Anhui, China; College of Bioengineering Food and Environmental Sciences, Hefei University, Hefei, Anhui, China; School of Computer Science and Technology, University of Science and Technology of China, Hefei, Anhui, China","Sun, Fei, School of Artificial Intelligence and Big Data, Hefei University, Hefei, Anhui, China; Li, Huanyi, College of Bioengineering Food and Environmental Sciences, Hefei University, Hefei, Anhui, China; Liu, Zhiyang, School of Artificial Intelligence and Big Data, Hefei University, Hefei, Anhui, China; Li, Xinyue, School of Computer Science and Technology, University of Science and Technology of China, Hefei, Anhui, China; Wu, Zhize, School of Artificial Intelligence and Big Data, Hefei University, Hefei, Anhui, China","Object location is a fundamental yet challenging problem in object detection. In the remote sensing image, different imaging projection directions make the same object have various rotation angles, and in some scenes, the object distribution is relatively dense. Most of the existing deep learning-based object detection algorithms utilize horizontal bounding box to locate objects, which causes inaccurate location of the objects with dense distribution or arbitrary direction, thus leading to the detection misses. In this paper, we propose an arbitrary-angle bounding box based object location and embed it into the Faster R-CNN, developing a new framework called Rotated Faster R-CNN (R-FRCNN) for object detection in remote sensing image. In R-FRCNN, we specially improve anchor ratios to adapt to the objects like ship with large aspect ratio and increase the weights of the horizontal bounding box regression to reduce the interference of the arbitrary-angle bounding box on the horizontal bounding box prediction. Comprehensive experiments on a public dataset and a self-assembled dataset (which we make publically available) show the superior performance of our method compared to standalone state-of-the-art object detectors. © 2021 The Author(s). Published by Informa UK Limited, trading as Taylor & Francis Group.","Arbitrary angle; bounding box; object detection; remote sensing image","Aspect ratio; Convolutional neural networks; Deep learning; Location; Object recognition; Remote sensing; Arbitrary direction; Large aspect ratio; Object detection algorithms; Object detectors; Object distribution; Projection direction; Remote sensing images; State of the art; Object detection; algorithm; detection method; image analysis; instrumentation; remote sensing; satellite imagery","Z. Wu; School of Artificial Intelligence and Big Data, Hefei University, Hefei, China; email: wuzhize@mail.ustc.edu.cn","","Taylor and Francis Ltd.","","","","","English","European J. Remote Sens.","Article","Final","All Open Access; Gold Open Access; Green Accepted Open Access; Green Open Access","Scopus","2-s2.0-85101282990"
"Li, C.; Wang, L.; Kang, B.; Chen, M.; Cui, J.; Zheng, B.","Li, Chen (57215221811); Wang, Lei (57027489800); Kang, Bin (55802401800); Chen, Mingkai (57189896535); Cui, Jingwu (15126767600); Zheng, Baoyu Yui (7201781424)","57215221811; 57027489800; 55802401800; 57189896535; 15126767600; 7201781424","Arbitrary-Oriented Ship Detection Based on Feature Filter and KL Loss","2020","","","","9299876","620","624","2","10.1109/WCSP49889.2020.9299876","https://www.scopus.com/inward/record.uri?eid=2-s2.0-85099481719&doi=10.1109%2FWCSP49889.2020.9299876&partnerID=40&md5=3a16328e36372202244f6079146d3ad4","Key Lab of Broadband Wireless Communication and Sensor Network Technology, Nanjing University of Post and TeleCommunications, Nanjing, Jiangsu, China","Li, Chen, Key Lab of Broadband Wireless Communication and Sensor Network Technology, Nanjing University of Post and TeleCommunications, Nanjing, Jiangsu, China; Wang, Lei, Key Lab of Broadband Wireless Communication and Sensor Network Technology, Nanjing University of Post and TeleCommunications, Nanjing, Jiangsu, China; Kang, Bin, Key Lab of Broadband Wireless Communication and Sensor Network Technology, Nanjing University of Post and TeleCommunications, Nanjing, Jiangsu, China; Chen, Mingkai, Key Lab of Broadband Wireless Communication and Sensor Network Technology, Nanjing University of Post and TeleCommunications, Nanjing, Jiangsu, China; Cui, Jingwu, Key Lab of Broadband Wireless Communication and Sensor Network Technology, Nanjing University of Post and TeleCommunications, Nanjing, Jiangsu, China; Zheng, Baoyu Yui, Key Lab of Broadband Wireless Communication and Sensor Network Technology, Nanjing University of Post and TeleCommunications, Nanjing, Jiangsu, China","Although deep learning has been dominant in the field of target detection, there are still some challenges in the field of detection of ships: horizontal boundary box contains too much redundancy and noise in the scene of large scale and dense arrangement of ships, and there are many interferences in remote sensing optical images that affect the bounding box regression. Recent neural network for ship detection is generally used to extract the pixel information in the image to achieve rapid positioning and boundary box regression, or to process the dataset, so as to train a more robust network. However, these methods do not focus on the original feature map and loss functions of the target, which directly lead to the effects of ship positioning and regression. In this paper, we propose a ship detection network based on feature filter and Kullback-Leibler(KL) divergence loss function. In this paper, we propose to use mask filters on the output of the region of interest(ROI) network to remove the noise around the rotating bounding box, which is conducive to the regression of the rotating bounding box and angle in the second stage. In order to get a better bounding box, we propose to use KL loss function for regression of bounding box parameters. With the optimization of KL loss, the bounding box can better surround the ship. We carried out experiments on our own remote sensing ship image dataset for ship detection, it contains 5,126 remote sensing satellite images and more than 23800 ships in 6 categories. The dataset contains a variety of scenarios and challenges. Experiments show that the method is accurate and effective, and the bounding box has good wrapping property. © 2020 IEEE.","bounding box; deep learning; mask; ship detection","Deep learning; Geometrical optics; Image segmentation; Remote sensing; Ships; Image datasets; Kullback-Leibler divergence; Loss functions; Pixel information; Remote sensing satellites; Robust network; Ship positioning; The region of interest (ROI); Feature extraction","","","Institute of Electrical and Electronics Engineers Inc.","","9781728172361","","","English","Int. Conf. Wirel. Commun. Signal Process., WCSP","Conference paper","Final","","Scopus","2-s2.0-85099481719"
"Ran, B.; You, Y.; Li, Z.; Liu, F.","Ran, Bohao (57210944978); You, Ya'nan (54409614600); Li, Zezhong (57210945291); Liu, Fang (57091791100)","57210944978; 54409614600; 57210945291; 57091791100","Arbitrary-Oriented Ship Detection Method Based on Improved Regression Model for Target Direction Detection Network","2020","International Geoscience and Remote Sensing Symposium (IGARSS)","","","9323265","964","967","3","10.1109/IGARSS39084.2020.9323265","https://www.scopus.com/inward/record.uri?eid=2-s2.0-85101982451&doi=10.1109%2FIGARSS39084.2020.9323265&partnerID=40&md5=0bf47ea79a815ad7eb9dda88626c5028","School of Information and Communication Engineering, Beijing University of Posts and Telecommunications, Beijing, Beijing, China","Ran, Bohao, School of Information and Communication Engineering, Beijing University of Posts and Telecommunications, Beijing, Beijing, China; You, Ya'nan, School of Information and Communication Engineering, Beijing University of Posts and Telecommunications, Beijing, Beijing, China; Li, Zezhong, School of Information and Communication Engineering, Beijing University of Posts and Telecommunications, Beijing, Beijing, China; Liu, Fang, School of Information and Communication Engineering, Beijing University of Posts and Telecommunications, Beijing, Beijing, China","Arbitrary-oriented ship detection is one of the main applications of high-resolution remote sensing images. The current target direction detection methods, based on deep convolution neural network (DCNN), can estimate most of the ship directions (i.e. represented by angles). However, the performance of these networks is limited by the boundary discontinuity problem due to the angle-based regression model. In this paper, we propose an improved regression model based on coordinates in the complex plane to solve the boundary discontinuity problem. Experiments on real remote sensing dataset verify the effectiveness and robustness of our method. © 2020 IEEE.","deep learning; regression model; remote sensing; ship detection","Deep neural networks; Geology; Regression analysis; Ships; Complex planes; Convolution neural network; Discontinuity problems; High resolution remote sensing images; Regression model; Ship detection; Target direction; Remote sensing","","","Institute of Electrical and Electronics Engineers Inc.","21536996","1424412129; 0780312406; 9780780390508; 9798350320107; 9781728163741; 9781424495658; 9781665427920; 9781479911141; 9781479957750; 9781479979295","IGRSE","","English","Dig Int Geosci Remote Sens Symp (IGARSS)","Conference paper","Final","","Scopus","2-s2.0-85101982451"
"","","","2nd International Conference on Artificial Intelligence and Computer Science","2020","Journal of Physics: Conference Series","1631","1","","","","0","","https://www.scopus.com/inward/record.uri?eid=2-s2.0-85092480982&partnerID=40&md5=6c8c7bcda56e5bd8aa047858df407a88","","","The proceedings contain 191 papers. The topics discussed include: multi-category classification problem oriented subsampling-based active learning method; research on virtual coupling train operations based on moving-block and vehicle-to-vehicle communication; a novel superheat identification of aluminum electrolysis with kernel semi-supervised extreme learning machine; real-time multi-object grasp based on convolutional neural network; semi-supervised deep learning in motor imagery-based brain-computer interfaces with stacked variational autoencoder; robust learning control for a class of uncertain linear motor systems; remote sensing image building extraction method based on deep learning; a ship ranging and positioning system based on binocular vision technology; research on harmonic power sharing method based on intelligent matching virtual harmonic impedance; design of tire damage image recognition system based on deep learning; research on the method of individual identification of chickens based on depth image; and training and operation of multi-layer convolutional neural network using electronic synapses.","","","","Mao, Q.; Nayyar, A.; Cheng, C.","IOP Publishing Ltd custserv@iop.org","17426588","9788394593742; 9781628905861","","","English","J. Phys. Conf. Ser.","Conference review","Final","","Scopus","2-s2.0-85092480982"
"Zhang, X.-H.; Yao, L.; Lü, Y.-F.; Han, P.; Li, J.","Zhang, Xiaohan (57192412934); Yao, Libo (56048087400); Lü, Ya Fei (58390487000); Han, Peng (59797167200); Li, Jianwei (55548743900)","57192412934; 56048087400; 58390487000; 59797167200; 55548743900","Center Based Model for Arbitrary-oriented Ship Detection in Remote Sensing Images; 基于中心点的遥感图像多方向舰船目标检测","2020","Guangzi Xuebao/Acta Photonica Sinica","49","4","0410005","","","11","10.3788/gzxb20204904.0410005","https://www.scopus.com/inward/record.uri?eid=2-s2.0-85084419791&doi=10.3788%2Fgzxb20204904.0410005&partnerID=40&md5=3cca2ec5580771a34412ad736ffeac70","Institute of Information Fusion, Naval Aviation University, Yantai, Shandong, China","Zhang, Xiaohan, Institute of Information Fusion, Naval Aviation University, Yantai, Shandong, China; Yao, Libo, Institute of Information Fusion, Naval Aviation University, Yantai, Shandong, China; Lü, Ya Fei, Institute of Information Fusion, Naval Aviation University, Yantai, Shandong, China; Han, Peng, ; Li, Jianwei, ","The recent proposed deep learning-based arbitrary-oriented objects detection algorithms increase extra computation burden and could not work efficiently. A one-stage model based on object centers detection is proposed for arbitrary-oriented ship detection. As the centers of objects are free from the influence their distribution directions, the key of the model is to regress the parameters of object's oriented bounding box on the basis of center detection. Firstly, a feature extracting network is designed to achieve feature map and a new feature fusion method is proposed which aggregates the low-level features rich in detailing information and high-level features rich in semantic information together. Then the feature map is entered to three detection branches, which predict of centers, offsets of centers, and size and direction of the oriented bounding boxes respectively. A combined loss function is proposed for the training of the network, and a modified non-maximum suppression algorithm is proposed for removing invalid oriented bounding boxes. The proposed model achieves state-of-art performance in public SAR ship detection dataset with mean average precision as 0.906, outstanding than other methods both in speed and precision. © 2020, Science Press. All right reserved.","Deep learning; Feature extraction; Image analysis; Object detection; Remote sensing images; Ship","Arts computing; Computational efficiency; Deep learning; Remote sensing; Semantics; Ships; Feature fusion method; High-level features; Low-level features; Non-maximum suppression; Oriented bounding box; Remote sensing images; Semantic information; State-of-art performance; Object detection","L.-B. Yao; Information Fusion Institute, Naval Aviation University, Yantai, 264000, China; email: ylb_rs@126.com","","Chinese Optical Society photon@optics.opt.ac.cn","10044213","","GUXUE","","Chinese","Guangzi Xuebao","Article","Final","","Scopus","2-s2.0-85084419791"
"Wang, Y.; Zhao, T.; Shi, Z.","Wang, Yihua (58659545100); Zhao, Tao (57671086800); Shi, Zhe (58659082000)","58659545100; 57671086800; 58659082000","Multi-scale and Densely Arranged Target Detection in SAR Images with a Gated Feature Pyramid Network and Oriented Bounding Boxes","2020","IET Conference Proceedings","2020","9","","29","36","0","10.1049/icp.2021.0616","https://www.scopus.com/inward/record.uri?eid=2-s2.0-85174658594&doi=10.1049%2Ficp.2021.0616&partnerID=40&md5=e6946864858a08c57598c937853eadf7","Northwest Institute of Mechanical and Electrical Engineering, Xianyang, Shaanxi, China","Wang, Yihua, Northwest Institute of Mechanical and Electrical Engineering, Xianyang, Shaanxi, China; Zhao, Tao, Northwest Institute of Mechanical and Electrical Engineering, Xianyang, Shaanxi, China; Shi, Zhe, Northwest Institute of Mechanical and Electrical Engineering, Xianyang, Shaanxi, China","Target detection in SAR images plays an important role in remote sensing, but still presents many challenges in the deep learning era. The deep learning-based detector performs well. However, the results also showed that the Faster R-CNN detector is not able to detect ships of different sizes and those that are densely arranged near the shore. In order to solve the two problems above, we propose a detector with a Gated Feature Pyramid Network and oriented bounding boxes. The Gated Feature Pyramid Network can selectively build a feature pyramid with channel-wise and space-wise attention modules. Channel-wise attention can be viewed as the process of selecting semantic attributes to detect ships with different scales. This is helpful for classification. Space-wise attention pays more attention to the semantic-related regions. This is helpful for localization. The oriented bounding boxes can locate ships tightly and thus recognize and locate them with a high level of accuracy, especially for the densely arranged ships. The anchors are also redesigned to best fit ships in SSDD+. Oriented Region-of-Interest aligning is used to generate a fixed-length vector without misalignment on small ships. Angle-related intersection-of-union is used to prepare positive and negative oriented proposals. It can compute the real overlap of two oriented bounding boxes. The multi-task loss function with angle information is used to train the model. The results of SSDD+ show that the proposed detector can adapt to complex situations with multi-scale and densely arranged ships. © 2020 IET Conference Proceedings. All rights reserved.","Attention; deep learning; Feature Pyramid Networks; SAR image; Ship detection","Deep learning; Feature extraction; Image segmentation; Radar imaging; Remote sensing; Semantics; Ships; Attention; Feature pyramid; Feature pyramid network; Multi-scales; Oriented bounding box; Pyramid network; SAR Images; Ship detection; Targets detection; Synthetic aperture radar","T. Zhao; Northwest Institute of Mechanical and Electrical Engineering, Xianyang, China; email: zhaotao409@163.com","","Institution of Engineering and Technology","","9781839537776; 9781837241217; 9781839538544; 9781837241989; 9780863419027; 9781849197328; 9781839539961; 9781839538650; 9781785618468; 9781837243143","","","English","IET. Conf. Proc.","Conference paper","Final","","Scopus","2-s2.0-85174658594"
"","","","3rd Chinese Conference on Pattern Recognition and Computer Vision, PRCV 2020","2020","Lecture Notes in Computer Science","12307 LNCS","","","","","0","","https://www.scopus.com/inward/record.uri?eid=2-s2.0-85094139686&partnerID=40&md5=870540f31eafc518d3b15989e79b4673","","","The proceedings contain 158 papers. The special focus in this conference is on Pattern Recognition and Computer Vision. The topics include: Underwater Image Processing by an Adversarial Network with Feedback Control; inception Parallel Attention Network for Small Object Detection in Remote Sensing Images; hyperspectral Image Denoising Based on Graph-Structured Low Rank and Non-local Constraint; multi-human Parsing with Pose and Boundary Guidance; m2E-Net: Multiscale Morphological Enhancement Network for Retinal Vessel Segmentation; DUDA: Deep Unsupervised Domain Adaptation Learning for Multi-sequence Cardiac MR Image Segmentation; learning from Rankings with Multi-level Features for No-Reference Image Quality Assessment; reversible Data Hiding Based on Prediction-Error-Ordering; aggregating Spatio-temporal Context for Video Object Segmentation; Position and Orientation Detection of Insulators in Arbitrary Direction Based on YOLOv3; R-PFN: Towards Precise Object Detection by Recurrent Pyramidal Feature Fusion; image Super-Resolution Based on Non-local Convolutional Neural Network; VH3D-LSFM: Video-Based Human 3D Pose Estimation with Long-Term and Short-Term Pose Fusion Mechanism; automatic Tooth Segmentation and 3D Reconstruction from Panoramic and Lateral Radiographs; unregistered Hyperspectral and Multispectral Image Fusion with Synchronous Nonnegative Matrix Factorization; Cloud Detection Algorithm Using Advanced Fully Convolutional Neural Networks in FY3D-MERSI Imagery; multi-layer Pointpillars: Multi-layer Feature Abstraction for Object Detection from Point Cloud; building Detection via Complementary Convolutional Features of Remote Sensing Images; hyperspectral Image Super-Resolution via Self-projected Smooth Prior; 3D Point Cloud Segmentation for Complex Structure Based on PointSIFT; completely Blind Image Quality Assessment with Visual Saliency Modulated Multi-feature Collaboration; blood Flow Velocity Detection of Nailfold Microcirculation Based on Spatiotemporal Analysis; blind Super-Resolution with Kernel-Aware Feature Refinement; preface.","","","","Peng, Y.; Zha, H.; Liu, Q.; Lu, H.; Sun, Z.; Liu, C.; Chen, X.; Yang, J.","Springer Science and Business Media Deutschland GmbH info@springer-sbm.com","03029743","9789819698936; 9789819698042; 9789819698110; 9789819698905; 9783032004949; 9789819512324; 9783032026019; 9783032008909; 9783031915802; 9789819698141","","","English","Lect. Notes Comput. Sci.","Conference review","Final","","Scopus","2-s2.0-85094139686"
"","","","3rd Chinese Conference on Pattern Recognition and Computer Vision, PRCV 2020","2020","Lecture Notes in Computer Science","12306 LNCS","","","","","0","","https://www.scopus.com/inward/record.uri?eid=2-s2.0-85093915021&partnerID=40&md5=14f9746d33306c82579ffc98fa15ec17","","","The proceedings contain 158 papers. The special focus in this conference is on Pattern Recognition and Computer Vision. The topics include: Underwater Image Processing by an Adversarial Network with Feedback Control; inception Parallel Attention Network for Small Object Detection in Remote Sensing Images; hyperspectral Image Denoising Based on Graph-Structured Low Rank and Non-local Constraint; multi-human Parsing with Pose and Boundary Guidance; m2E-Net: Multiscale Morphological Enhancement Network for Retinal Vessel Segmentation; DUDA: Deep Unsupervised Domain Adaptation Learning for Multi-sequence Cardiac MR Image Segmentation; learning from Rankings with Multi-level Features for No-Reference Image Quality Assessment; reversible Data Hiding Based on Prediction-Error-Ordering; aggregating Spatio-temporal Context for Video Object Segmentation; Position and Orientation Detection of Insulators in Arbitrary Direction Based on YOLOv3; R-PFN: Towards Precise Object Detection by Recurrent Pyramidal Feature Fusion; image Super-Resolution Based on Non-local Convolutional Neural Network; VH3D-LSFM: Video-Based Human 3D Pose Estimation with Long-Term and Short-Term Pose Fusion Mechanism; automatic Tooth Segmentation and 3D Reconstruction from Panoramic and Lateral Radiographs; unregistered Hyperspectral and Multispectral Image Fusion with Synchronous Nonnegative Matrix Factorization; Cloud Detection Algorithm Using Advanced Fully Convolutional Neural Networks in FY3D-MERSI Imagery; multi-layer Pointpillars: Multi-layer Feature Abstraction for Object Detection from Point Cloud; building Detection via Complementary Convolutional Features of Remote Sensing Images; hyperspectral Image Super-Resolution via Self-projected Smooth Prior; 3D Point Cloud Segmentation for Complex Structure Based on PointSIFT; completely Blind Image Quality Assessment with Visual Saliency Modulated Multi-feature Collaboration; blood Flow Velocity Detection of Nailfold Microcirculation Based on Spatiotemporal Analysis; blind Super-Resolution with Kernel-Aware Feature Refinement; preface.","","","","Peng, Y.; Zha, H.; Liu, Q.; Lu, H.; Sun, Z.; Liu, C.; Chen, X.; Yang, J.","Springer Science and Business Media Deutschland GmbH info@springer-sbm.com","03029743","9789819698936; 9789819698042; 9789819698110; 9789819698905; 9783032004949; 9789819512324; 9783032026019; 9783032008909; 9783031915802; 9789819698141","","","English","Lect. Notes Comput. Sci.","Conference review","Final","","Scopus","2-s2.0-85093915021"
"","","","3rd Chinese Conference on Pattern Recognition and Computer Vision, PRCV 2020","2020","Lecture Notes in Computer Science","12305 LNCS","","","","","0","","https://www.scopus.com/inward/record.uri?eid=2-s2.0-85093816655&partnerID=40&md5=74e631ea45de48fc1e60f3f126db388d","","","The proceedings contain 158 papers. The special focus in this conference is on Pattern Recognition and Computer Vision. The topics include: Underwater Image Processing by an Adversarial Network with Feedback Control; inception Parallel Attention Network for Small Object Detection in Remote Sensing Images; hyperspectral Image Denoising Based on Graph-Structured Low Rank and Non-local Constraint; multi-human Parsing with Pose and Boundary Guidance; m2E-Net: Multiscale Morphological Enhancement Network for Retinal Vessel Segmentation; DUDA: Deep Unsupervised Domain Adaptation Learning for Multi-sequence Cardiac MR Image Segmentation; learning from Rankings with Multi-level Features for No-Reference Image Quality Assessment; reversible Data Hiding Based on Prediction-Error-Ordering; aggregating Spatio-temporal Context for Video Object Segmentation; Position and Orientation Detection of Insulators in Arbitrary Direction Based on YOLOv3; R-PFN: Towards Precise Object Detection by Recurrent Pyramidal Feature Fusion; image Super-Resolution Based on Non-local Convolutional Neural Network; VH3D-LSFM: Video-Based Human 3D Pose Estimation with Long-Term and Short-Term Pose Fusion Mechanism; automatic Tooth Segmentation and 3D Reconstruction from Panoramic and Lateral Radiographs; unregistered Hyperspectral and Multispectral Image Fusion with Synchronous Nonnegative Matrix Factorization; Cloud Detection Algorithm Using Advanced Fully Convolutional Neural Networks in FY3D-MERSI Imagery; multi-layer Pointpillars: Multi-layer Feature Abstraction for Object Detection from Point Cloud; building Detection via Complementary Convolutional Features of Remote Sensing Images; hyperspectral Image Super-Resolution via Self-projected Smooth Prior; 3D Point Cloud Segmentation for Complex Structure Based on PointSIFT; completely Blind Image Quality Assessment with Visual Saliency Modulated Multi-feature Collaboration; blood Flow Velocity Detection of Nailfold Microcirculation Based on Spatiotemporal Analysis; blind Super-Resolution with Kernel-Aware Feature Refinement; preface.","","","","Peng, Y.; Zha, H.; Liu, Q.; Lu, H.; Sun, Z.; Liu, C.; Chen, X.; Yang, J.","Springer Science and Business Media Deutschland GmbH info@springer-sbm.com","03029743","9789819698936; 9789819698042; 9789819698110; 9789819698905; 9783032004949; 9789819512324; 9783032026019; 9783032008909; 9783031915802; 9789819698141","","","English","Lect. Notes Comput. Sci.","Conference review","Final","","Scopus","2-s2.0-85093816655"
"Zan, L.; Lu, K.; Chen, Z.","Zan, Luyang (57217868430); Lu, Kaixuan (57209328529); Chen, Zhengchao (7409481437)","57217868430; 57209328529; 7409481437","Automatic Detection of Ship Based on Rotation Invariant RetinaNet","2020","Lecture Notes in Electrical Engineering","657","","","515","525","3","10.1007/978-981-15-3947-3_39","https://www.scopus.com/inward/record.uri?eid=2-s2.0-85087788246&doi=10.1007%2F978-981-15-3947-3_39&partnerID=40&md5=3a9d7db5e9176b7f099061965f302258","Airborne Remote Sensing Center, Chinese Academy of Sciences, Beijing, Beijing, China; College of Resources and Environment, University of Chinese Academy of Sciences, Beijing, China","Zan, Luyang, Airborne Remote Sensing Center, Chinese Academy of Sciences, Beijing, Beijing, China, College of Resources and Environment, University of Chinese Academy of Sciences, Beijing, China; Lu, Kaixuan, Airborne Remote Sensing Center, Chinese Academy of Sciences, Beijing, Beijing, China; Chen, Zhengchao, Airborne Remote Sensing Center, Chinese Academy of Sciences, Beijing, Beijing, China","Ship detection in the aerial image is an active yet challenging in remote sensing image processing. Due to the difficulties of locating the arbitrarily rotated ships and the complexity of the background around the ship, the existing deep learning-based object detection algorithm is difficult to accurately identify the ship target. For multi-angle ships, the horizontal bounding box contains not only ship objects but also a lot of irrelevant backgrounds, they are learned by the deep convolutional network as a learning object, and this leads to the common misalignment between the final classification confidence and localization accuracy. In this paper, we propose a new module called rotation RetinaNet (RRNet) to handle this problem. Firstly, we start from the popular one-stage RetinaNet approach, with ResNet50 as a basic network. Then, we apply a rotation head to RetinaNet to guarantee the rotation invariance of the model. Finally, we add an angular loss to the original loss so that the model can learn the angular offset of the bounding box. As a consequence, the proposed RRNet achieves high performance on the open-source DOTA datasets. © 2020, Springer Nature Singapore Pte Ltd.","Convolutional neural network; Rotation RetinaNet; Ship detection","Antennas; Convolutional neural networks; Deep learning; Object detection; Object recognition; Observatories; Remote sensing; Rotation; Automatic Detection; Classification confidence; Convolutional networks; Localization accuracy; Object detection algorithms; Remote sensing image processing; Rotation invariance; Rotation invariant; Ships","Z. Chen; Airborne Remote Sensing Center, Institute of Remote Sensing and Digital Earth, Chinese Academy of Sciences, Beijing, 100094, China; email: chenzc@radi.ac.cn","Wang, L.; Wu, Y.; Gong, J.","Springer","18761100","9789819680023; 9789819540440; 9789819658473; 9789819600571; 9789819644292; 9789819637577; 9789819663392; 9783319030135; 9783642363283; 9789819648115","","","English","Lect. Notes Electr. Eng.","Conference paper","Final","","Scopus","2-s2.0-85087788246"
"Ying, R.","Ying, Ren (57217871450)","57217871450","Airport and Ship Target Detection on Satellite Images Based on YOLO V3 Network","2020","Lecture Notes in Electrical Engineering","657","","","167","174","1","10.1007/978-981-15-3947-3_12","https://www.scopus.com/inward/record.uri?eid=2-s2.0-85087770049&doi=10.1007%2F978-981-15-3947-3_12&partnerID=40&md5=b6be3a39a97e9d9fe5482c17e071daaf","Chang Guang Satellite Technology Co., Ltd., Changchun, China","Ying, Ren, Chang Guang Satellite Technology Co., Ltd., Changchun, China","Airplane and ship play a very important role in both civil life and military operations. It is a meaningful to detect airplane and ship around the world through remote sensing images. Target recognition algorithms based on deep learning technology are proven to be effective and gradually replacing traditional algorithms. This paper builds a target detection system based on NVIDIA TX2 development platform and YOLO V3 algorithm and focuses on both the ship and airplane targets. The training data comes from image fragments generated by satellites such as Jilin No. 1, DigitalGlobe, and Planet. The label of each target includes a bounding box and category information. The image processing method such as rotation and noise is added to increase the robustness of the trained YOLO V3 network for different sensors and atmosphere. The training of the input image takes about 3 days on an NVIDIA Titan X GPU. At test time, we partition testing images of arbitrary size into cutouts with a fixed size of 1 k × 1 k and run each cutout through our trained model to find ships and airplanes. The experimental results show that the F<inf>1</inf>-score values of the airport and the ship are 91.48% and 93.89%, respectively, and the detection speed of one cutout on NVIDIA TX2 development platform is about 0.56 s. © 2020, Springer Nature Singapore Pte Ltd.","Deep learning; Satellite images; Target detection; Training data; YOLO V3","Aircraft; Deep learning; Image segmentation; Military operations; Object recognition; Observatories; Remote sensing; Satellites; Ship testing; Ships; Airplane targets; Development platform; Image processing - methods; Learning technology; Partition testing; Remote sensing images; Satellite images; Target recognition algorithms; Aircraft detection","R. Ying; Chang Guang Satellite Technology Co., Ltd., Changchun, China; email: renying1009@163.com","Wang, L.; Wu, Y.; Gong, J.","Springer","18761100","9789819680023; 9789819540440; 9789819658473; 9789819600571; 9789819644292; 9789819637577; 9789819663392; 9783319030135; 9783642363283; 9789819648115","","","English","Lect. Notes Electr. Eng.","Conference paper","Final","","Scopus","2-s2.0-85087770049"
