"DI","PY","AU","TI","SO","AB","DT","CT","DE","TC","SC"
"",2025,"","6TH INTERNATIONAL CONFERENCE ON 3D IMAGING TECHNOLOGIES—MULTIDIMENSIONAL SIGNAL PROCESSING AND DEEP LEARNING, 3DIT-MSP AND DL 2024","SMART INNOVATION, SYSTEMS AND TECHNOLOGIES","THE PROCEEDINGS CONTAIN 25 PAPERS. THE SPECIAL FOCUS IN THIS CONFERENCE IS ON 3D IMAGING TECHNOLOGIES—MULTIDIMENSIONAL SIGNAL PROCESSING AND DEEP LEARNING. THE TOPICS INCLUDE: ON THE APPLICATION OF VIRTUAL REALITY TECHNOLOGY IN DIGITAL SERVICES OF COLLEGE LIBRARIES; RESEARCH ON USER EXPERIENCE ORIENTED TO DIGITAL EXHIBITION AND PRESENTATION NARRATIVES IN MUSEUMS; RESEARCH ON USER EXPERIENCE DESIGN IN VIRTUAL MUSEUMS UNDER THE CONCEPT OF INTERACTION DESIGN; DESIGN OF AN IMMERSIVE MUSEUM NAVIGATION APP IN THE CONTEXT OF AUDIOVISUAL INTEGRATION; SOIL NUTRIENT DYNAMIC MONITORING USING HYPERSPECTRAL IMAGING AND ARTIFICIAL INTELLIGENCE; RESEARCH ON THE APPLICATION OF VR AND DEEP LEARNING IN PLANT LANDSCAPE DESIGN; POST-PROCESSING AND VISUAL EFFECT OPTIMIZATION OF DIGITAL FILMS IN THE INFORMATION TECHNOLOGY CONTEXT; OPTIMIZATION AND APPLICATION OF 3D POINT CLOUD DEEP LEARNING ALGORITHM; OPTIMIZATION OF 3D MODEL DEFECT DETECTION ALGORITHM BASED ON DEEP LEARNING; DATA RECOGNITION AND SCORING PATH IN ENGLISH ORAL TRAINING PLATFORM BASED ON DEEP LEARNING MODEL; SENTIMENT ANALYSIS COMBINING LARGE MODELS AND DEEP LEARNING: MULTI-SOURCE DATA FUSION FROM TEXT TO SPEECH; ENGLISH SPEECH DISTORTION DETECTION AND REPAIR BASED ON DEEP LEARNING; DESIGN OF A MICRO-LANDMARK RECOGNITION AND INTELLIGENT NAVIGATION SYSTEM BASED ON IMMERSIVE VIRTUAL REALITY TECHNOLOGY; A FRAMEWORK FOR HUMAN SKELETON KEYPOINT DETECTION IN LOW-LIGHT ENVIRONMENTS BASED ON DEEP LEARNING; APPLICATION AND OPTIMIZATION IN SHIP INSPECTION AND INTELLIGENT MAINTENANCE; CVI-LAYOUTXLM: ENHANCED MULTIMODAL RESUME INFORMATION EXTRACTION MODEL; RESEARCH ON PERSONAL CREDIT FAULT PREDICTION METHOD BASED ON IMPROVED LOGISTIC REGRESSION MODEL; REMOTE SENSING IMAGE SEMANTIC SEGMENTATION PREDICTION AND ENHANCEMENT SYSTEM BASED ON DEEP LEARNING.","CONFERENCE REVIEW",NA,"",0,NA
"",2025,"","6TH INTERNATIONAL CONFERENCE ON 3D IMAGING TECHNOLOGIES—MULTIDIMENSIONAL SIGNAL PROCESSING AND DEEP LEARNING, 3DIT-MSP AND DL 2024","SMART INNOVATION, SYSTEMS AND TECHNOLOGIES","THE PROCEEDINGS CONTAIN 25 PAPERS. THE SPECIAL FOCUS IN THIS CONFERENCE IS ON 3D IMAGING TECHNOLOGIES—MULTIDIMENSIONAL SIGNAL PROCESSING AND DEEP LEARNING. THE TOPICS INCLUDE: ON THE APPLICATION OF VIRTUAL REALITY TECHNOLOGY IN DIGITAL SERVICES OF COLLEGE LIBRARIES; RESEARCH ON USER EXPERIENCE ORIENTED TO DIGITAL EXHIBITION AND PRESENTATION NARRATIVES IN MUSEUMS; RESEARCH ON USER EXPERIENCE DESIGN IN VIRTUAL MUSEUMS UNDER THE CONCEPT OF INTERACTION DESIGN; DESIGN OF AN IMMERSIVE MUSEUM NAVIGATION APP IN THE CONTEXT OF AUDIOVISUAL INTEGRATION; SOIL NUTRIENT DYNAMIC MONITORING USING HYPERSPECTRAL IMAGING AND ARTIFICIAL INTELLIGENCE; RESEARCH ON THE APPLICATION OF VR AND DEEP LEARNING IN PLANT LANDSCAPE DESIGN; POST-PROCESSING AND VISUAL EFFECT OPTIMIZATION OF DIGITAL FILMS IN THE INFORMATION TECHNOLOGY CONTEXT; OPTIMIZATION AND APPLICATION OF 3D POINT CLOUD DEEP LEARNING ALGORITHM; OPTIMIZATION OF 3D MODEL DEFECT DETECTION ALGORITHM BASED ON DEEP LEARNING; DATA RECOGNITION AND SCORING PATH IN ENGLISH ORAL TRAINING PLATFORM BASED ON DEEP LEARNING MODEL; SENTIMENT ANALYSIS COMBINING LARGE MODELS AND DEEP LEARNING: MULTI-SOURCE DATA FUSION FROM TEXT TO SPEECH; ENGLISH SPEECH DISTORTION DETECTION AND REPAIR BASED ON DEEP LEARNING; DESIGN OF A MICRO-LANDMARK RECOGNITION AND INTELLIGENT NAVIGATION SYSTEM BASED ON IMMERSIVE VIRTUAL REALITY TECHNOLOGY; A FRAMEWORK FOR HUMAN SKELETON KEYPOINT DETECTION IN LOW-LIGHT ENVIRONMENTS BASED ON DEEP LEARNING; APPLICATION AND OPTIMIZATION IN SHIP INSPECTION AND INTELLIGENT MAINTENANCE; CVI-LAYOUTXLM: ENHANCED MULTIMODAL RESUME INFORMATION EXTRACTION MODEL; RESEARCH ON PERSONAL CREDIT FAULT PREDICTION METHOD BASED ON IMPROVED LOGISTIC REGRESSION MODEL; REMOTE SENSING IMAGE SEMANTIC SEGMENTATION PREDICTION AND ENHANCEMENT SYSTEM BASED ON DEEP LEARNING.","CONFERENCE REVIEW",NA,"",0,NA
"",2025,"","INTERNATIONAL SCIENTIFIC AND TECHNICAL CONFERENCE ON INTEGRATED COMPUTER TECHNOLOGIES IN MECHANICAL ENGINEERING-SYNERGETIC ENGINEERING, ICTM 2024","LECTURE NOTES IN NETWORKS AND SYSTEMS","THE PROCEEDINGS CONTAIN 52 PAPERS. THE SPECIAL FOCUS IN THIS CONFERENCE IS ON INTEGRATED COMPUTER TECHNOLOGIES IN MECHANICAL ENGINEERING-SYNERGETIC ENGINEERING. THE TOPICS INCLUDE: ALGORITHMIC PROVISION OF CONTOURS GUIDANCE OF UNMANNED SYSTEMS; IMPACT OF INFORMATION TECHNOLOGIES ON RAILWAY TRANSPORTATION: UTILIZATION OF SATELLITE NAVIGATION SYSTEMS; MACHINE LEARNING MODEL OF AUTOMOTIVE DAMPERS; METHOD OF INTERPRETIVE VISUAL ANALYTICS FOR NEURAL NETWORK DETECTION OF SOCIAL MEDIA POSTS SENTIMENTS; COMPARATIVE ANALYSIS REGION OF INTEREST (ROI) TRACKING METHODS; PERFORMANCE EVALUATION OF MODIFIED DETECTION ALGORITHMS WITHIN THE FRAMEWORK OF A SIMULATION SYSTEM FOR MODELLING UAV VISUAL GUIDANCE; MODEL-ORIENTED APPROACH TO VIBRATION DIAGNOSTIC SYSTEMS; ANALYSIS OF OPTICAL COHERENCE TOMOGRAPHY IMAGES OF HUMAN ARTERIOSCLEROTIC VESSELS USING COMPUTER VISION AND DEEP LEARNING ALGORITHMS; SENSITIVITY ANALYSIS OF PARAMETERS USED TO GENERATE MATERIAL MICROSTRUCTURES BY CELLULAR AUTOMATA; REMOTE MONITORING OF ICHTHYOFAUNA USING ARTIFICIAL INTELLIGENCE AND ALTSHULLER’S ALGORITHM; APPLICATION OF DETECTRON2 SOFTWARE PLATFORM FOR SURGICAL INSTRUMENT DETECTION AND SEGMENTATION ON OPERATIONAL SPACE OF LAPAROSCOPIC INTERVENTION; SIMULATION OF ACUTE UPPER RESPIRATORY TRACT INFECTIONS IN KHARKIV OBLAST (UKRAINE): THE ARIMA MODEL APPROACH; IMAGE SET FOR VERIFICATION OF METHODS OF DENOISING OF SAR IMAGES; MATHEMATICAL METHODS OF ANALYZING POWER CONSUMPTION BY AN INDUCTION MOTOR WITH A SQUIRREL-CAGE WINDING; MODEL OF INFORMATION TECHNOLOGY INTEGRATION FOR SOLVING ECOSYSTEM MONITORING TASKS; EMERGING TECHNOLOGIES IN INFECTIOUS DISEASE SURVEILLANCE AND CONTROL: CURRENT SOLUTIONS AND FUTURE DIRECTIONS; DEVELOPING HARDWARE AND SOFTWARE FOR UAV ONBOARD COMPUTERS: A COMBINED APPROACH WITH SWOT ANALYSIS; OPTIMIZATION OF UAV ROUTES AND EFFICIENCY ENHANCEMENT USING MODERN IT TECHNOLOGIES; UNMANNED TECHNOLOGIES AND DRONES IN RUNWAY SERVICE.","CONFERENCE REVIEW",NA,"",0,NA
"",2025,"","INTERNATIONAL SCIENTIFIC AND TECHNICAL CONFERENCE ON INTEGRATED COMPUTER TECHNOLOGIES IN MECHANICAL ENGINEERING-SYNERGETIC ENGINEERING, ICTM 2024","LECTURE NOTES IN NETWORKS AND SYSTEMS","THE PROCEEDINGS CONTAIN 52 PAPERS. THE SPECIAL FOCUS IN THIS CONFERENCE IS ON INTEGRATED COMPUTER TECHNOLOGIES IN MECHANICAL ENGINEERING-SYNERGETIC ENGINEERING. THE TOPICS INCLUDE: ALGORITHMIC PROVISION OF CONTOURS GUIDANCE OF UNMANNED SYSTEMS; IMPACT OF INFORMATION TECHNOLOGIES ON RAILWAY TRANSPORTATION: UTILIZATION OF SATELLITE NAVIGATION SYSTEMS; MACHINE LEARNING MODEL OF AUTOMOTIVE DAMPERS; METHOD OF INTERPRETIVE VISUAL ANALYTICS FOR NEURAL NETWORK DETECTION OF SOCIAL MEDIA POSTS SENTIMENTS; COMPARATIVE ANALYSIS REGION OF INTEREST (ROI) TRACKING METHODS; PERFORMANCE EVALUATION OF MODIFIED DETECTION ALGORITHMS WITHIN THE FRAMEWORK OF A SIMULATION SYSTEM FOR MODELLING UAV VISUAL GUIDANCE; MODEL-ORIENTED APPROACH TO VIBRATION DIAGNOSTIC SYSTEMS; ANALYSIS OF OPTICAL COHERENCE TOMOGRAPHY IMAGES OF HUMAN ARTERIOSCLEROTIC VESSELS USING COMPUTER VISION AND DEEP LEARNING ALGORITHMS; SENSITIVITY ANALYSIS OF PARAMETERS USED TO GENERATE MATERIAL MICROSTRUCTURES BY CELLULAR AUTOMATA; REMOTE MONITORING OF ICHTHYOFAUNA USING ARTIFICIAL INTELLIGENCE AND ALTSHULLER’S ALGORITHM; APPLICATION OF DETECTRON2 SOFTWARE PLATFORM FOR SURGICAL INSTRUMENT DETECTION AND SEGMENTATION ON OPERATIONAL SPACE OF LAPAROSCOPIC INTERVENTION; SIMULATION OF ACUTE UPPER RESPIRATORY TRACT INFECTIONS IN KHARKIV OBLAST (UKRAINE): THE ARIMA MODEL APPROACH; IMAGE SET FOR VERIFICATION OF METHODS OF DENOISING OF SAR IMAGES; MATHEMATICAL METHODS OF ANALYZING POWER CONSUMPTION BY AN INDUCTION MOTOR WITH A SQUIRREL-CAGE WINDING; MODEL OF INFORMATION TECHNOLOGY INTEGRATION FOR SOLVING ECOSYSTEM MONITORING TASKS; EMERGING TECHNOLOGIES IN INFECTIOUS DISEASE SURVEILLANCE AND CONTROL: CURRENT SOLUTIONS AND FUTURE DIRECTIONS; DEVELOPING HARDWARE AND SOFTWARE FOR UAV ONBOARD COMPUTERS: A COMBINED APPROACH WITH SWOT ANALYSIS; OPTIMIZATION OF UAV ROUTES AND EFFICIENCY ENHANCEMENT USING MODERN IT TECHNOLOGIES; UNMANNED TECHNOLOGIES AND DRONES IN RUNWAY SERVICE.","CONFERENCE REVIEW",NA,"",0,NA
"",2024,"","INTERNATIONAL CONFERENCE ON IMAGE, VISION AND INTELLIGENT SYSTEMS, ICIVIS 2023","LECTURE NOTES IN ELECTRICAL ENGINEERING","THE PROCEEDINGS CONTAIN 72 PAPERS. THE SPECIAL FOCUS IN THIS CONFERENCE IS ON IMAGE, VISION AND INTELLIGENT SYSTEMS. THE TOPICS INCLUDE: A FINE SEGMENTATION METHOD FOR THE OUTER BOUNDARY OF TIRE IMAGE STEEL BELT BASED ON ADAPTIVE THRESHOLDING UNDER LOCAL HISTOGRAM STATISTICAL FEATURES; NIGHT SCENE IMAGE STITCHING AND IMAGE RECOGNITION BASED ON IMPROVED SIFT; OPTICAL IMAGE ENCRYPTION BASED ON CHAOTIC PALMPRINT PHASE MASK AND PHASE-SHIFTING DIGITAL HOLOGRAPHY; HEALTH MONITORING OF ULTRA-LOW TEMPERATURE VALVES BASED ON COMPLEX SHEARLET DOMAIN DYNAMIC THRESHOLD; SPECKLE SUPPRESSION BASED ON CONTEXTUAL CONVNEXT NETWORK; MIRROR R-CNN: OBJECT DETECTION WITH FLIPPED IMAGE; RESEARCH ON VIRTUAL DATA SET GENERATION FOR SHIP TARGET RECOGNITION AT SEA; DESIGN AND RESEARCH OF ONE-PIECE BIONIC LIFE JACKET BASED ON VIRTUAL REALITY TECHNOLOGY; AN OBJECT DETECTION AND SEGMENTATION MODEL-BASED SHAPE CHANGE ESTIMATION METHOD FOR WOOD SPECIMEN; HIGH ORDER CONDITIONAL RANDOM FIELD BASED CERVICAL CANCER HISTOPATHOLOGICAL IMAGE CLASSIFICATION; ENCRYPTED IMAGE SEARCH BASED ON SGX AND HIERARCHICAL INDEX; SFINET: AN ORIENTED FINE-GRAINED SHIP IDENTIFICATION NETWORK BASED ON REMOTE SENSING IMAGE; A FULLY END-TO-END QUERY-BASED DETECTOR WITH TRANSFORMERS FOR MULTISCALE SHIP DETECTION IN SAR IMAGES; DESIGN OF ACCELERATORS FOR COMBINED INFRARED AND VISIBLE IMAGE TARGET DETECTION BASED ON DEEP LEARNING; VISIBLE AND INFRARED IMAGE FUSION FOR OBJECT DETECTION: A SURVEY; MULTISPECTRAL POINT CLOUD CLASSIFICATION: A SURVEY; MULTIPLE MACHINE LEARNING FUSION BASED ANALYSIS OF FAT COMPOSITION IN CT IMAGES; TEXTURE FEATURES AND MACHINE LEARNING BASED ENVIRONMENTAL MICROORGANISM MICROSCOPIC IMAGE CLASSIFICATION; DEEP CONVOLUTIONAL NEURAL NETWORK BASED SPERM DETECTION IN MICROSCOPIC VIDEOS; SALIENCY DETECTION BASED PYRAMID OPTIMIZATION OF LARGE SCALE SATELLITE IMAGE.","CONFERENCE REVIEW",NA,"",0,NA
"",2021,"CHANG J;LEE K;LEE S","SHIP DETECTION AND CLASSIFICATION FOR KOMPSAT OPTICAL IMAGES USING DEEP LEARNING","","MANY STUDIES HAVE BEEN CONDUCTED TO APPLY DEEP LEARNING-BASED TECHNOLOGY TO HIGH-RESOLUTION SATELLITE IMAGE ANALYSIS, AND THE KEY IS HOW TO EFFICIENTLY APPLY MODELS APPROPRIATE TO OUR OWN PROBLEM. OUR MISSION IS TO FIND AND CLASSIFY SHIPS IN KOMPSAT (KOREA MULTI-PURPOSE SATELLITE) OPTICAL IMAGES WHICH INCLUDE KOMPAT-2 (GSD 1 M), KOMPSAT-3 (GSD 70 CM), AND KOMPSAT-3A (GSD 55 CM). THE SAME MODEL WAS USED FOR THE DIFFERENT SATELLITE IMAGES WITH DIFFERENT GSDS BY UNIFYING THE RESOLUTION IN THE PREPROCESSING STEP. THIS ALSO MAKES IT POSSIBLE TO USE PUBLIC DATASETS FROM OTHER OPTICAL SATELLITES SUCH AS XVIEW AND DOTA FOR SHIP DETECTION. OUR DEEP-LEARNING BASED ANALYSIS CONSISTS OF THREE STEPS: DETECTION, POSE ESTIMATION, AND TYPE CLASSIFICATION. POSE ESTIMATION MEANS MEASURING THE HEADING AND THE SIZE OF THE SHIP. STATE-OF-ART OBJECT DETECTION MODELS USUALLY DON'T PRODUCE ORIENTED BOUNDING BOXES. THIS IS WHY WE SEPARATE POSE ESTIMATION FROM THE DETECTION. WE USED AIS DATA MANUALLY REGISTERED TO SATELLITE IMAGES TO CREATE THE GROUND TRUTH OF SHIP TYPES. SO THE TRAINING DATA IS PREPARED FROM DIFFERENT INFORMATION SOURCES BY DIFFERENT METHODS FOR EACH MODEL, AND THAT'S ANOTHER REASON TO DIVIDE THE ANALYSIS INTO THREE STEPS. IN THIS STUDY, WE USED THE FASTERRCNN + RESNEST MODEL FOR DETECTION, AND THE RESNEST MODEL FOR BOTH POSE ESTIMATION AND CLASSIFICATION. IT HAS PERFORMED WELL ENOUGH TO ACHIEVE OUR INITIAL GOAL, AND THE METHOD SEEMS TO BE EFFICIENT TO ADOPT STATE-OF-ART MODELS FOR FURTHER PERFORMANCE ENHANCEMENT. © ACRS 2021.ALL RIGHT RESERVED.","CONFERENCE PAPER",NA,"AIS; AND HIGH-RESOLUTION SATELLITE IMAGE; MACHINE LEARNING; OBJECT DETECTION; POSE ESTIMATION",0,NA
"",2020,"","2ND INTERNATIONAL CONFERENCE ON ARTIFICIAL INTELLIGENCE AND COMPUTER SCIENCE","JOURNAL OF PHYSICS: CONFERENCE SERIES","THE PROCEEDINGS CONTAIN 191 PAPERS. THE TOPICS DISCUSSED INCLUDE: MULTI-CATEGORY CLASSIFICATION PROBLEM ORIENTED SUBSAMPLING-BASED ACTIVE LEARNING METHOD; RESEARCH ON VIRTUAL COUPLING TRAIN OPERATIONS BASED ON MOVING-BLOCK AND VEHICLE-TO-VEHICLE COMMUNICATION; A NOVEL SUPERHEAT IDENTIFICATION OF ALUMINUM ELECTROLYSIS WITH KERNEL SEMI-SUPERVISED EXTREME LEARNING MACHINE; REAL-TIME MULTI-OBJECT GRASP BASED ON CONVOLUTIONAL NEURAL NETWORK; SEMI-SUPERVISED DEEP LEARNING IN MOTOR IMAGERY-BASED BRAIN-COMPUTER INTERFACES WITH STACKED VARIATIONAL AUTOENCODER; ROBUST LEARNING CONTROL FOR A CLASS OF UNCERTAIN LINEAR MOTOR SYSTEMS; REMOTE SENSING IMAGE BUILDING EXTRACTION METHOD BASED ON DEEP LEARNING; A SHIP RANGING AND POSITIONING SYSTEM BASED ON BINOCULAR VISION TECHNOLOGY; RESEARCH ON HARMONIC POWER SHARING METHOD BASED ON INTELLIGENT MATCHING VIRTUAL HARMONIC IMPEDANCE; DESIGN OF TIRE DAMAGE IMAGE RECOGNITION SYSTEM BASED ON DEEP LEARNING; RESEARCH ON THE METHOD OF INDIVIDUAL IDENTIFICATION OF CHICKENS BASED ON DEPTH IMAGE; AND TRAINING AND OPERATION OF MULTI-LAYER CONVOLUTIONAL NEURAL NETWORK USING ELECTRONIC SYNAPSES.","CONFERENCE REVIEW",NA,"",0,NA
"",2020,"","3RD CHINESE CONFERENCE ON PATTERN RECOGNITION AND COMPUTER VISION, PRCV 2020","LECTURE NOTES IN COMPUTER SCIENCE","THE PROCEEDINGS CONTAIN 158 PAPERS. THE SPECIAL FOCUS IN THIS CONFERENCE IS ON PATTERN RECOGNITION AND COMPUTER VISION. THE TOPICS INCLUDE: UNDERWATER IMAGE PROCESSING BY AN ADVERSARIAL NETWORK WITH FEEDBACK CONTROL; INCEPTION PARALLEL ATTENTION NETWORK FOR SMALL OBJECT DETECTION IN REMOTE SENSING IMAGES; HYPERSPECTRAL IMAGE DENOISING BASED ON GRAPH-STRUCTURED LOW RANK AND NON-LOCAL CONSTRAINT; MULTI-HUMAN PARSING WITH POSE AND BOUNDARY GUIDANCE; M2E-NET: MULTISCALE MORPHOLOGICAL ENHANCEMENT NETWORK FOR RETINAL VESSEL SEGMENTATION; DUDA: DEEP UNSUPERVISED DOMAIN ADAPTATION LEARNING FOR MULTI-SEQUENCE CARDIAC MR IMAGE SEGMENTATION; LEARNING FROM RANKINGS WITH MULTI-LEVEL FEATURES FOR NO-REFERENCE IMAGE QUALITY ASSESSMENT; REVERSIBLE DATA HIDING BASED ON PREDICTION-ERROR-ORDERING; AGGREGATING SPATIO-TEMPORAL CONTEXT FOR VIDEO OBJECT SEGMENTATION; POSITION AND ORIENTATION DETECTION OF INSULATORS IN ARBITRARY DIRECTION BASED ON YOLOV3; R-PFN: TOWARDS PRECISE OBJECT DETECTION BY RECURRENT PYRAMIDAL FEATURE FUSION; IMAGE SUPER-RESOLUTION BASED ON NON-LOCAL CONVOLUTIONAL NEURAL NETWORK; VH3D-LSFM: VIDEO-BASED HUMAN 3D POSE ESTIMATION WITH LONG-TERM AND SHORT-TERM POSE FUSION MECHANISM; AUTOMATIC TOOTH SEGMENTATION AND 3D RECONSTRUCTION FROM PANORAMIC AND LATERAL RADIOGRAPHS; UNREGISTERED HYPERSPECTRAL AND MULTISPECTRAL IMAGE FUSION WITH SYNCHRONOUS NONNEGATIVE MATRIX FACTORIZATION; CLOUD DETECTION ALGORITHM USING ADVANCED FULLY CONVOLUTIONAL NEURAL NETWORKS IN FY3D-MERSI IMAGERY; MULTI-LAYER POINTPILLARS: MULTI-LAYER FEATURE ABSTRACTION FOR OBJECT DETECTION FROM POINT CLOUD; BUILDING DETECTION VIA COMPLEMENTARY CONVOLUTIONAL FEATURES OF REMOTE SENSING IMAGES; HYPERSPECTRAL IMAGE SUPER-RESOLUTION VIA SELF-PROJECTED SMOOTH PRIOR; 3D POINT CLOUD SEGMENTATION FOR COMPLEX STRUCTURE BASED ON POINTSIFT; COMPLETELY BLIND IMAGE QUALITY ASSESSMENT WITH VISUAL SALIENCY MODULATED MULTI-FEATURE COLLABORATION; BLOOD FLOW VELOCITY DETECTION OF NAILFOLD MICROCIRCULATION BASED ON SPATIOTEMPORAL ANALYSIS; BLIND SUPER-RESOLUTION WITH KERNEL-AWARE FEATURE REFINEMENT; PREFACE.","CONFERENCE REVIEW",NA,"",0,NA
"",2020,"","3RD CHINESE CONFERENCE ON PATTERN RECOGNITION AND COMPUTER VISION, PRCV 2020","LECTURE NOTES IN COMPUTER SCIENCE","THE PROCEEDINGS CONTAIN 158 PAPERS. THE SPECIAL FOCUS IN THIS CONFERENCE IS ON PATTERN RECOGNITION AND COMPUTER VISION. THE TOPICS INCLUDE: UNDERWATER IMAGE PROCESSING BY AN ADVERSARIAL NETWORK WITH FEEDBACK CONTROL; INCEPTION PARALLEL ATTENTION NETWORK FOR SMALL OBJECT DETECTION IN REMOTE SENSING IMAGES; HYPERSPECTRAL IMAGE DENOISING BASED ON GRAPH-STRUCTURED LOW RANK AND NON-LOCAL CONSTRAINT; MULTI-HUMAN PARSING WITH POSE AND BOUNDARY GUIDANCE; M2E-NET: MULTISCALE MORPHOLOGICAL ENHANCEMENT NETWORK FOR RETINAL VESSEL SEGMENTATION; DUDA: DEEP UNSUPERVISED DOMAIN ADAPTATION LEARNING FOR MULTI-SEQUENCE CARDIAC MR IMAGE SEGMENTATION; LEARNING FROM RANKINGS WITH MULTI-LEVEL FEATURES FOR NO-REFERENCE IMAGE QUALITY ASSESSMENT; REVERSIBLE DATA HIDING BASED ON PREDICTION-ERROR-ORDERING; AGGREGATING SPATIO-TEMPORAL CONTEXT FOR VIDEO OBJECT SEGMENTATION; POSITION AND ORIENTATION DETECTION OF INSULATORS IN ARBITRARY DIRECTION BASED ON YOLOV3; R-PFN: TOWARDS PRECISE OBJECT DETECTION BY RECURRENT PYRAMIDAL FEATURE FUSION; IMAGE SUPER-RESOLUTION BASED ON NON-LOCAL CONVOLUTIONAL NEURAL NETWORK; VH3D-LSFM: VIDEO-BASED HUMAN 3D POSE ESTIMATION WITH LONG-TERM AND SHORT-TERM POSE FUSION MECHANISM; AUTOMATIC TOOTH SEGMENTATION AND 3D RECONSTRUCTION FROM PANORAMIC AND LATERAL RADIOGRAPHS; UNREGISTERED HYPERSPECTRAL AND MULTISPECTRAL IMAGE FUSION WITH SYNCHRONOUS NONNEGATIVE MATRIX FACTORIZATION; CLOUD DETECTION ALGORITHM USING ADVANCED FULLY CONVOLUTIONAL NEURAL NETWORKS IN FY3D-MERSI IMAGERY; MULTI-LAYER POINTPILLARS: MULTI-LAYER FEATURE ABSTRACTION FOR OBJECT DETECTION FROM POINT CLOUD; BUILDING DETECTION VIA COMPLEMENTARY CONVOLUTIONAL FEATURES OF REMOTE SENSING IMAGES; HYPERSPECTRAL IMAGE SUPER-RESOLUTION VIA SELF-PROJECTED SMOOTH PRIOR; 3D POINT CLOUD SEGMENTATION FOR COMPLEX STRUCTURE BASED ON POINTSIFT; COMPLETELY BLIND IMAGE QUALITY ASSESSMENT WITH VISUAL SALIENCY MODULATED MULTI-FEATURE COLLABORATION; BLOOD FLOW VELOCITY DETECTION OF NAILFOLD MICROCIRCULATION BASED ON SPATIOTEMPORAL ANALYSIS; BLIND SUPER-RESOLUTION WITH KERNEL-AWARE FEATURE REFINEMENT; PREFACE.","CONFERENCE REVIEW",NA,"",0,NA
"",2020,"","3RD CHINESE CONFERENCE ON PATTERN RECOGNITION AND COMPUTER VISION, PRCV 2020","LECTURE NOTES IN COMPUTER SCIENCE","THE PROCEEDINGS CONTAIN 158 PAPERS. THE SPECIAL FOCUS IN THIS CONFERENCE IS ON PATTERN RECOGNITION AND COMPUTER VISION. THE TOPICS INCLUDE: UNDERWATER IMAGE PROCESSING BY AN ADVERSARIAL NETWORK WITH FEEDBACK CONTROL; INCEPTION PARALLEL ATTENTION NETWORK FOR SMALL OBJECT DETECTION IN REMOTE SENSING IMAGES; HYPERSPECTRAL IMAGE DENOISING BASED ON GRAPH-STRUCTURED LOW RANK AND NON-LOCAL CONSTRAINT; MULTI-HUMAN PARSING WITH POSE AND BOUNDARY GUIDANCE; M2E-NET: MULTISCALE MORPHOLOGICAL ENHANCEMENT NETWORK FOR RETINAL VESSEL SEGMENTATION; DUDA: DEEP UNSUPERVISED DOMAIN ADAPTATION LEARNING FOR MULTI-SEQUENCE CARDIAC MR IMAGE SEGMENTATION; LEARNING FROM RANKINGS WITH MULTI-LEVEL FEATURES FOR NO-REFERENCE IMAGE QUALITY ASSESSMENT; REVERSIBLE DATA HIDING BASED ON PREDICTION-ERROR-ORDERING; AGGREGATING SPATIO-TEMPORAL CONTEXT FOR VIDEO OBJECT SEGMENTATION; POSITION AND ORIENTATION DETECTION OF INSULATORS IN ARBITRARY DIRECTION BASED ON YOLOV3; R-PFN: TOWARDS PRECISE OBJECT DETECTION BY RECURRENT PYRAMIDAL FEATURE FUSION; IMAGE SUPER-RESOLUTION BASED ON NON-LOCAL CONVOLUTIONAL NEURAL NETWORK; VH3D-LSFM: VIDEO-BASED HUMAN 3D POSE ESTIMATION WITH LONG-TERM AND SHORT-TERM POSE FUSION MECHANISM; AUTOMATIC TOOTH SEGMENTATION AND 3D RECONSTRUCTION FROM PANORAMIC AND LATERAL RADIOGRAPHS; UNREGISTERED HYPERSPECTRAL AND MULTISPECTRAL IMAGE FUSION WITH SYNCHRONOUS NONNEGATIVE MATRIX FACTORIZATION; CLOUD DETECTION ALGORITHM USING ADVANCED FULLY CONVOLUTIONAL NEURAL NETWORKS IN FY3D-MERSI IMAGERY; MULTI-LAYER POINTPILLARS: MULTI-LAYER FEATURE ABSTRACTION FOR OBJECT DETECTION FROM POINT CLOUD; BUILDING DETECTION VIA COMPLEMENTARY CONVOLUTIONAL FEATURES OF REMOTE SENSING IMAGES; HYPERSPECTRAL IMAGE SUPER-RESOLUTION VIA SELF-PROJECTED SMOOTH PRIOR; 3D POINT CLOUD SEGMENTATION FOR COMPLEX STRUCTURE BASED ON POINTSIFT; COMPLETELY BLIND IMAGE QUALITY ASSESSMENT WITH VISUAL SALIENCY MODULATED MULTI-FEATURE COLLABORATION; BLOOD FLOW VELOCITY DETECTION OF NAILFOLD MICROCIRCULATION BASED ON SPATIOTEMPORAL ANALYSIS; BLIND SUPER-RESOLUTION WITH KERNEL-AWARE FEATURE REFINEMENT; PREFACE.","CONFERENCE REVIEW",NA,"",0,NA
"10.1007/978-3-319-61118-1_2",2017,"FERREIRA J;BRANQUINHO J;FERREIRA P;PIEDADE F","COMPUTER VISION ALGORITHMS FISHING VESSEL MONITORING—IDENTIFICATION OF VESSEL PLATE NUMBER",NA,"IN THIS RESEARCH WORK WE DEVELOPED A SET OF ALGORITHMS AND APPROACHES FOR VESSEL PLATE NUMBER IDENTIFICATION, TO BE INTEGRATED IN A VESSEL MONITORING SYSTEM (VMS). IN ADDITION, IT WAS DEVELOPED A SOLUTION THAT ALLOWS THE CREATION OF A HISTORY LOG OF PORT EXITS/ENTRIES TO ASSIST THE MONITORING ACTIVITIES. THIS SYSTEM WILL BE BASED ON A DATABASE AND IMAGE PROCESSING EQUIPMENT FOR USE IN THE PORT, WHICH WILL ALLOW THE IDENTIFICATION OF PASSING VESSELS (THROUGH THE CAPTURE AND PROCESSING OF PROFILE IMAGES OF THE VESSEL IN ORDER TO IDENTIFY THE CALL SIGN, IMO OR REGISTRATION).",NA,NA,NA,0,NA
"10.1007/978-981-15-3947-3_12",2020,"YING R","AIRPORT AND SHIP TARGET DETECTION ON SATELLITE IMAGES BASED ON YOLO V3 NETWORK","LECTURE NOTES IN ELECTRICAL ENGINEERING","AIRPLANE AND SHIP PLAY A VERY IMPORTANT ROLE IN BOTH CIVIL LIFE AND MILITARY OPERATIONS. IT IS A MEANINGFUL TO DETECT AIRPLANE AND SHIP AROUND THE WORLD THROUGH REMOTE SENSING IMAGES. TARGET RECOGNITION ALGORITHMS BASED ON DEEP LEARNING TECHNOLOGY ARE PROVEN TO BE EFFECTIVE AND GRADUALLY REPLACING TRADITIONAL ALGORITHMS. THIS PAPER BUILDS A TARGET DETECTION SYSTEM BASED ON NVIDIA TX2 DEVELOPMENT PLATFORM AND YOLO V3 ALGORITHM AND FOCUSES ON BOTH THE SHIP AND AIRPLANE TARGETS. THE TRAINING DATA COMES FROM IMAGE FRAGMENTS GENERATED BY SATELLITES SUCH AS JILIN NO. 1, DIGITALGLOBE, AND PLANET. THE LABEL OF EACH TARGET INCLUDES A BOUNDING BOX AND CATEGORY INFORMATION. THE IMAGE PROCESSING METHOD SUCH AS ROTATION AND NOISE IS ADDED TO INCREASE THE ROBUSTNESS OF THE TRAINED YOLO V3 NETWORK FOR DIFFERENT SENSORS AND ATMOSPHERE. THE TRAINING OF THE INPUT IMAGE TAKES ABOUT 3 DAYS ON AN NVIDIA TITAN X GPU. AT TEST TIME, WE PARTITION TESTING IMAGES OF ARBITRARY SIZE INTO CUTOUTS WITH A FIXED SIZE OF 1 K × 1 K AND RUN EACH CUTOUT THROUGH OUR TRAINED MODEL TO FIND SHIPS AND AIRPLANES. THE EXPERIMENTAL RESULTS SHOW THAT THE F<INF>1</INF>-SCORE VALUES OF THE AIRPORT AND THE SHIP ARE 91.48% AND 93.89%, RESPECTIVELY, AND THE DETECTION SPEED OF ONE CUTOUT ON NVIDIA TX2 DEVELOPMENT PLATFORM IS ABOUT 0.56 S. © 2020, SPRINGER NATURE SINGAPORE PTE LTD.","CONFERENCE PAPER",NA,"DEEP LEARNING; SATELLITE IMAGES; TARGET DETECTION; TRAINING DATA; YOLO V3",1,NA
"10.1007/978-981-15-3947-3_39",2020,"ZAN L;LU K;CHEN Z","AUTOMATIC DETECTION OF SHIP BASED ON ROTATION INVARIANT RETINANET","LECTURE NOTES IN ELECTRICAL ENGINEERING","SHIP DETECTION IN THE AERIAL IMAGE IS AN ACTIVE YET CHALLENGING IN REMOTE SENSING IMAGE PROCESSING. DUE TO THE DIFFICULTIES OF LOCATING THE ARBITRARILY ROTATED SHIPS AND THE COMPLEXITY OF THE BACKGROUND AROUND THE SHIP, THE EXISTING DEEP LEARNING-BASED OBJECT DETECTION ALGORITHM IS DIFFICULT TO ACCURATELY IDENTIFY THE SHIP TARGET. FOR MULTI-ANGLE SHIPS, THE HORIZONTAL BOUNDING BOX CONTAINS NOT ONLY SHIP OBJECTS BUT ALSO A LOT OF IRRELEVANT BACKGROUNDS, THEY ARE LEARNED BY THE DEEP CONVOLUTIONAL NETWORK AS A LEARNING OBJECT, AND THIS LEADS TO THE COMMON MISALIGNMENT BETWEEN THE FINAL CLASSIFICATION CONFIDENCE AND LOCALIZATION ACCURACY. IN THIS PAPER, WE PROPOSE A NEW MODULE CALLED ROTATION RETINANET (RRNET) TO HANDLE THIS PROBLEM. FIRSTLY, WE START FROM THE POPULAR ONE-STAGE RETINANET APPROACH, WITH RESNET50 AS A BASIC NETWORK. THEN, WE APPLY A ROTATION HEAD TO RETINANET TO GUARANTEE THE ROTATION INVARIANCE OF THE MODEL. FINALLY, WE ADD AN ANGULAR LOSS TO THE ORIGINAL LOSS SO THAT THE MODEL CAN LEARN THE ANGULAR OFFSET OF THE BOUNDING BOX. AS A CONSEQUENCE, THE PROPOSED RRNET ACHIEVES HIGH PERFORMANCE ON THE OPEN-SOURCE DOTA DATASETS. © 2020, SPRINGER NATURE SINGAPORE PTE LTD.","CONFERENCE PAPER",NA,"CONVOLUTIONAL NEURAL NETWORK; ROTATION RETINANET; SHIP DETECTION",3,NA
"10.1007/978-981-97-0855-0_21",2024,"LIU Y;LIU J;YU Z;WU Z","SFINET: AN ORIENTED FINE-GRAINED SHIP IDENTIFICATION NETWORK BASED ON REMOTE SENSING IMAGE",NA,"SHIP IDENTIFICATION BASED ON OPTICAL REMOTE SENSING IMAGES IS CRUCIAL IN BOTH CIVIL AND MILITARY CONTEXTS, SUCH AS FISHERIES MANAGEMENT, PORT SURVEILLANCE, AND MARINE SECURITY. HOWEVER, THE HORIZONTAL BOUNDING BOXES GENERATED BY GENERAL OBJECT DETECTION METHODS OFTEN INVOLVE REDUNDANT INFORMATION, FOR INSTANCE, BACKGROUND AND MULTIPLE SHIPS, MAKING IT DIFFICULT TO ACCURATELY LOCATE SHIP TARGETS. TO RESOLVE THIS ISSUE, WE PROPOSED A NOVEL ORIENTED SHIP FINE-GRAINED IDENTIFICATION NETWORK, CALLED SFINET. WE APPLIED AN ORIENTED RPN TO THE SHIP FINE-GRAINED RECOGNITION TASK FOR THE FIRST TIME, UNLIKE ROTATING ANCHORS WITH DIFFERENT PRE-SET ANGLES, ORIENTED RPN CAN GENERATE A SET OF ORIENTED PROPOSALS FOR REGRESSION AND CLASSIFICATION DIRECTLY FROM HORIZONTAL ANCHORS. ADDITIONALLY, DUE TO THE DIVERSITY OF SHIP TYPES AND THE DIFFERENCE IN THE NUMBER OF INSTANCES IN EACH CATEGORY, WE IMPROVED THE SOFTMAX CROSS-ENTROPY LOSS TO ALLEVIATE THE PROBLEM OF IMBALANCE BETWEEN INSTANCES IN DIFFERENT SHIP CATEGORIES, WITHOUT INCREASING EXTRA COSTS. EXTENSIVE EXPERIMENTS SHOW THAT OUR SFINET ACHIEVED STATE-OF-THE-ART DETECTION ACCURACY IN TWO PUBLICLY AVAILABLE SHIP FINE-GRAINED DATASETS, HRSC2016 (64.04\% MAP) AND FGSD2021 (86.90\% MAP).",NA,NA,NA,0,NA
"10.1007/978-981-99-6568-7_42",2023,"AYESHA B;MURTHY T;PALAMAKULA P;KUCHIPUDI R","SHIP DETECTION IN REMOTE SENSING IMAGERY FOR ARBITRARILY ORIENTED OBJECT DETECTION","LECTURE NOTES IN NETWORKS AND SYSTEMS","IT IS QUITE DIFFICULT TO LOCATE SHIPS IN SATELLITE IMAGES. BECAUSE SHIPS ARE DISPERSED ACROSS THE SEA AND IN LARGE PORTS, IDENTIFYING THEM REQUIRES THE PROCESSING OF IMAGES FROM VARIOUS REMOTE SENSING SYSTEMS. THE ABILITY TO RECOGNIZE POTENTIAL PIRATE THREATS CORRECTLY IS VITAL TO THE MISSION'S SUCCESS. AS A RESULT, IMPROVING SHIP IDENTIFICATION ACCURACY IN MARINE SURVEILLANCE SYSTEMS MAKES A SIGNIFICANT CONTRIBUTION. WE PRESENT A NOVEL DEEP LEARNING STRATEGY BASED ON THE YOU ONLY LOOK ONCE V7 (YOLOV7) DEEP LEARNING ARCHITECTURE AS PART OF THIS RESEARCH. FURTHERMORE, ROTATION CAN BE DETECTED USING THE YOLO DETECTION TECHNIQUE WITHOUT THE NEED FOR ANGLE REGRESSION. TO SUMMARIZE, WE OFFER A METHOD FOR SIMULTANEOUSLY RECOGNIZING NUMEROUS REMOTE SENSING PHOTOGRAPHS EXPLOITING THE STRENGTHS OF OUR FULLY CONVOLUTIONAL LIGHTWEIGHT NETWORK. IT OUTPERFORMED OTHER ALGORITHMS BY A SUBSTANTIAL MARGIN ON BOTH THE PUBLICLY ACCESSIBLE HRSC2016 DATASET AND OUR OWN PRIVATE LARGE-AREA REMOTE SENSING (LARS) IMAGE COLLECTION, AND IT DID SO AT AN UNPARALLELED RATE. © 2023, THE AUTHOR(S), UNDER EXCLUSIVE LICENSE TO SPRINGER NATURE SINGAPORE PTE LTD.","CONFERENCE PAPER",NA,"DCNDARKNET25; LARS; YOLOV7",4,NA
"10.1007/s00500-022-07058-z",2022,"CHAN S;ZHENG J;WANG L;WANG T;ZHOU X;XU Y;FANG K","ROTATING OBJECT DETECTION IN REMOTE-SENSING ENVIRONMENT","SOFT COMPUTING","DEEP LEARNING MODELS HAVE BECOME THE MAINSTREAM ALGORITHM FOR PROCESSING COMPUTER VISION TASKS. IN THE TASKS OF OBJECT DETECTION, THE DETECTION BOX IS USUALLY SET AS A RECTANGULAR BOX ALIGNED WITH THE COORDINATE AXIS, SO AS TO ACHIEVE THE COMPLETE PACKAGING OF THE OBJECT. HOWEVER, WHEN FACING SOME OBJECTS WITH LARGE ASPECT RATIO AND ANGLE, THE BOUNDING BOX MUST BE ENLARGED, WHICH MAKES THE BOUNDING BOX CONTAIN A LARGE AMOUNT OF USELESS BACKGROUND INFORMATION. IN THIS STUDY, A DIFFERENT APPROACH BASED ON YOLOV5 IS ADOPTED. BY THIS MEANS, THE ANGLE INFORMATION DIMENSION IS ADDED AT THE HEAD, AND ANGLE REGRESSION IS ALSO ADDED AT THE SAME TIME OF THE BOUNDARY REGRESSION. THEN THE LOSS OF THE BOUNDARY BOX IS CALCULATED BY COMBINING CIOU AND SMOOTHL1, SO THAT THE OBTAINED BOUNDARY BOX IS MORE CLOSELY SUITABLE FOR THE ACTUAL OBJECT. AT THE SAME TIME, THE ORIGINAL DATASET TAGS ARE ALSO PRE-PROCESSED TO CALCULATE THE ANGLE INFORMATION OF INTEREST. THE PURPOSE OF THESE IMPROVEMENTS IS TO REALIZE OBJECT DETECTION WITH ANGLES IN REMOTE-SENSING IMAGES, ESPECIALLY FOR OBJECTS WITH LARGE ASPECT RATIOS, SUCH AS SHIPS, AIRPLANES, AND AUTOMOBILES. COMPARED WITH THE TRADITIONAL AND OTHER STATE-OF-THE-ART ARBITRARILY ORIENTED OBJECT DETECTION MODEL BASED ON DEEP LEARNING, EXPERIMENTAL RESULTS SHOW THAT THE PROPOSED METHOD HAS A UNIQUE EFFECT IN DETECTING ROTATING OBJECTS.","ARTICLE",NA,"DEEP LEARNING; OBJECT DETECTION; REMOTE SENSING; ARBITRARY ORIENTATION",3,"COMPUTER SCIENCE"
"10.1007/s00500-022-07058-z",2022,"CHAN S;ZHENG J;WANG L;WANG T;ZHOU X;XU Y;FANG K","ROTATING OBJECT DETECTION IN REMOTE-SENSING ENVIRONMENT","SOFT COMPUTING","DEEP LEARNING MODELS HAVE BECOME THE MAINSTREAM ALGORITHM FOR PROCESSING COMPUTER VISION TASKS. IN THE TASKS OF OBJECT DETECTION, THE DETECTION BOX IS USUALLY SET AS A RECTANGULAR BOX ALIGNED WITH THE COORDINATE AXIS, SO AS TO ACHIEVE THE COMPLETE PACKAGING OF THE OBJECT. HOWEVER, WHEN FACING SOME OBJECTS WITH LARGE ASPECT RATIO AND ANGLE, THE BOUNDING BOX MUST BE ENLARGED, WHICH MAKES THE BOUNDING BOX CONTAIN A LARGE AMOUNT OF USELESS BACKGROUND INFORMATION. IN THIS STUDY, A DIFFERENT APPROACH BASED ON YOLOV5 IS ADOPTED. BY THIS MEANS, THE ANGLE INFORMATION DIMENSION IS ADDED AT THE HEAD, AND ANGLE REGRESSION IS ALSO ADDED AT THE SAME TIME OF THE BOUNDARY REGRESSION. THEN THE LOSS OF THE BOUNDARY BOX IS CALCULATED BY COMBINING CIOU AND SMOOTHL1, SO THAT THE OBTAINED BOUNDARY BOX IS MORE CLOSELY SUITABLE FOR THE ACTUAL OBJECT. AT THE SAME TIME, THE ORIGINAL DATASET TAGS ARE ALSO PRE-PROCESSED TO CALCULATE THE ANGLE INFORMATION OF INTEREST. THE PURPOSE OF THESE IMPROVEMENTS IS TO REALIZE OBJECT DETECTION WITH ANGLES IN REMOTE-SENSING IMAGES, ESPECIALLY FOR OBJECTS WITH LARGE ASPECT RATIOS, SUCH AS SHIPS, AIRPLANES, AND AUTOMOBILES. COMPARED WITH THE TRADITIONAL AND OTHER STATE-OF-THE-ART ARBITRARILY ORIENTED OBJECT DETECTION MODEL BASED ON DEEP LEARNING, EXPERIMENTAL RESULTS SHOW THAT THE PROPOSED METHOD HAS A UNIQUE EFFECT IN DETECTING ROTATING OBJECTS. © 2022, THE AUTHOR(S), UNDER EXCLUSIVE LICENCE TO SPRINGER-VERLAG GMBH GERMANY, PART OF SPRINGER NATURE.","ARTICLE",NA,"ARBITRARY ORIENTATION; DEEP LEARNING; OBJECT DETECTION; REMOTE SENSING",8,NA
"10.1007/s00521-020-05307-6",2021,"ZHANG D;ZHAN J;TAN L;GAO Y;ŽUPAN R;MONTH = M","COMPARISON OF TWO DEEP LEARNING METHODS FOR SHIP TARGET RECOGNITION WITH OPTICAL REMOTELY SENSED DATA.","NEURAL COMPUTING \& APPLICATIONS","AS AN IMPORTANT PART OF MODERN MARINE MONITORING SYSTEMS, SHIP TARGET IDENTIFICATION HAS IMPORTANT SIGNIFICANCE IN MAINTAINING MARINE RIGHTS AND MONITORING MARITIME TRAFFIC. WITH THE DEVELOPMENT OF ARTIFICIAL INTELLIGENCE TECHNOLOGY, IMAGE DETECTION AND RECOGNITION BASED ON DEEP LEARNING METHODS HAVE BECOME THE MOST POPULAR AND PRACTICAL METHOD. IN THIS PAPER, TWO DEEP LEARNING ALGORITHMS, THE MASK R-CNN ALGORITHM AND THE FASTER R-CNN ALGORITHM, ARE USED TO BUILD SHIP TARGET FEATURE EXTRACTION AND RECOGNITION MODELS BASED ON DEEP CONVOLUTIONAL NEURAL NETWORKS. THE ESTABLISHED MODELS WERE COMPARED AND ANALYZED TO VERIFY THE FEASIBILITY OF TARGET DETECTION ALGORITHMS. IN THIS STUDY, 5748 REMOTE SENSING MAPS WERE SELECTED AS THE DATASET FOR EXPERIMENTS, AND TWO ALGORITHMS WERE USED TO CLASSIFY AND EXTRACT WARSHIPS AND CIVILIAN SHIPS. EXPERIMENTS SHOWED THAT FOR THE ACCURACY OF SHIP IDENTIFICATION, MASK R-CNN AND FASTER R-CNN REACHED 95.21\% AND 92.76\%, RESPECTIVELY. THESE RESULTS DEMONSTRATED THAT THE MASK R-CNN ALGORITHM ACHIEVES PIXEL-LEVEL SEGMENTATION. COMPARED WITH THE FASTER R-CNN ALGORITHM, THE OBTAINED TARGET DETECTION EFFECT IS MORE ACCURATE, AND THE PERFORMANCE IN TARGET DETECTION AND CLASSIFICATION IS BETTER, WHICH REFLECTS THE GREAT ADVANTAGE OF PIXEL-LEVEL RECOGNITION.",NA,NA,NA,0,NA
"10.1007/s10462-023-10455-x",2023,"ER M;ZHANG Y;CHEN J;GAO W;MONTH = O","SHIP DETECTION WITH DEEP LEARNING: A SURVEY","ARTIFICIAL INTELLIGENCE REVIEW","SHIP DETECTION PLAYS A PIVOTAL ROLE IN EFFICIENT MARINE MONITORING, PORT MANAGEMENT, AND SAFE NAVIGATION. HOWEVER, THE DEVELOPMENT OF SHIP DETECTION TECHNIQUES IS VASTLY BEHIND OTHER DETECTION TECHNIQUES, SUCH AS FACE DETECTION, PEDESTRIAN DETECTION, TRAFFIC SIGN/LIGHT DETECTION, TEXT DETECTION, ETC. IN THIS PAPER, WE EXPLORE THE STATUS QUO AND IDENTIFY THE FOLLOWING REASONS FOR THE SLOW DEVELOPMENT: (1) THE EXISTING METHODOLOGIES ARE WEAKLY SYSTEMATIC; (2) THERE ARE NO UNIFIED EVALUATION CRITERIA; (3) THERE ARE NO WIDELY ACCEPTED DATASETS WHICH VASTLY HINDER ITS DEVELOPMENT IN DEEP LEARNING ERA. IN THIS CONTEXT, WE CONDUCT A CRITICAL REVIEW OF THE STATE-OF-THE-ART SHIP DETECTION TECHNIQUES BASED ON DEEP LEARNING. THE MAIN CONTRIBUTIONS OF THIS WORK ARE: (1) EXISTING WORKS ON OBJECT DETECTION ARE COMPREHENSIVELY REVIEWED; (2) POPULAR/BENCHMARK DATASETS ARE EXTENSIVELY COLLECTED AND ANALYSED; (3) EVALUATION CRITERIA FOR SHIP DETECTION ARE ULTIMATELY UNIFIED; AND (4) CHALLENGES AND OPTIMIZATION METHODS ARE DISCUSSED AND FUTURE DIRECTIONS PROJECTED.",NA,NA,NA,0,NA
"10.1007/s10462-025-11256-0",2025,"WANG K;WANG Z;LI Z;SU A;TENG X;PAN E;LIU M;YU Q","ORIENTED OBJECT DETECTION IN OPTICAL REMOTE SENSING IMAGES USING DEEP LEARNING: A SURVEY","ARTIFICIAL INTELLIGENCE REVIEW","ORIENTED OBJECT DETECTION IS A FUNDAMENTAL YET CHALLENGING TASK IN REMOTE SENSING (RS), AIMING TO LOCATE AND CLASSIFY OBJECTS WITH ARBITRARY ORIENTATIONS. RECENT ADVANCEMENTS IN DEEP LEARNING HAVE SIGNIFICANTLY ENHANCED THE CAPABILITIES OF ORIENTED OBJECT DETECTION METHODS. GIVEN THE RAPID DEVELOPMENT OF THIS FIELD, A COMPREHENSIVE SURVEY OF THE RECENT ADVANCES IN ORIENTED OBJECT DETECTION IS PRESENTED IN THIS PAPER. SPECIFICALLY, WE BEGIN BY TRACING THE TECHNICAL EVOLUTION FROM HORIZONTAL OBJECT DETECTION TO ORIENTED OBJECT DETECTION AND HIGHLIGHTING THE SPECIFIC RELATED CHALLENGES, INCLUDING FEATURE MISALIGNMENT, SPATIAL MISALIGNMENT, ORIENTED BOUNDING BOX (OBB) REGRESSION PROBLEMS, AND COMMON ISSUES ENCOUNTERED IN RS. SUBSEQUENTLY, WE FURTHER CATEGORIZE THE EXISTING METHODS INTO DETECTION FRAMEWORKS, OBB REGRESSION TECHNIQUES, FEATURE REPRESENTATION APPROACHES, AND SOLUTIONS TO COMMON ISSUES AND PROVIDE AN IN-DEPTH DISCUSSION OF HOW THESE METHODS ADDRESS THE ABOVE CHALLENGES. IN ADDITION, WE COVER SEVERAL PUBLICLY AVAILABLE DATASETS AND EVALUATION PROTOCOLS. FURTHERMORE, WE PROVIDE A COMPREHENSIVE COMPARISON AND ANALYSIS INVOLVING THE STATE-OF-THE-ART METHODS. TOWARD THE END OF THIS PAPER, WE IDENTIFY SEVERAL FUTURE DIRECTIONS FOR ORIENTED OBJECT DETECTION RESEARCH.","ARTICLE",NA,"ORIENTED OBJECT DETECTION; REMOTE SENSING; DEEP LEARNING",8,"COMPUTER SCIENCE"
"10.1007/s10462-025-11256-0",2025,"WANG K;WANG Z;LI Z;SU A;TENG X;PAN E;LIU M;YU Q;MONTH = A","ORIENTED OBJECT DETECTION IN OPTICAL REMOTE SENSING IMAGES USING DEEP LEARNING: A SURVEY","ARTIFICIAL INTELLIGENCE REVIEW","ORIENTED OBJECT DETECTION IS A FUNDAMENTAL YET CHALLENGING TASK IN REMOTE SENSING (RS), AIMING TO LOCATE AND CLASSIFY OBJECTS WITH ARBITRARY ORIENTATIONS. RECENT ADVANCEMENTS IN DEEP LEARNING HAVE SIGNIFICANTLY ENHANCED THE CAPABILITIES OF ORIENTED OBJECT DETECTION METHODS. GIVEN THE RAPID DEVELOPMENT OF THIS FIELD, A COMPREHENSIVE SURVEY OF THE RECENT ADVANCES IN ORIENTED OBJECT DETECTION IS PRESENTED IN THIS PAPER. SPECIFICALLY, WE BEGIN BY TRACING THE TECHNICAL EVOLUTION FROM HORIZONTAL OBJECT DETECTION TO ORIENTED OBJECT DETECTION AND HIGHLIGHTING THE SPECIFIC RELATED CHALLENGES, INCLUDING FEATURE MISALIGNMENT, SPATIAL MISALIGNMENT, ORIENTED BOUNDING BOX (OBB) REGRESSION PROBLEMS, AND COMMON ISSUES ENCOUNTERED IN RS. SUBSEQUENTLY, WE FURTHER CATEGORIZE THE EXISTING METHODS INTO DETECTION FRAMEWORKS, OBB REGRESSION TECHNIQUES, FEATURE REPRESENTATION APPROACHES, AND SOLUTIONS TO COMMON ISSUES AND PROVIDE AN IN-DEPTH DISCUSSION OF HOW THESE METHODS ADDRESS THE ABOVE CHALLENGES. IN ADDITION, WE COVER SEVERAL PUBLICLY AVAILABLE DATASETS AND EVALUATION PROTOCOLS. FURTHERMORE, WE PROVIDE A COMPREHENSIVE COMPARISON AND ANALYSIS INVOLVING THE STATE-OF-THE-ART METHODS. TOWARD THE END OF THIS PAPER, WE IDENTIFY SEVERAL FUTURE DIRECTIONS FOR ORIENTED OBJECT DETECTION RESEARCH.",NA,NA,NA,0,NA
"10.1007/s10489-021-03148-x",2022,"CUI Z;SUN H;YIN R;JIA R;MONTH = S","SDA-NET: A DETECTOR FOR SMALL, DENSELY DISTRIBUTED, AND ARBITRARY-DIRECTIONAL SHIPS IN REMOTE SENSING IMAGES","APPLIED INTELLIGENCE","SHIPS IN REMOTE SENSING IMAGES ARE USUALLY ARRANGED IN ARBITRARY DIRECTION, WITH SMALL OBJECTS AND DENSE DISTRIBUTION, AND ARE EASILY INTERFERED BY BACKGROUND NOISE, WHICH MAKES THE EXISTING OBJECT DETECTION METHODS HAVE A CERTAIN MISSED DETECTION RATE AND FALSE DETECTION RATE IN THIS KIND OF COMPLEX SCENE. IN ORDER TO SOLVE THE ABOVE PROBLEMS, A NEURAL NETWORK FOR SHIP DETECTION IS PROPOSED. THE NETWORK IS COMPOSED OF SYMMETRICAL DEFORMATION FEATURE PYRAMID NETWORK, MULTI-SCALE ATTENTION NETWORK, MULTI-SCALE LOCAL CONTEXT NETWORK AND ROTATION BRANCH. FIRSTLY, IN ORDER TO FULLY EXTRACT THE FEATURES OF SHIPS WITH ARBITRARY DIRECTIONS AND SMALL OBJECTS IN REMOTE SENSING IMAGES, AN ADAPTIVE DEFORMABLE CONVOLUTION UNIT IS DESIGNED AND A SYMMETRICAL DEFORMATION FEATURE PYRAMID NETWORK IS CONSTRUCTED WITH IT AS CORE. SECONDLY, A MULTI-SCALE ATTENTION MODULE IS DESIGNED TO GUIDE THE NETWORK TO FOCUS ON SHIP AREAS OF DIFFERENT SCALES AND SUPPRESS BACKGROUND NOISE. THEN, A MULTI-SCALE LOCAL CONTEXT NETWORK IS DESIGNED TO CAPTURE THE CORRELATION BETWEEN SHIPS AND LOCAL NEARBY OBJECTS, AND TO LEARN MULTI-SCALE CO-OCCURRENCE FEATURES. FINALLY, A ROTATION BOUNDING BOX IS GENERATED BY THE ROTATION BRANCH, WHICH IS USED TO MARK SHIPS IN ARBITRARY DIRECTION. THE EXPERIMENTAL RESULTS ON TWO REMOTE SENSING PUBLIC DATASETS DOTA, HRSC2016 SHOW THAT THE PROPOSED METHOD ACHIEVES STATE-OF-THE-ART ACCURACY.",NA,NA,NA,0,NA
"10.1007/s10489-022-03549-6",2023,"WEN G;CAO P;WANG H;CHEN H;LIU X;XU J;ZAIANE O;MONTH = J","MS-SSD: MULTI-SCALE SINGLE SHOT DETECTOR FOR SHIP DETECTION IN REMOTE SENSING IMAGES","APPLIED INTELLIGENCE","OBJECT DETECTION IS A FUNDAMENTAL PROBLEM IN COMPUTER VISION. ALTHOUGH IMPRESSIVE RESULTS HAVE BEEN ACHIEVED ON LARGE/MEDIUM-SIZED OBJECTS, THE DETECTION PERFORMANCE OF SMALL OBJECTS REMAINS A CHALLENGING TASK. AUTOMATIC SHIP DETECTION ON REMOTE SENSING IMAGES IS AN IMPORTANT MODULE IN MARITIME SURVEILLANCE SYSTEM, AND IT IS CHALLENGING DUE TO THE HIGH VARIANCE IN APPEARANCE AND SCALE. IN THIS WORK, WE THOROUGHLY DISCUSS THE ISSUES OF SSD ON MULTI-SCALE OBJECTS AND PROPOSE A MULTI-SCALE SINGLE-SHOT DETECTOR (MS-SSD) TO IMPROVE THE DETECTION EFFECT OF SMALL SHIP TARGETS AND ENHANCE THE MODEL’S ROBUSTNESS TO SCALE VARIANCE. IT ENJOYS TWO BENEFITS BY INTRODUCING (1) MORE HIGH-LEVEL CONTEXT AND (2) MORE APPROPRIATE SUPERVISION. EXTENSIVE EXPERIMENTS ON THE AIRBUS SHIP DETECTION CHALLENGE DATASET DEMONSTRATE THE EFFECTIVENESS OF THE PROPOSED METHOD IN SHIP DETECTION FROM COMPLEX BACKGROUNDS IN REMOTE SENSING IMAGES. WE ALSO ACHIEVE BETTER DETECTION PERFORMANCE ON THE COCO DATASET, OUTPERFORMING STATE-OF-THE-ART APPROACHES, ESPECIALLY FOR SMALL TARGETS.",NA,NA,NA,0,NA
"10.1007/s11042-020-08949-9",2020,"PERDIGÃO P;LOUSÃ P;ASCENSO J;PEREIRA F;MONTH = A","VISUAL MONITORING OF HIGH-SEA FISHING ACTIVITIES USING DEEP LEARNING-BASED IMAGE PROCESSING","MULTIMEDIA TOOLS AND APPLICATIONS","DUE TO THE INCREASING SHORTAGE OF FISH IN THE SEAS, VESSEL MONITORING SYSTEMS (VMS) PLAY A VERY IMPORTANT ROLE IN FISHING ACTIVITY MONITORING, CONTROL AND SURVEILLANCE. IN THIS CONTEXT, THE DETECTION OF FISHING ACTIVITIES IN PROHIBITED ZONES IS A CRITICAL TASK. ALTHOUGH POSITION, SPEED AND OTHER INFORMATION ARE PROVIDED BY THE VMS SYSTEM, DETECTING FISHING ACTIVITIES USING ONLY THIS TYPE OF INFORMATION MAY BE RATHER INEFFECTIVE. THE PURPOSE OF THIS PAPER IS TO PROPOSE AN INTELLIGENT VIDEO-SURVEILLANCE SYSTEM THAT IS ABLE TO AUTOMATICALLY DETECT IF (AND WHEN) FISHING ACTIVITIES OCCUR BY AUTOMATICALLY VISUALLY MONITORING THE VESSEL ACTIVITIES. AFTER DETECTION, THE CONTROL CENTER WOULD BE INFORMED OF RELEVANT EVENTS AND RECEIVE VISUAL DATA THROUGH A LOW-BANDWIDTH, LOW-COST SATELLITE LINK TO CHECK IF ILLEGAL ACTIVITIES ARE EFFECTIVELY BEING PERFORMED. TO ACHIEVE THIS GOAL, THE PROPOSED VISUAL MONITORING SOLUTION ADOPTS A DEEP-LEARNING APPROACH TWICE: FIRST, TO DETECT THE FISHING ACTIVITIES AT THE VESSEL, A WELL-KNOWN CONVOLUTIONAL NEURAL NETWORK DESIGNED FOR IMAGE CLASSIFICATION IS EXPLOITED. SECOND, TO ENHANCE AT THE CONTROL CENTER THE HEAVILY COMPRESSED DECODED IMAGES, TRANSMITTED WITH A LOW-BANDWIDTH SATELLITE CHANNEL, A CONVOLUTIONAL NEURAL NETWORK SUITABLE FOR IMAGE RESTORATION IS ALSO USED. THE PROPOSED MONITORING SYSTEM FOLLOWS A NEW APPROACH FOR THE PROBLEM ADDRESSED BASED ON IMAGE DATA AND CAN SIGNIFICANTLY IMPROVE THE VMS EVEN DETECTION AND VALIDATION EFFICIENCY BY EXPLOITING ADVANCED IMAGE PROCESSING TOOLS, THUS HELPING TO ENSURE THE AVAILABILITY AND SUSTAINABILITY OF FISH STOCKS FOR GENERATIONS TO COME.",NA,NA,NA,0,NA
"10.1007/s12145-023-01088-3",2023,"CHEN Y;WANG J;ZHANG Y;LIU Y;MONTH = D","ARBITRARY-ORIENTED SHIP DETECTION BASED ON KULLBACK-LEIBLER DIVERGENCE REGRESSION IN REMOTE SENSING IMAGES","EARTH SCIENCE INFORMATICS","SHIP DETECTION IS A MEANINGFUL AND CHALLENGING TASK IN PROCESSING OF REMOTE SENSING IMAGE DATA. SPECIFICALLY, THE MAIN CHALLENGES FACED BY SHIP DETECTION IN REMOTE SENSING IMAGES (RSIS) INCLUDE THE VARIABLE DIRECTION AND DENSE ARRANGEMENT OF SHIPS, AS WELL AS THE COMPLEX NEARSHORE SCENES. TO ADDRESS THE ABOVE CHALLENGES, THIS ARTICLE PROPOSES AN ARBITRARY-ORIENTED SHIP DETECTION NETWORK BASED ON KULLBACK-LEIBLER DIVERGENCE (KLD) REGRESSION. FIRSTLY, A COORDINATE ATTENTION MODULE (CAM) IS DESIGNED TO CAPTURE DIRECTION-AWARE AND POSITION-SENSITIVE FEATURES, WHICH ENHANCES THE ATTENTION TO SHIPS IN COMPLEX SCENES. MEANWHILE, A REINFORCED FEATURE FUSION NETWORK (RFF-NET) COMBINED WITH CAM IS CONSTRUCTED TO OBTAIN FUSION FEATURES CONTAINING RICH SEMANTIC AND LOCATION INFORMATION. THEN, THE ORIENTATION-INVARIANT MODEL (OIM) IS INTRODUCED TO GENERATE DEPTH ROTATION-INVARIANT FEATURES, WHICH IMPROVES THE ADAPTABILITY OF THE NETWORK TO ARBITRARY-ORIENTED SHIPS. FINALLY, A REGRESSION LOSS FUNCTION BASED ON KLD IS DEFINED TO SOLVE THE PROBLEM OF BOUNDARY DISCONTINUITY AND REALIZE THE ACCURATE DETECTION OF DENSELY ARRANGED SHIPS. THE EXPERIMENTAL RESULTS DEMONSTRATE THAT THE PROPOSED METHOD REACHES 89.87\% AND 83.62\% AVERAGE PRECISION (AP) ON THE HRSC2016 AND DOTA SHIP DATA SETS, RESPECTIVELY, ACHIEVING STATE-OF-THE-ART SHIP DETECTION PERFORMANCE.",NA,NA,NA,0,NA
"10.1007/s12524-023-01750-9",2023,"GAO Y;BI F;CHEN L;NIE X","SD-NET: SPATIAL DUAL NETWORK FOR AERIAL OBJECT DETECTION","JOURNAL OF THE INDIAN SOCIETY OF REMOTE SENSING","THE DISTRIBUTION DIRECTION OF AERIAL OBJECTS IS ARBITRARY COMPARED TO OBJECTS IN NATURAL IMAGES. HOWEVER, THE EXISTING DETECTORS IDENTIFY AND LOCATE THE TARGETS BY RELYING ON THE SHARED FEATURES, WHICH LEADS TO THE CONTRADICTION OF REGRESSION AND CLASSIFICATION TASKS. TO BE SPECIFIC, THE CLASSIFIER SUPPRESSES ROTATION-SENSITIVE FEATURES, WHILE THE REGRESSOR RELIES ON ROTATION-VARIABLE FEATURES. TO ADDRESS THE ABOVE CONTRADICTIONS, A SPATIAL DUAL NETWORK (SD-NET) IS PROPOSED, WHICH CONSISTS OF TWO MODULES: POLARIZATION DUAL PYRAMID MODULE (PDPM) AND SPATIAL COORDINATE ATTENTION MODULE (SCAM). IN THE SCAM MODULE, TO BE ABLE TO CAPTURE CHANNEL-RELATED FEATURES AND GLOBAL SPATIAL FEATURES IN DIFFERENT DIRECTIONS, AN ATTENTION MODULE IS BUILT WITH DIFFERENT CONVOLUTION KERNELS THAT SLIDE IN BOTH HORIZONTAL AND VERTICAL DIRECTIONS. IN ADDITION, THE POLARIZATION FUNCTION IN THE POLARIZATION DUAL PYRAMID MODULE CAN SPLIT FEATURES INTO FEATURES SUITABLE FOR CLASSIFICATION AND REGRESSION TASKS FOR USE IN THE CLASSIFIER AND REGRESSOR OF THE NETWORK, ENABLING MORE REFINED DETECTION. THE EXPERIMENTAL RESULTS ON THREE REMOTE SENSING DATASETS (I.E., DOTA, UCAS-AOD, AND HRSC2016) DEMONSTRATE THAT THE PROPOSED METHOD ACHIEVES HIGHER PERFORMANCE ON DETECTION TASKS WHILE MAINTAINING HIGH EFFICIENCY.","ARTICLE",NA,"FEATURE CONSISTENCY; ARBITRARY-ORIENTED DETECTION; REMOTE SENSING IMAGE; DEEP LEARNING",1,"ENVIRONMENTAL SCIENCES & ECOLOGY; REMOTE SENSING"
"10.1007/s13369-021-06288-x",2022,"KHAN S;ALARABI L;BASALAMAH S","A UNIFIED DEEP LEARNING FRAMEWORK OF MULTI-SCALE DETECTORS FOR GEO-SPATIAL OBJECT DETECTION IN HIGH-RESOLUTION SATELLITE IMAGES","ARABIAN JOURNAL FOR SCIENCE AND ENGINEERING","GEO-SPATIAL OBJECT DETECTION IN HIGH-RESOLUTION SATELLITE IMAGES HAS MANY APPLICATIONS IN URBAN PLANNING, MILITARY APPLICATIONS, MARITIME SURVEILLANCE, ENVIRONMENT CONTROL AND MANAGEMENT. DESPITE THE SUCCESS OF CONVOLUTIONAL NEURAL NETWORKS IN OBJECT DETECTION TASKS IN NATURAL IMAGES, THE CURRENT DEEP LEARNING MODELS FACE CHALLENGES IN GEO-SPATIAL OBJECT DETECTION IN SATELLITE IMAGES DUE TO COMPLEX BACKGROUND, ARBITRARY VIEWS AND LARGE VARIATIONS IN OBJECT SIZES. IN THIS PAPER, WE PROPOSE A FRAMEWORK THAT TACKLES THESE PROBLEMS IN EFFICIENT AND EFFECTIVE WAY. THE FRAMEWORK CONSISTS OF TWO STAGES. THE FIRST STAGE GENERATES MULTI-SCALE OBJECT PROPOSALS AND THE SECOND STAGE CLASSIFIES EACH PROPOSAL INTO DIFFERENT CLASSES. THE FIRST STAGE UTILIZES FEATURE PYRAMID NETWORK TO OBTAIN MULTI-SCALE FEATURE MAPS AND THEN CONVERT EACH LEVEL OF THE PYRAMID INTO AN INDEPENDENT MULTI-SCALE PROPOSAL GENERATOR BY APPENDING MULTIPLE REGION PROPOSAL NETWORKS (RPNS). WE DEFINE SCALE RANGE FOR EACH RPN TO CAPTURE DIFFERENT SCALES OF THE TARGET. THE MULTI-SCALE OBJECT PROPOSALS ARE PROVIDED AS INPUT TO THE DETECTION SUB-NETWORK. WE EVALUATE PROPOSED FRAMEWORK ON PUBLICLY AVAILABLE BENCHMARK DATASET, AND FROM THE EXPERIMENT RESULTS, WE DEMONSTRATE THAT PROPOSED FRAMEWORK OUTPERFORMED OTHER REFERENCE METHODS","ARTICLE",NA,"GEO-SPATIAL OBJECT DETECTION; REGION PROPOSAL NETWORKS; MULTI-SCALE OBJECT PROPOSALS",53,"SCIENCE & TECHNOLOGY - OTHER TOPICS"
"10.1007/s44196-023-00235-4",2023,"QIU Z;RONG S;YE L;MONTH = A","YOLF-SHIPPNET: IMPROVED RETINANET WITH PYRAMID VISION TRANSFORMER","INTERNATIONAL JOURNAL OF COMPUTATIONAL INTELLIGENCE SYSTEMS","IN THE FIELD OF SHIP DETECTION, THE INTRICATE NATURE OF SHIP IMAGES ARISES FROM A MULTITUDE OF FACTORS, INCLUDING VARIATIONS IN SHIP ORIENTATION, COLOR CONTRASTS, AND DIVERSE SHAPES. THESE FACTORS COLLECTIVELY CONTRIBUTE TO THE CHALLENGE OF ACHIEVING HIGH DETECTION PRECISION. THUS, IT IS NECESSARY TO INVESTIGATE THE APPLICATION OF ADVANCED NETWORKS FOR SHIP IMAGE DETECTION. IN THIS PAPER, WE HAVE PUT FORWARD AN IMPROVED NETWORK CALLED YOLF-SHIPPNET, WHICH UTILIZES A POPULAR PYRAMID VISION TRANSFORMER WITH INCREASED DEPTH AS THE BACKBONE FOR THE RETINANET NETWORK. TO INCREASE THE MODEL’S GENERALIZATION ABILITY, YOU ONLY LOOK ONCE EXTREME’S (YOLOX’S) HUE, SATURATION, AND VALUE (HSV) RANDOM AUGMENTATION TECHNIQUE IS EMPLOYED TO SIMULATE LIGHT AND COLOR EFFECTS ON SHIP IMAGES DURING THE CONSTRUCTION OF THE NETWORK. ABLATION EXPERIMENTS WERE CONDUCTED ON THE MODEL WITH TWO POPULAR DATASETS: HIGH-RESOLUTION SHIP COLLECTIONS 2016 (HRSC2016) AND SAR SHIP DETECTION DATASET (SSDD). THE YOLF-SHIPPNET NETWORK HAS BEEN VERIFIED TO IMPROVE DETECTION PRECISION AND GENERALIZATION ABILITY IN SHIP DETECTION BY \$\$5.22\TEXTBACKSLASH\%\$\$AND \$\$5.46\TEXTBACKSLASH\%\$\$, RESPECTIVELY, COMPARED TO RETINANET BASELINE, EXHIBITING STRONG ROBUSTNESS AND HIGH EFFECTIVENESS. THE PROPOSED NETWORK IS APPLICABLE TO THE FIELD OF FINE-GRAINED SHIP DETECTION AND ACHIEVES AN ACCURACY IMPROVEMENT OF \$\$10.03\TEXTBACKSLASH\%\$\$COMPARED TO THE BASELINE NETWORK.",NA,NA,NA,0,NA
"10.1016/j.apor.2020.102448",2021,"WANG W;REN J;SU C;HUANG M;MONTH = J","SHIP DETECTION IN MULTISPECTRAL REMOTE SENSING IMAGES VIA SALIENCY ANALYSIS","APPLIED OCEAN RESEARCH","DESPITE THE INCREASING VISIBLE OPTICAL REMOTE SENSING CAMERAS EQUIPPED WITH PANCHROMATIC AND FOUR-BAND MULTISPECTRAL SENSORS, THE APPLICATION OF MULTISPECTRAL DATA IS STILL RARELY USED IN THE FIELD OF REMOTE SENSING SHIP TARGET DETECTION WITH THE OPENLY RECOGNIZED CHALLENGE TO IMPROVE DETECTION PRECISION. TOWARDS THIS END, A SHIP TARGET SALIENCY DETECTION METHOD IS PROPOSED IN THE PAPER, WHICH COMBINES WEIGHTED LEAST SQUARES (WLS) WITH MAXIMUM SYMMETRIC SURROUND (MSS), BASED ON RGB-NIR FOUR-BAND MULTISPECTRAL REMOTE SENSING IMAGES TO LOCATE THE CANDIDATE AREA OF SHIP TARGETS QUICKLY AND ACCURATELY. THE HIGH FREQUENCY INFORMATION OF THE NIR BAND IMAGE IS EXTRACTED THROUGH THE WLS FILTER AND INTEGRATED INTO THE RGB BAND IMAGE, AND THEN THE SALIENCY OF THE IMAGE IS ANALYZED. THE DETECTION RESULTS ARE COMBINED WITH AIS TO ACHIEVE COMPLEMENTARY INFORMATION FOR SHIP RECOGNITION. SOME EXPERIMENTS SHOW THAT THE PROPOSED METHOD CAN EFFECTIVELY SUPPRESS THE COMPLEX BACKGROUND INFORMATION OF CLUTTER INTERFERENCE SUCH AS CLOUD WAVES AND SEA WAVES, HIGHLIGHT THE SHIP TARGET IN LOW CONTRAST SCENES, AND ALSO INCREASE RECALL AND PRECISION EFFECTIVELY.",NA,NA,NA,0,NA
"10.1016/j.apor.2023.103702",2023,"SONG R;LI T;LI T;MONTH = O","SHIP DETECTION IN HAZE AND LOW-LIGHT REMOTE SENSING IMAGES VIA COLOUR BALANCE AND DCNN","APPLIED OCEAN RESEARCH","SHIP DETECTION IN MARINE REMOTE SENSING IMAGES (RSI) IS AN AREA OF GROWING INTEREST WITH A WIDE RANGE OF POTENTIAL APPLICATIONS. HOWEVER, CURRENT SHIP DETECTION METHODS OFTEN SUFFER FROM LOW ACCURACY AND POOR ROBUSTNESS WHEN DEALING WITH RSI DUE TO THE INFLUENCE OF DIFFUSE HAZE OR LOW-LIGHT CONDITIONS. TO OVERCOME THESE ISSUES, THIS STUDY DEVELOPS A HYBRID DEEP LEARNING FRAMEWORK FOR DETECTING SHIPS IN RSI, CONSISTING OF THREE MAIN COMPONENTS: RSI DEHAZE, RSI ENHANCEMENT, AND AN IMPROVED YOLO-V5S NETWORK. FIRSTLY, THE RSI DEHAZE USES COLOUR SPACE TRANSFORMATION TO CORRECT THE COLOUR CAST OF BLURRED RSI AND PERFORMS DEHAZE USING TRANSMISSION MAPPING AND HAZE-LINE CLUSTERING. THEN THE WEAKLY ILLUMINATED RSI IS ENHANCED BY UTILISING ILLUMINATION MAPPING BETWEEN INPUT AND ENHANCED IMAGES TO DESCRIBE THE CORRELATION BETWEEN IMAGES. FINALLY, THE SHIP DETECTION MODEL IS CONSTRUCTED BY IMPROVING THE YOLO-V5S MODEL WITH CHANNEL SPLIT AND SHUFFLE, WHICH EFFECTIVELY SUPPRESSES REDUNDANT FEATURES AND ACCURATELY DETECTS SHIPS IN RSI. THE HRSC2016 AND DIOR DATASETS ARE USED FOR COMPREHENSIVE PERFORMANCE ASSESSMENT. THE EXPERIMENTAL RESULTS DEMONSTRATE THAT THE PROPOSED FRAMEWORK ACHIEVES SUPERIOR SHIP DETECTION PRECISION, WITH MAP, PRE AND REC REACHING 95.27\%, 97.55\% AND 99.74\%, RESPECTIVELY, ON THE HRSC2016 DATASET.",NA,NA,NA,0,NA
"10.1016/j.asr.2024.10.028",2025,"YILDIRIM E;KAVZOGLU T;MONTH = J","DEEP CONVOLUTIONAL NEURAL NETWORKS FOR SHIP DETECTION USING REFINED DOTA AND TGRS-HRRSD HIGH-RESOLUTION IMAGE DATASETS","ADVANCES IN SPACE RESEARCH","AUTOMATED IDENTIFICATION OF SHIPS IN SATELLITE IMAGERY IS OF UTMOST SIGNIFICANCE IN MANY MILITARY AND CIVILIAN APPLICATIONS, INCLUDING MONITORING MARITIME TRAFFIC AND MAINTAINING MARITIME SECURITY. HOWEVER, SHIP DETECTION FROM REMOTELY SENSED IMAGERY IS A CHALLENGING TASK BECAUSE OF THEIR VARYING SIZES, ORIENTATIONS, TYPES, AND VARIOUS INTERFERENCES. IN RECENT YEARS, DEEP LEARNING ALGORITHMS HAVE BECOME A POWERFUL TOOL IN IMAGE PROCESSING APPLICATIONS, INCLUDING IMAGE CLASSIFICATION AND OBJECT DETECTION DUE TO THEIR STRONG FEATURE REPRESENTATION CAPABILITIES. IN THIS STUDY, A REFINED SHIP DATASET, CONTAINING A TOTAL OF 13,735 INSTANCES AND REPRESENTING DIFFERENT SHIP TYPES, WAS GENERATED USING STATE-OF-THE-ART DATASETS FOR THE SHIP DETECTION TASK. IN A COMPARATIVE FRAMEWORK, THE PERFORMANCE OF FIVE DEEP LEARNING ALGORITHMS (FASTER R-CNN, YOLOV8, CENTERNET, EFFICIENTDET, AND SSD) IN SHIP DETECTION WAS INVESTIGATED USING THE CREATED DATASET. THE PERFORMANCE OF THE DEEP LEARNING MODELS WAS COMPARED USING MS COCO ACCURACY METRICS. IN ADDITION, THE GENERALIZATION CAPABILITIES OF THE MODELS WERE TESTED ON AN INDEPENDENT IMAGE ACQUIRED BY GÖKTÜRK-1 HAVING A MUCILAGE EFFECT THAT UNDERMINES THE SPECTRAL DISCRIMINATION. RESULTS REVEALED THAT THE YOLOV8 MODEL HAD THE GREATEST SHIP DETECTION PERFORMANCE (AP@0.50 = 96.33 \%), FOLLOWED BY CENTERNET (AP@0.50 = 88.80 \%), FASTER R-CNN (AP@0.50 = 85.30 \%), EFFICIENTDET (AP@0.50 = 78.91 \%) AND SSD (AP@0.5 = 75.98 \%), AND OBTAINED THE HIGHEST ACCURACIES IN TERMS OF OTHER COCO METRICS. IN ADDITION, GENERALIZATION CAPABILITIES ON THE TEST IMAGE CONFIRMED THE SUPERIORITY OF THE YOLOV8 MODEL WITH AP@0.50 SCORE OF 63.93 \%. OVERALL, THE RESULTS OF THIS STUDY VALIDATED THE EFFECTIVENESS OF THE YOLOV8 MODEL IN IDENTIFYING SHIP TARGETS IN REMOTELY SENSED IMAGES.",NA,NA,NA,0,NA
"10.1016/j.cja.2020.09.022",2021,"LI B;XIE X;WEI X;TANG W;MONTH = M","SHIP DETECTION AND CLASSIFICATION FROM OPTICAL REMOTE SENSING IMAGES: A SURVEY","CHINESE JOURNAL OF AERONAUTICS","CONSIDERING THE IMPORTANT APPLICATIONS IN THE MILITARY AND THE CIVILIAN DOMAIN, SHIP DETECTION AND CLASSIFICATION BASED ON OPTICAL REMOTE SENSING IMAGES RAISE CONSIDERABLE ATTENTION IN THE SEA SURFACE REMOTE SENSING FILED. THIS ARTICLE COLLECTS THE METHODS OF SHIP DETECTION AND CLASSIFICATION FOR PRACTICALLY TESTING IN OPTICAL REMOTE SENSING IMAGES, AND PROVIDES THEIR CORRESPONDING FEATURE EXTRACTION STRATEGIES AND STATISTICAL DATA. BASIC FEATURE EXTRACTION STRATEGIES AND ALGORITHMS ARE ANALYZED ASSOCIATED WITH THEIR PERFORMANCE AND APPLICATION IN SHIP DETECTION AND CLASSIFICATION. FURTHERMORE, PUBLICLY AVAILABLE DATASETS THAT CAN BE APPLIED AS THE BENCHMARKS TO VERIFY THE EFFECTIVENESS AND THE OBJECTIVENESS OF SHIP DETECTION AND CLASSIFICATION METHODS ARE SUMMARIZED IN THIS PAPER. BASED ON THE ANALYSIS, THE REMAINING PROBLEMS AND FUTURE DEVELOPMENT TRENDS ARE PROVIDED FOR SHIP DETECTION AND CLASSIFICATION METHODS BASED ON OPTICAL REMOTE SENSING IMAGES.",NA,NA,NA,0,NA
"10.1016/j.dsp.2025.105152",2025,"LIANG P;HUO T;DING Y;DUAN S;WANG L;MONTH = J","EPFNET: LIGHTWEIGHT FEATURE FUSION FOR SMALL SHIP DETECTION IN REMOTE SENSING IMAGERY","DIGITAL SIGNAL PROCESSING","ACCURATE DETECTION OF SMALL SHIPS IN OPTICAL REMOTE SENSING IMAGERY IS ESSENTIAL FOR MARITIME SAFETY AND SECURITY. EXISTING METHODS OFTEN FAIL IN COMPLEX SCENARIOS DUE TO COMPUTATIONAL INEFFICIENCIES AND WEAK FEATURE EXTRACTION. WE PROPOSE EPFNET, A LIGHTWEIGHT FRAMEWORK THAT BALANCES DETECTION ACCURACY WITH COMPUTATIONAL COMPLEXITY. THE FRAMEWORK INTRODUCES TWO NOVEL MODULES: ENHANCED PERCEPTUAL FEATURE EXTRACTION (EPFE) TO SUPPRESS NOISE AND HIGHLIGHT KEY FEATURES, AND MULTI-SCALE SEQUENTIAL INFORMATION FUSION (MSIF) TO FACILITATE INTRA- AND INTER-SCALE FEATURE INTERACTIONS. EXPERIMENTS ON THE MASATI AND SMALL SHIP DATASETS SHOW EPFNET ACHIEVES A 2.7\% AND 2.0\% IMPROVEMENT IN AP, RESPECTIVELY, SURPASSING STATE-OF-THE-ART METHODS. EPFNET'S EFFICIENCY AND ACCURACY MAKE IT IDEAL FOR RESOURCE-CONSTRAINED MARITIME APPLICATIONS.",NA,NA,NA,0,NA
"10.1016/j.ecolind.2024.111682",2024,"HU H;ZHOU W;JIANG B;ZHANG J;CHENG T;MONTH = F","EXPLORING DEEP LEARNING TECHNIQUES FOR THE EXTRACTION OF LIT FISHING VESSELS FROM LUOJIA1-01","ECOLOGICAL INDICATORS","MARINE FISHERY RESOURCES ARE LINKED TO GLOBAL FOOD SECURITY AND THE LIVELIHOODS OF MILLIONS OF PEOPLE, BUT THEIR SUSTAINABILITY IS SERIOUSLY AFFECTED BY THE OVEREXPANSION OF FISHING ACTIVITIES. THE REGULATION OF FISHING ACTIVITIES OF FISHING VESSELS HAS BEEN BASED ON INEFFECTIVE DATA SOURCES. FORTUNATELY, RAPID DEVELOPMENTS IN NIGHTTIME LIGHT REMOTE SENSING HAVE PROVIDED EFFECTIVE DATA FOR THE FORMULATION OF MARINE FISHERIES REGULATIONS. WE CONDUCTED A SERIES OF EXPERIMENTS TO EXPLORE THE APPLICATION OF LUOJIA1-01 (LJ-01) NIGHTTIME LIGHT IMAGES FOR THE EXTRACTION OF INFORMATION ON FISHING VESSELS TO PROVIDE EFFECTIVE DATA SUPPORT FOR THE FORMULATION OF MARINE FISHERIES REGULATIONS. FIRST, A SERIES OF PREPROCESSING OPERATIONS, INCLUDING RADIATION CORRECTION AND MASKING OF THE OFFSHORE OIL AND GAS PLATFORMS WERE PERFORMED ON THE ORIGINAL IMAGE. THE PREPROCESSED SINGLE-BAND NIGHTTIME LIGHT IMAGE WAS COMBINED WITH TWO STRETCHING METHODS TO FORM A TRIBAND IMAGE. SAMPLE LABELLING OF LIT FISHING BOATS WAS PERFORMED. THEN, BY COMPARING YOLOV5 METRICS, YOLO-V5S WAS CHOSEN AS THE BASE FRAMEWORK OF THE MODEL, AND A SMALL-TARGET DETECTION LAYER WAS ADDED TO IMPROVE THE DETECTION OF LIT FISHING VESSELS. THE METHOD DEVELOPED IN THIS STUDY ACCURATELY AND EFFECTIVELY DETECTED LIT FISHING BOATS IN LJ1-01 IMAGES WITH STRONG ROBUSTNESS AND GENERALIZABILITY, AND THE ACCURACY OF DETECTION RATE REACHED 96.6 \%. THE PRECISION WAS IMPROVED BY 10 \% COMPARED TO THE ORIGINAL YOLO-V5S MODEL THAT USED RAW DATA. THE RECALL RATE WAS IMPROVED FROM 85.4 TO 93 \%, AND THE AVERAGE ACCURACY(MAP@0.5) WAS IMPROVED FROM 85.4 TO 93.1 \%. THE DEVELOPED MODEL CAN BE SUCCESSFULLY USED FOR THE EXTRACTION OF LIT FISHING BOATS AND FOR OTHER APPLICATIONS BASED ON MEDIUM- AND HIGH-RESOLUTION NIGHTTIME SATELLITE DATA.",NA,NA,NA,0,NA
"10.1016/j.engappai.2024.108517",2024,"IERACITANO C;MAMMONE N;SPAGNOLO F;FRUSTACI F;PERRI S;CORSONELLO P;MORABITO F","AN EXPLAINABLE EMBEDDED NEURAL SYSTEM FOR ON-BOARD SHIP DETECTION FROM OPTICAL SATELLITE IMAGERY","ENGINEERING APPLICATIONS OF ARTIFICIAL INTELLIGENCE","AUTOMATIC SHIP DETECTION FROM SPACEBORNE SYSTEMS SUCH AS SATELLITES OR AIRCRAFTS, RAISES CONSIDERABLE ATTENTION IN SEA SURFACE MONITORING BECAUSE OF THE SEVERAL APPLICATIONS IN MILITARY AND CIVILIAN FIELD. IN THIS CONTEXT, PROCESSING SATELLITE IMAGES ON-BOARD WOULD REDUCE THE LATENCY TIME ESPECIALLY FOR EMERGENCY SITUATIONS. IN THIS PAPER, AN HARDWARE-ORIENTED (HO) SHIP DETECTION SYSTEM BASED ON A CUSTOMIZED CONVOLUTIONAL NEURAL NETWORK (CNN), HERE REFERRED TO AS HO-SHIPNET, , IS PROPOSED AND TESTED ON A REVISED VERSION OF THE ""SHIPS IN SATELLITE IMAGERY""(SSI) KAGGLE DATASET, REPORTING DETECTION ACCURACY OF UP TO 95%. FURTHERMORE, THE EXPLAINABILITY OF HO-SHIPNET IS INVESTIGATED BY MEANS OF EXPLAINABLE ARTIFICIAL INTELLIGENCE (XAI) TECHNIQUES (I.E., LOCAL INTERPRETABLE MODEL-AGNOSTIC EXPLANATION (LIME) AND OCCLUSION SENSITIVUTY ANALYSIS (OSA)), IN ORDER TO UNDERSTAND THE REASONING BEHIND THE HO-SHIPNET DECISIONS BY DETECTING THE MOST IMPORTANT INPUT FEATURES AND CONSEQUENTLY ENSURE THE TRUSTWORTHINESS OF THE MODEL ITSELF. FINALLY, HO-SHIPNET IS ALSO IMPLEMENTED ON THE HETEROGENEOUS XILINX XC7Z045FFG900-2 SOC FIELD PROGRAMMABLE GATE ARRAY (FPGA) OUTPERFORMING STATEOF-THE-ART FPGA-BASED ACCELERATORS DEALING WITH HIGH-RESOLUTION FRAMES. THE PROMISING RESULTS ENCOURAGE THE POTENTIAL DEPLOYMENT OF THE PROPOSED SYSTEM FOR ON-BOARD APPLICATIONS.","ARTICLE",NA,"SHIP DETECTION; EXPLAINABLE ARTIFICIAL INTELLIGENCE; OPTICAL SATELLITE IMAGES; FIELD PROGRAMMABLE GATE ARRAY",16,"AUTOMATION & CONTROL SYSTEMS; COMPUTER SCIENCE; ENGINEERING"
"10.1016/j.engappai.2024.108517",2024,"IERACITANO C;MAMMONE N;SPAGNOLO F;FRUSTACI F;PERRI S;CORSONELLO P;MORABITO F","AN EXPLAINABLE EMBEDDED NEURAL SYSTEM FOR ON-BOARD SHIP DETECTION FROM OPTICAL SATELLITE IMAGERY","ENGINEERING APPLICATIONS OF ARTIFICIAL INTELLIGENCE","AUTOMATIC SHIP DETECTION FROM SPACEBORNE SYSTEMS SUCH AS SATELLITES OR AIRCRAFTS, RAISES CONSIDERABLE ATTENTION IN SEA SURFACE MONITORING BECAUSE OF THE SEVERAL APPLICATIONS IN MILITARY AND CIVILIAN FIELD. IN THIS CONTEXT, PROCESSING SATELLITE IMAGES ON-BOARD WOULD REDUCE THE LATENCY TIME ESPECIALLY FOR EMERGENCY SITUATIONS. IN THIS PAPER, AN HARDWARE-ORIENTED (HO) SHIP DETECTION SYSTEM BASED ON A CUSTOMIZED CONVOLUTIONAL NEURAL NETWORK (CNN), HERE REFERRED TO AS HO-SHIPNET, IS PROPOSED AND TESTED ON A REVISED VERSION OF THE “SHIPS IN SATELLITE IMAGERY” (SSI) KAGGLE DATASET, REPORTING DETECTION ACCURACY OF UP TO 95%. FURTHERMORE, THE EXPLAINABILITY OF HO-SHIPNET IS INVESTIGATED BY MEANS OF EXPLAINABLE ARTIFICIAL INTELLIGENCE (XAI) TECHNIQUES (I.E., LOCAL INTERPRETABLE MODEL-AGNOSTIC EXPLANATION (LIME) AND OCCLUSION SENSITIVUTY ANALYSIS (OSA)), IN ORDER TO UNDERSTAND THE REASONING BEHIND THE HO-SHIPNET DECISIONS BY DETECTING THE MOST IMPORTANT INPUT FEATURES AND CONSEQUENTLY ENSURE THE TRUSTWORTHINESS OF THE MODEL ITSELF. FINALLY, HO-SHIPNET IS ALSO IMPLEMENTED ON THE HETEROGENEOUS XILINX XC7Z045FFG900-2 SOC FIELD PROGRAMMABLE GATE ARRAY (FPGA) OUTPERFORMING STATE-OF-THE-ART FPGA-BASED ACCELERATORS DEALING WITH HIGH-RESOLUTION FRAMES. THE PROMISING RESULTS ENCOURAGE THE POTENTIAL DEPLOYMENT OF THE PROPOSED SYSTEM FOR ON-BOARD APPLICATIONS. © 2024 THE AUTHOR(S)","ARTICLE",NA,"EXPLAINABLE ARTIFICIAL INTELLIGENCE; FIELD PROGRAMMABLE GATE ARRAY; OPTICAL SATELLITE IMAGES; SHIP DETECTION",17,NA
"10.1016/j.eswa.2023.122299",2024,"GAO F;CAI C;TANG W;TIAN Y;HUANG K","RA2DC-NET:A RESIDUAL AUGMENT-CONVOLUTIONS AND ADAPTIVE DEFORMABLE CONVOLUTION FOR POINTS-BASED ANCHOR-FREE ORIENTATION DETECTION NETWORK IN REMOTE SENSING IMAGES","EXPERT SYSTEMS WITH APPLICATIONS","WITH THE RAPID ADVANCEMENTS IN COMPUTER VISION OBJECT DETECTION NETWORKS, SEVERAL DETECTION NETWORKS BASED ON REMOTE SENSING DATA HAVE BEEN PROPOSED FOR ORIENTED OBJECT DETECTION. HOWEVER, EXISTING ORIENTED NETWORKS HAVE LIMITATIONS IN TERMS OF FEATURE EXTRACTION AND ORIENTED INFORMATION EXTRACTION. TO ADDRESS THESE LIMITATIONS, IN THIS PAPER, WE PROPOSED AN ADVANCED ADAPTIVE POINTS-BASED ANCHOR-FREE ORIENTED DETECTION NETWORK CALLED RA2DC-NET WHICH INCLUDES A RESIDUAL AUGMENT-CONVOLUTIONS (RES-AUGCONVS) MODULE THAT USES RESIDUAL STRUCTURES AND ATTENTION MECHANISMS TO ENHANCE FEATURE FOCUS INFORMATION AND MINIMIZE THE LOSS OF FOCUS FEATURE INFORMATION. IN ADDITION, WE PROPOSED A METHOD CALLED ADAPTIVE DEFORMABLE CONVOLUTION (ADCONV) TO FINE-TUNE CUSTOM CONVOLUTION WEIGHTS ACCORDING TO THE FEATURES AND GENERATE HIGH-QUALITY ADAPTIVE OFFSETS FOR ACCURATE ORIENTATION INFORMATION. FURTHERMORE, WE EVALUATED THE PERFORMANCE OF RA2DC-NET ON TWO LARGE-SCALE DATASETS: THE DATASET FOR OBJECT DETECTION IN AERIAL IMAGES (DOTA), THE ROTATED OBJECT DETECTION IN OPTICAL REMOTE SENSING IMAGES (DIOR-R) AND THE HIGH-RESOLUTION SHIP COLLECTION 2016 (HRSC2016). EXPERIMENTAL RESULTS DEMONSTRATED THAT RA2DC-NET ACHIEVED MAP VALUES OF 76.25%, 68.73% AND 89.75% ON THE THREE DATASETS, RESPECTIVELY, WITH HIGH AP VALUES FOR VARIOUS OBJECT CLASSES ON DOTA.","ARTICLE",NA,"ORIENTED DETECTION; ATTENTION MECHANISM; REMOTE SENSING; ANCHOR-FREE",10,"COMPUTER SCIENCE; ENGINEERING; OPERATIONS RESEARCH & MANAGEMENT SCIENCE"
"10.1016/j.eswa.2023.122299",2024,"GAO F;CAI C;TANG W;TIAN Y;HUANG K","RA2DC-NET:A RESIDUAL AUGMENT-CONVOLUTIONS AND ADAPTIVE DEFORMABLE CONVOLUTION FOR POINTS-BASED ANCHOR-FREE ORIENTATION DETECTION NETWORK IN REMOTE SENSING IMAGES","EXPERT SYSTEMS WITH APPLICATIONS","WITH THE RAPID ADVANCEMENTS IN COMPUTER VISION OBJECT DETECTION NETWORKS, SEVERAL DETECTION NETWORKS BASED ON REMOTE SENSING DATA HAVE BEEN PROPOSED FOR ORIENTED OBJECT DETECTION. HOWEVER, EXISTING ORIENTED NETWORKS HAVE LIMITATIONS IN TERMS OF FEATURE EXTRACTION AND ORIENTED INFORMATION EXTRACTION. TO ADDRESS THESE LIMITATIONS, IN THIS PAPER, WE PROPOSED AN ADVANCED ADAPTIVE POINTS-BASED ANCHOR-FREE ORIENTED DETECTION NETWORK CALLED RA2DC-NET WHICH INCLUDES A RESIDUAL AUGMENT-CONVOLUTIONS (RES-AUGCONVS) MODULE THAT USES RESIDUAL STRUCTURES AND ATTENTION MECHANISMS TO ENHANCE FEATURE FOCUS INFORMATION AND MINIMIZE THE LOSS OF FOCUS FEATURE INFORMATION. IN ADDITION, WE PROPOSED A METHOD CALLED ADAPTIVE DEFORMABLE CONVOLUTION (ADCONV) TO FINE-TUNE CUSTOM CONVOLUTION WEIGHTS ACCORDING TO THE FEATURES AND GENERATE HIGH-QUALITY ADAPTIVE OFFSETS FOR ACCURATE ORIENTATION INFORMATION. FURTHERMORE, WE EVALUATED THE PERFORMANCE OF RA2DC-NET ON TWO LARGE-SCALE DATASETS: THE DATASET FOR OBJECT DETECTION IN AERIAL IMAGES (DOTA), THE ROTATED OBJECT DETECTION IN OPTICAL REMOTE SENSING IMAGES (DIOR-R) AND THE HIGH-RESOLUTION SHIP COLLECTION 2016 (HRSC2016). EXPERIMENTAL RESULTS DEMONSTRATED THAT RA2DC-NET ACHIEVED MAP VALUES OF 76.25%, 68.73% AND 89.75% ON THE THREE DATASETS, RESPECTIVELY, WITH HIGH AP VALUES FOR VARIOUS OBJECT CLASSES ON DOTA. © 2023 ELSEVIER LTD","ARTICLE",NA,"ANCHOR-FREE; ATTENTION MECHANISM; ORIENTED DETECTION; REMOTE SENSING",11,NA
"10.1016/j.isprsjprs.2025.12.006",2026,"ZHANG Y;CHI J;YANG G;CHEN C;YU T","SAR-NANOSHIPNET: A SCALE-ADAPTIVE NETWORK FOR ROBUST SMALL SHIP DETECTION IN SAR IMAGERY","ISPRS JOURNAL OF PHOTOGRAMMETRY AND REMOTE SENSING","CURRENTLY, NOTABLE PROGRESS HAS BEEN ATTAINED IN SMALL SHIP TARGET DETECTION FOR SYNTHETIC APERTURE RADAR (SAR) IMAGERY, WITH SUCH ADVANCEMENTS BEING DRIVEN BY THREE KEY METHODOLOGICAL INNOVATIONS WITHIN THE DEEP LEARNING FRAMEWORK: SELF-SUPERVISION COMBINED WITH KNOWLEDGE DISTILLATION, ROTATED BOUNDING BOX DETECTION, AND MULTI-SCALE FEATURE FUSION. HOWEVER, IT STILL FACES CHALLENGES SUCH AS HIGH SPECKLE NOISE IN SAR IMAGES, DIFFICULTY IN EXTRACTING SMALL TARGET FEATURES, GEOMETRIC DISTORTION OF SHIP SHAPES AND HEADING DEPENDENCE. THEREFORE, THIS ARTICLE PROPOSES A NEW SAR-NANOSHIPNET MODEL. TO ENHANCE THE TARGETING OF SHIP OBJECTS, THE PROPOSED METHOD EMPLOYS A SPECIALIZED CONVOLUTION (DABCONV) THAT EXHIBITS GREATER SUITABILITY FOR SHIP TARGETS, REPLACING THE CONVENTIONAL STANDARD CONVOLUTION. AS OPPOSED TO TRADITIONAL APPROACHES FOR SAR TARGET DETECTION, WHICH TYPICALLY LACK THE CAPABILITY TO ADAPTIVELY CAPTURE THE IRREGULAR BOUNDARIES AND LOW-CONTRAST FEATURES OF SMALL SHIP TARGETS IN SAR IMAGES, THIS METHOD PIONEERS THE ADAPTIVE CAPTURE OF THESE FEATURES THROUGH DEFORMABLE CONVOLUTIONS AND BOUNDARY ATTENTION MECHANISMS, LEADING TO ENHANCED TARGET LOCALIZATION ACCURACY. IN ADDITION, WE INTRODUCE THE VERTICALCOMPSPPF MODULE (VC-SPPF), WHICH INCORPORATES LONGITUDINAL MULTI-SCALE CONVOLUTION ALONGSIDE A CHANNEL ATTENTION MECHANISM. FINALLY, THE DESIGN OF D-CLEM IS LINKED WITH DABCONV TO ENHANCE DIRECTIONAL FEATURE EXTRACTION WHILE ALSO FUSING, IMPROVING THE ACCURACY OF SMALL OBJECT DETECTION. WE HAVE VALIDATED THE SUPERIORITY OF OUR METHOD ON FIVE DATASETS, PARTICULARLY FOR HIGH PRECISION DETECTION OF SMALL TARGETS (AP<INF>S</INF> ↑2.66%). OUR CODE CAN BE FOUND AT HTTPS://GITHUB.COM/Z-YUHAO/1.GIT. © 2025 INTERNATIONAL SOCIETY FOR PHOTOGRAMMETRY AND REMOTE SENSING, INC. (ISPRS)","ARTICLE",NA,"DEEP LEARNING; SAR IMAGERY; SAR-NANOSHIPNET; SMALL SHIP DETECTION",0,NA
"10.1016/j.oneear.2024.09.009",2024,"WELCH H;AMES R;KOLLA N;KROODSMA D;MARSAGLIA L;RUSSO T;WATSON J;HAZEN E;MONTH = O","HARNESSING AI TO MAP GLOBAL FISHING VESSEL ACTIVITY","ONE EARTH","DESCRIBING THE SHEER SCALE OF THE GLOBAL FISHING INDUSTRY NECESSITATES A LOT OF ZEROS: 4,900,000 FISHING VESSELS, 40,000,000 MILLION WORKERS, AND AN ANNUAL PRODUCTION OF 80,000,000 TONNES OF SEAFOOD VALUED AT \$141,000,000,000. EFFECTIVE MANAGEMENT OF THE FISHING INDUSTRY REQUIRES CRUNCHING THESE BIG DATA—WHILE THE HUMAN MIND BALKS AT SUCH A TASK, THE ARTIFICIAL MIND DOES NOT. ARTIFICIAL INTELLIGENCE (AI) IS A FAMILY OF SYSTEMS THAT ALLOW COMPUTERS TO SIMULATE HUMAN BEHAVIORS, SUCH AS LEARNING FROM EXPERIENCE AND RECOGNIZING VISUAL PATTERNS. THIS PRIMER EXPLAINS HOW AI IS USED TO MONITOR AND SURVEIL FISHING VESSELS FROM SPACE, SHORE, AND THE SEAFLOOR AND THEN HOW IT IS APPLIED TO PROCESS THIS INFORMATION TO MEET FISHERIES MANAGEMENT GOALS, LIKE COMBATING ILLEGAL FISHING. THE EXPONENTIAL RISE OF AI IN FISHERIES APPLICATIONS OVER THE PAST DECADE SHOWS NO SIGNS OF SLOWING. WE REFLECT ON HOW THE AI OF TOMORROW MAY IMPROVE FISHERIES’ SUSTAINABILITY AND TRANSPARENCY WHILE EMPHASIZING THE SUSTAINED NEED FOR HUMAN OVERSIGHT IN AN INCREASINGLY AUTOMATED FUTURE.",NA,NA,NA,0,NA
"10.1016/j.rineng.2025.106297",2025,"NANDAL P;BOHRA N;MANN P;DAS N;MONTH = S","YOLOV11 WITH TRANSFORMER ATTENTION FOR REAL-TIME MONITORING OF SHIPS: A FEDERATED LEARNING APPROACH FOR MARITIME SURVEILLANCE","RESULTS IN ENGINEERING","MARITIME SURVEILLANCE PLAYS A VERY IMPORTANT ROLE IN MARINE NAVIGATION, CONTROL AND ENFORCEMENT. IT IS NECESSARY FOR REAL TIME MONITORING OF ILLICIT ACTIVITIES AND REGULATING MARITIME TRAFFIC. SATELLITE IMAGES OF SHIPS AND VESSELS POSE DIFFICULTY IN IDENTIFYING SHIPS BECAUSE OF DIFFERENT OBJECT SIZES, OCCLUSIONS, AND INTRICATE BACKDROPS. IN ADDITION, TRADITIONAL CENTRALIZED MACHINE LEARNING MODELS FOR DETECTION OF SHIPS IN SATELLITE IMAGES OFTEN DEPEND ON CENTRALIZED ARCHITECTURES, WHICH LEAD TO CONSIDERABLE COMMUNICATION OVERHEAD AND TO THE CREATION OF A SINGLE POINT OF FAILURE. THIS PAPER PROPOSES A NOVEL TECHNIQUE THAT COMBINES FEDERATED LEARNING (FL) WITH YOLOV11, EMPOWERED WITH A TRANSFORMER-BASED ATTENTION MODULE, TO IMPROVE SHIP DETECTION ACCURACY IN REAL TIME WHILE ENSURING DATA CONFIDENTIALITY. THE FEDERATED ARCHITECTURE ALLOWS FOR DISTRIBUTED AND COLLABORATIVE TRAINING OF A GLOBAL MODEL, THUS SECURING RAW DATA, PRESERVING PRIVACY, AND ADDRESSING DATA HETEROGENEITY. THE COMBINATION OF CUTTING-EDGE OBJECT DETECTION ABILITY IN REAL TIME OFFERED BY YOLOV11 WITH A TRANSFORMER-BASED ATTENTION MODULE HELPS IN BETTER FEATURE EXTRACTION AND SPATIAL CONTEXT UNDERSTANDING, WHICH IS ESSENTIAL FOR IDENTIFYING SMALL OR CAMOUFLAGED SHIPS IN A CONVOLUTED MARITIME ENVIRONMENT. THE SUGGESTED METHOD WAS EVALUATED ON BENCHMARK SATELLITE IMAGERY DATASET, EXHIBITING A MARKED ENHANCEMENT IN DETECTION ACCURACY, ESPECIALLY FOR SMALL AND PARTIALLY OBSCURED SHIPS. THE PROPOSED METHOD ACHIEVED AN ACCURACY OF 95 PERCENT, A RECALL OF 90 PERCENT, MAP50 OF 92 PERCENT AND MAP50–95 OF 54.7 PERCENT. THE MODEL ALSO ATTAINS REAL-TIME INFERENCE SPEEDS, THUS DEMONSTRATING THE APPLICABILITY OF THE METHODOLOGY FOR SCALABLE AND SECURE MARITIME SURVEILLANCE APPLICATIONS. COMPARATIVE EXPERIMENTS DISPLAY THAT OUR METHODOLOGY EXCEEDS CURRENT CUTTING-EDGE APPROACHES IN ACCURACY, PRECISION, RECALL, AND MEAN AVERAGE PRECISION (MAP), WHILE SUSTAINING COMPUTATIONAL EFFICIENCY. THIS RESEARCH ACCENTUATES THE POTENTIAL OF HYBRID YOLO-TRANSFORMER FRAMEWORKS FOR ENHANCING REAL-TIME OBJECT DETECTION IN COMPLEX FL SETTINGS.",NA,NA,NA,0,NA
"10.1016/j.rsase.2025.101730",2025,"MAGALHÃES R;FALCÃO A;BARBOSA A;MONTH = N","VESSEL DETECTION LEVERAGING SATELLITE IMAGERY AND YOLO IN MARITIME SURVEILLANCE","REMOTE SENSING APPLICATIONS: SOCIETY AND ENVIRONMENT","VESSEL DETECTION IS ESSENTIAL FOR MARITIME SURVEILLANCE, SUPPORTING THE MONITORING OF FISHING, COMMERCIAL, AND TRANSPORTATION ACTIVITIES, AS WELL AS DETECTING SUSPICIOUS OR ILLEGAL VESSELS AND AIDING SEARCH AND RESCUE OPERATIONS. SATELLITE IMAGERY HAS BECOME INCREASINGLY VALUABLE FOR EARTH OBSERVATION APPLICATIONS DUE TO ITS WIDE RANGE OF SPATIO-TEMPORAL COVER. THE EUROPEAN SPACE AGENCY OFFERS FREE OPTICAL IMAGERY FROM THE SENTINEL-2 SATELLITE, PROVIDING A COST-EFFECTIVE SOLUTION FOR LARGE-SCALE MARITIME SURVEILLANCE. DEEP LEARNING MODELS, PARTICULARLY YOU ONLY LOOK ONCE (YOLO), HAVE DEMONSTRATED IMPRESSIVE OBJECT DETECTION PERFORMANCE AND ARE WIDELY REGARDED AS STATE-OF-THE-ART FOR REAL-TIME APPLICATIONS. THIS ARTICLE ADDRESSES AN EXISTING RESEARCH GAP BY COMPARING YOLO VERSIONS 8 AND 10 FOR VESSEL AND WAKE DETECTION USING A DATASET PROVIDED BY CEIIA. THE MODELS WERE TESTED TO DETERMINE THE OPTIMAL CONFIGURATION FOR THIS TASK AND AFTER EVALUATION, AND A YOLOV8 CONFIGURATION WAS SELECTED. FOLLOWING THIS SELECTION, THE DATASET WAS EXPANDED LEADING TO FURTHER PERFORMANCE IMPROVEMENTS. THE FINAL YOLOV8 MODEL ACHIEVED AN F1-SCORE OF 88.69 \% (WITH 90.47 \% PRECISION AND 86.98 \% RECALL), AN IOU OF 72.91 \%, A MAP50 OF 87.53 \% AND MAP50-95 OF 61.20 \%. SINGLE CLASS TRAINING IMPROVED BOUNDING BOX LOCALIZATION AND DELINEATION, HOWEVER IT SLIGHTLY REDUCED PERFORMANCE, POSSIBLY DUE TO A LOSS OF CONTEXTUAL INFORMATION. ADDITIONALLY, TESTING ON HIGH-RESOLUTION IMAGES CONFIRMED THAT MODELS TRAINED ON LOWER-RESOLUTION DATA CAN STILL PERFORM RELATIVELY WELL ON HIGHER-RESOLUTION IMAGES, WITH POTENTIAL FOR FURTHER IMPROVEMENT THROUGH FINE-TUNING. THESE RESULTS SUPPORT THAT YOLO MODELS ARE HIGHLY EFFECTIVE FOR REAL-TIME VESSEL DETECTION AND CAN BE RELIABLY APPLIED IN MARITIME SURVEILLANCE.",NA,NA,NA,0,NA
"10.1016/j.rsma.2024.103975",2025,"BAKIRCI M;MONTH = J","ADVANCED SHIP DETECTION AND OCEAN MONITORING WITH SATELLITE IMAGERY AND DEEP LEARNING FOR MARINE SCIENCE APPLICATIONS","REGIONAL STUDIES IN MARINE SCIENCE","SHIP DETECTION FROM SATELLITE IMAGERY IS A POWERFUL TOOL IN MARINE SCIENCE, OFFERING CRUCIAL UNDERSTANDING OF VESSEL TRAFFIC PATTERNS, FISHING ACTIVITIES, AND ENVIRONMENTAL IMPACTS ON MARINE ECOSYSTEMS. THE ABILITY TO MONITOR SHIP MOVEMENTS ON A LARGE SCALE AIDS IN ASSESSING ANTHROPOGENIC PRESSURES ON SENSITIVE HABITATS, ENFORCING REGULATORY COMPLIANCE, AND SUPPORTING CONSERVATION EFFORTS IN PROTECTED AREAS. THIS STUDY OFFERS A FRESH PERSPECTIVE ON SHIP DETECTION IN OCEANIC ENVIRONMENTS BY PIONEERING THE EVALUATION OF YOLOV9, A CUTTING-EDGE DETECTION ALGORITHM, WITHIN THIS DOMAIN FOR THE FIRST TIME. APPLYING A DIVERSE SET OF DATA AUGMENTATION TECHNIQUES SIGNIFICANTLY IMPROVED THE ALGORITHM'S ABILITY TO DETECT SMALL SHIPS. ADDITIONALLY, ATMOSPHERIC SCATTERING EFFECTS COMMONLY PRESENT IN SATELLITE IMAGES WERE MITIGATED THROUGH FILTERING, FURTHER ENHANCING DETECTION PERFORMANCE. WITH A REMARKABLE INCREASE IN SPEED AND SIGNIFICANTLY SUPERIOR PERFORMANCE, PARTICULARLY IN DETECTING SMALL SHIPS AND MINIMIZING DETECTION TIME, YOLOV9 EMERGES AS THE PREMIER CANDIDATE FOR REAL-TIME APPLICATIONS AND TIME-SENSITIVE CRITICAL OPERATIONS.",NA,NA,NA,0,NA
"10.1016/j.srs.2025.100270",2025,"MBIETIEU M;HIPPOLYTE M T;EDOUARD K;TSOPZE N;MONTH = D","SHIPFPN: NEW FEATURE PYRAMID NETWORK ARCHITECTURE FOR OBJECT DETECTION IN HIGH-RESOLUTION SATELLITE IMAGES: APPLICATION TO SHIP DETECTION","SCIENCE OF REMOTE SENSING","ADVANCEMENTS IN REMOTE SENSING AND ARTIFICIAL INTELLIGENCE ARE TRANSFORMING MARITIME OBJECT DETECTION IN HIGH-RESOLUTION SATELLITE IMAGERY (HRSI), WITH CRITICAL APPLICATIONS IN ENVIRONMENTAL MONITORING, MARITIME SECURITY, AND SUSTAINABLE OCEAN MANAGEMENT. HOWEVER, DETECTING SHIPS IN HRSI REMAINS CHALLENGING DUE TO VARIATIONS IN OBJECT SIZE, ORIENTATION, AND ENVIRONMENTAL CONDITIONS. THIS STUDY INTRODUCES SHIP FEATURE PYRAMID NETWORK (SHIPFPN), A NOVEL DEEP LEARNING ARCHITECTURE THAT INTEGRATES SPECTRAL CONVOLUTIONS, ADAPTIVE FEATURE PYRAMIDS, AND ROBUST DATA AUGMENTATION TECHNIQUES TO ENHANCE DETECTION ACCURACY AND GENERALIZABILITY. SHIPFPN IS EVALUATED ON THE SHIPRSIMAGENET DATASET, DEMONSTRATING SIGNIFICANT IMPROVEMENTS OVER EXISTING FPN-BASED MODELS IN PRECISION, RECALL, AND GENERALIZED INTERSECTION OVER UNION (GIOU). WHILE THIS STUDY FOCUSES ON SHIP DETECTION, SHIPFPN’S ARCHITECTURE IS DESIGNED TO BE ADAPTABLE FOR DETECTING OTHER MARITIME OBJECTS. BY IMPROVING THE ACCURACY AND ROBUSTNESS OF SHIP DETECTION, THIS WORK CONTRIBUTES TO ENHANCED MARINE TRAFFIC MONITORING, ENVIRONMENTAL PROTECTION, AND CLIMATE RESILIENCE IN SATELLITE-BASED REMOTE SENSING.",NA,NA,NA,0,NA
"10.1049/cvi2.70007",2025,"LU Z;SUN L;LV P;HAO J;TANG B;CHEN X","A NEW LARGE-SCALE DATASET FOR MARINE VESSEL RE-IDENTIFICATION BASED ON SWIN TRANSFORMER NETWORK IN OCEAN SURVEILLANCE SCENARIO","IET COMPUTER VISION","IN RECENT YEARS, THERE HAS BEEN AN UPWARD TREND THAT MARINE VESSELS, AN IMPORTANT OBJECT CATEGORY IN MARINE MONITORING, HAVE GRADUALLY BECOME A RESEARCH FOCAL POINT IN THE FIELD OF COMPUTER VISION, SUCH AS DETECTION, TRACKING, AND CLASSIFICATION. AMONG THEM, MARINE VESSEL RE-IDENTIFICATION (RE-ID) EMERGES AS A SIGNIFICANT FRONTIER RESEARCH TOPICS, WHICH NOT ONLY FACES THE DUAL CHALLENGE OF HUGE INTRA-CLASS AND SMALL INTER-CLASS DIFFERENCES, BUT ALSO HAS COMPLEX ENVIRONMENTAL INTERFERENCE IN THE PORT MONITORING SCENARIOS. TO PROPEL ADVANCEMENTS IN MARINE VESSEL RE-ID TECHNOLOGY, SWINTRANSREID, A FRAMEWORK GROUNDED IN THE SWIN TRANSFORMER FOR MARINE VESSEL RE-ID, IS INTRODUCED. SPECIFICALLY, THE PROJECT INITIALLY ENCODES THE TRIPLET IMAGES SEPARATELY AS A SEQUENCE OF BLOCKS AND CONSTRUCT A BASELINE MODEL LEVERAGING THE SWIN TRANSFORMER, ACHIEVING BETTER PERFORMANCE ON THE RE-ID BENCHMARK DATASET IN COMPARISON TO CONVOLUTION NEURAL NETWORK (CNN)-BASED APPROACHES. AND IT INTRODUCES SIDE INFORMATION EMBEDDING (SIE) TO FURTHER ENHANCE THE ROBUST FEATURE-LEARNING CAPABILITIES OF SWIN TRANSFORMER, THUS, INTEGRATING NON-VISUAL CUES (ORIENTATION AND TYPE OF VESSEL) AND OTHER AUXILIARY INFORMATION (HULL COLOUR) THROUGH THE INSERTION OF LEARNABLE EMBEDDING MODULES. ADDITIONALLY, THE PROJECT PRESENTS VESSELREID-1656, THE FIRST ANNOTATED LARGE-SCALE BENCHMARK DATASET FOR VESSEL RE-ID IN REAL-WORLD OCEAN SURVEILLANCE, COMPRISING 135,866 IMAGES OF 1656 VESSELS ALONG WITH 5 ORIENTATIONS, 12 TYPES, AND 17 COLOURS. THE PROPOSED METHOD ACHIEVES 87.1 \TEXTBACKSLASH\%\TEXTBACKSLASH MAP AND 96.1 \TEXTBACKSLASH\%\TEXTBACKSLASH RANK-1 ACCURACY ON THE NEWLY-LABELLED CHALLENGING DATASET, WHICH SURPASSES THE STATE-OF-THE-ART (SOTA) METHOD BY 1.9 \TEXTBACKSLASH\%\TEXTBACKSLASH MAP REGARDING TO PERFORMANCE. MOREOVER, EXTENSIVE EMPIRICAL RESULTS DEMONSTRATE THE SUPERIORITY OF THE PROPOSED SWINTRANSREID ON THE PERSON MARKET-1501 DATASET, VEHICLE VERI-776 DATASET, AND BOAT RE-ID VESSEL DATASET.",NA,NA,NA,10,NA
"10.1049/icp.2021.0616",2020,"WANG Y;ZHAO T;SHI Z","MULTI-SCALE AND DENSELY ARRANGED TARGET DETECTION IN SAR IMAGES WITH A GATED FEATURE PYRAMID NETWORK AND ORIENTED BOUNDING BOXES","IET CONFERENCE PROCEEDINGS","TARGET DETECTION IN SAR IMAGES PLAYS AN IMPORTANT ROLE IN REMOTE SENSING, BUT STILL PRESENTS MANY CHALLENGES IN THE DEEP LEARNING ERA. THE DEEP LEARNING-BASED DETECTOR PERFORMS WELL. HOWEVER, THE RESULTS ALSO SHOWED THAT THE FASTER R-CNN DETECTOR IS NOT ABLE TO DETECT SHIPS OF DIFFERENT SIZES AND THOSE THAT ARE DENSELY ARRANGED NEAR THE SHORE. IN ORDER TO SOLVE THE TWO PROBLEMS ABOVE, WE PROPOSE A DETECTOR WITH A GATED FEATURE PYRAMID NETWORK AND ORIENTED BOUNDING BOXES. THE GATED FEATURE PYRAMID NETWORK CAN SELECTIVELY BUILD A FEATURE PYRAMID WITH CHANNEL-WISE AND SPACE-WISE ATTENTION MODULES. CHANNEL-WISE ATTENTION CAN BE VIEWED AS THE PROCESS OF SELECTING SEMANTIC ATTRIBUTES TO DETECT SHIPS WITH DIFFERENT SCALES. THIS IS HELPFUL FOR CLASSIFICATION. SPACE-WISE ATTENTION PAYS MORE ATTENTION TO THE SEMANTIC-RELATED REGIONS. THIS IS HELPFUL FOR LOCALIZATION. THE ORIENTED BOUNDING BOXES CAN LOCATE SHIPS TIGHTLY AND THUS RECOGNIZE AND LOCATE THEM WITH A HIGH LEVEL OF ACCURACY, ESPECIALLY FOR THE DENSELY ARRANGED SHIPS. THE ANCHORS ARE ALSO REDESIGNED TO BEST FIT SHIPS IN SSDD+. ORIENTED REGION-OF-INTEREST ALIGNING IS USED TO GENERATE A FIXED-LENGTH VECTOR WITHOUT MISALIGNMENT ON SMALL SHIPS. ANGLE-RELATED INTERSECTION-OF-UNION IS USED TO PREPARE POSITIVE AND NEGATIVE ORIENTED PROPOSALS. IT CAN COMPUTE THE REAL OVERLAP OF TWO ORIENTED BOUNDING BOXES. THE MULTI-TASK LOSS FUNCTION WITH ANGLE INFORMATION IS USED TO TRAIN THE MODEL. THE RESULTS OF SSDD+ SHOW THAT THE PROPOSED DETECTOR CAN ADAPT TO COMPLEX SITUATIONS WITH MULTI-SCALE AND DENSELY ARRANGED SHIPS. © 2020 IET CONFERENCE PROCEEDINGS. ALL RIGHTS RESERVED.","CONFERENCE PAPER",NA,"ATTENTION; DEEP LEARNING; FEATURE PYRAMID NETWORKS; SAR IMAGE; SHIP DETECTION",0,NA
"10.1080/01431161.2021.1931544",2022,"LI X;LI Z;LV S;CAO J;PAN M;MA Q;YU H;MONTH = A","SHIP DETECTION OF OPTICAL REMOTE SENSING IMAGE IN MULTIPLE SCENES","INTERNATIONAL JOURNAL OF REMOTE SENSING","IN VIEW OF CHARACTERISTICS OF THE SHIP IN THE OPTICAL REMOTE-SENSING IMAGE, SUCH AS MULTIPLE DIMENSIONS, MAJORITY OF SMALL OBJECTS, CROWDED ARRANGEMENT AND COMPLEX BACKGROUND, AND SO ON, THE PAPER PRESENTS A SHIP DETECTION FRAMEWORK COMBINING THE NETWORK-FUSING MULTI-LEVEL FEATURES CROSSING LEVELS, THE ROTATION REGION PROPOSAL NETWORK AND THE BIDIRECTIONAL RECURRENT NEURAL NETWORK FUSING SELF-ATTENTION MECHANISM. FIRSTLY, WE SET UP A NETWORK FUSING MULTI-LEVEL FEATURES CROSSING LEVELS BECAUSE OF THE MULTIPLE SCALES AND DIVERSE CHARACTERISTICS OF THE REMOTE-SENSING SHIPS TO INCREASE THE PRECISION OF FEATURE EXTRACTION OF THE SHIP, THUS IMPROVING THE PERFORMANCE IN THE MULTIPLE SCALES, SMALL OBJECTS, AND COMPLEX BACKGROUND PROBLEMS. SECONDLY, WE SEPARATELY DESIGN THE ROI POOLING LAYER AND THE BIDIRECTIONAL RECURRENT NEURAL NETWORK FUSING SELF-ATTENTION MECHANISM, WHICH INFUSES THE PRIOR INFORMATION OF SHIP DIMENSION AND POSITION TO REALIZE A GOOD PERFORMANCE AND PRECISE SHIP POSITIONING IN CROWDED SCENES. FINALLY, WE VERIFY THE EFFECTIVENESS OF THE PROPOSED METHOD THROUGH EXPERIMENTS, THE EXPERIMENTAL DATASET INCLUDES THE PRIVATE DATASET DESIGNED BY US BASED ON GOOGLE EARTH, THE SHIP DATASET IN DOTA-SHIP AND HRSC2016 PUBLIC SHIP DATASET. THE RESULTS VERIFY THE CONTRIBUTIONS OF EACH PROPOSED MODULE, AND THE COMPARISON RESULTS SHOW THAT OUR PROPOSED METHOD HAS A STATE-OF-THE-ART PERFORMANCE.",NA,NA,NA,10,NA
"10.1080/01431161.2021.1986238",2022,"WANG M;WANG J;LIU C;LI F;WANG Z","SPATIAL-COORDINATE ATTENTION AND MULTI-PATH RESIDUAL BLOCK BASED ORIENTED OBJECT DETECTION IN REMOTE SENSING IMAGES","INTERNATIONAL JOURNAL OF REMOTE SENSING","REMOTE SENSING IMAGES HAVE BEEN WIDELY USED IN VARIOUS FIELDS DUE TO THE GREAT SUCCESS OF DEEP LEARNING. HOWEVER, AS THE BASIS OF OTHER TASKS, REMOTE SENSING IMAGE OBJECT DETECTION IS STILL CHALLENGING. IN THIS PAPER, WE PROPOSE A SPATIAL-COORDINATE ATTENTION (SCA) AND MULTI-PATH RESIDUAL BLOCK (MPRB) GUIDED ORIENTED OBJECT DETECTION ALGORITHM BASED ON AN EXTENDED RESNET-18 BACKBONE NETWORK. FOR SPECIALLY, WE FIRST MODIFY THE COORDINATE ATTENTION MODULE AND SPATIAL ATTENTION MODULE THROUGH A MULTI-BRANCH MANNER, AND THEN COMBINE THEM TO GENERATE THE NEW SPATIAL-COORDINATE ATTENTION MODULE. IN THIS MODULE, THE CHANNEL INFORMATION, LOCATION INFORMATION AND SPATIAL INFORMATION ARE INTEGRATED TO ENHANCE THE REPRESENTATIVE CAPABILITY OF THE OBJECT. AFTER THIS, IN ORDER TO FURTHER IMPROVE THE FEATURE REPRESENTATIVE POWER OF A SHALLOW CNN, SUCH AS RESNET-18. WE INCREASE THE RESIDUAL CONNECTION IN THE RESIDUAL BLOCK AND DESIGNED A MULTI-PATH RESIDUAL BLOCK TO MAKE IT MORE POWERFUL. MOREOVER, WE ALSO INTRODUCE A NEW SKIP-CONNECTION ARCHITECTURE INTO THE UPSAMPLING PROCESS TO ENSURE THAT THE PREDICTED FEATURE MAP CAN INTEGRATE HIGH-LEVEL AND LOW-LEVEL SEMANTIC INFORMATION. WE CONDUCT EXPERIMENTS ON THE OPTICAL REMOTE SENSING IMAGE DATASET UCAS-AOD, HRSC2016 AND THE SAR AERIAL DATASET SSDD. EXPERIMENTS SHOW THE EFFECTIVENESS AND FEASIBILITY OF THE ALGORITHM IN THIS PAPER.","ARTICLE",NA,NA,4,"REMOTE SENSING; IMAGING SCIENCE & PHOTOGRAPHIC TECHNOLOGY"
"10.1080/01490419.2024.2392121",2024,"Y. S;C. S;MONTH = N","UTILIZING ELEPHANT HERD-INSPIRED SPIKING NEURAL NETWORKS FOR ENHANCED SHIP DETECTION AND CLASSIFICATION IN MARINE SCENE MATCHING","MARINE GEODESY","IN THE REALM OF MARINE INTELLIGENCE, EFFECTIVE SHIP CLASSIFICATION ACROSS VAST OCEANIC EXPANSES IS PIVOTAL. DESPITE STRIDES IN CONVENTIONAL IDENTIFICATION TECHNIQUES, EXISTING METHODS EXHIBIT LIMITATIONS IN TERMS OF EFFECTIVENESS, ROBUSTNESS, AND OVERALL PERFORMANCE. THIS PAPER INTRODUCES A NOVEL ELEPHANT HERD OPTIMIZATION BASED SPIKING NEURAL NETWORKS (EHO-SNN) FOR DISCERNING LARGE SHIPS, SMALL VESSELS, AND THE ABSENCE OF SHIPS. INITIAL SATELLITE IMAGES FROM THE AIRBUS DATASET CAPTURE SHIPS AT SEA, SUBJECTED TO PREPROCESSING VIA THE WAVELET TRANSFORM-BASED RETINEX ALGORITHM (WRA) TO ELIMINATE NOISE AND FOG ARTIFACTS. DEEP LEARNING MOBILE NET FACILITATES FEATURE EXTRACTION, WHILE THE ELEPHANT HERD ALGORITHM CULLS IRRELEVANT FEATURES, HONING IN ON THE MOST PERTINENT ONES. FINALLY, THE CLASSIFICATION THROUGH A SPIKING NEURAL NETWORK, DISTINGUISHING BETWEEN LARGE SHIPS, SMALL VESSELS, AND THE ABSENCE OF SHIPS. DETECTED LARGE AND SMALL SHIPS ARE ACCURATELY POSITIONED WITHIN A SELECTED SCENE, WHILE THE ABSENCE OF A SHIP TERMINATES THE PROCESS. THE PROPOSED EHO-SNN MODEL ATTAINS AN IMPRESSIVE CLASSIFICATION ACCURACY OF 99.10\%. NOTABLY, IT SURPASSES OMRCNN-SHD, EFFICIENT NET, AND AN-YOLOV4 BY 1.15\%, 12.30\%, AND 7.79\%, RESPECTIVELY, THEREBY ADVANCING OVERALL ACCURACY IN SHIP CLASSIFICATION.",NA,NA,NA,10,NA
"10.1080/01969722.2022.2145655",2024,"JOSEPH S;PANDIARAJ N;SARVESHWARAN V;MYTHILY M","SHIP DETECTION AND CLASSIFICATION USING HYBRID OPTIMIZATION ENABLED DEEP LEARNING APPROACH BY REMOTE SENSING IMAGES","CYBERNETICS AND SYSTEMS","THE RECOGNITION AND CATEGORIZATION OF SHIPS IS VERY SIGNIFICANT FOR MARITIME SECURITY AND DEFENSE BOARD. THE EXISTING SAR IMAGE-ORIENTED SHIP RECOGNITION TECHNIQUES ARE NOT CAPABLE OF REAL-TIME APPLICATIONS SINCE THE COUNT OF SAR SENSORS IS SPARSE AND THE CONTRAST OF IMAGES IS MINIMUM. TO COPE UP WITH CERTAIN ISSUES, THIS ARTICLE DESIGNS AN EFFICIENT TECHNIQUE FOR SHIP DETECTION AND CLASSIFICATION BY INTRODUCING HYBRID OPTIMIZATION-BASED DEEP LEARNING TECHNIQUE. HERE, SEGMENTATION IS DONE USING BOUNDING BOX SEGMENTATION. THE SHIPS ON THE OCEAN SURFACE ARE EFFECTIVELY DETECTED USING DEEP CONVOLUTIONAL NEURAL NETWORK, WHERE THE NETWORK IS TRAINED UTILIZING DEVISED EXPONENTIAL MAYFLY OPTIMIZATION ALGORITHM (EMO). THE NEWLY DESIGNED EMO IS DERIVED BY THE COMBINATION OF THE EXPONENTIAL WEIGHTED MOVING AVERAGE (EWMA) AND MAYFLY OPTIMIZATION ALGORITHM (MA). THE TYPE OF SHIPS IS CLASSIFIED EFFECTIVELY UTILIZING DEEP RESIDUAL NEURAL NETWORK (DRN) AND THE NETWORK IS TRAINED BY INTRODUCING THE PROPOSED POLITICAL EXPONENTIAL MAYFLY OPTIMIZATION ALGORITHM (POEMO).","ARTICLE",NA,"DEEP CONVOLUTIONAL NEURAL NETWORK (CNN); DEEP RESIDUAL NETWORK (DRN); EXPONENTIAL WEIGHTED MOVING AVERAGE (EWMA); POLITICAL OPTIMIZER (PO); REMOTE SENSING IMAGES (RSI)",1,"COMPUTER SCIENCE"
"10.1080/01969722.2022.2145655",2024,"SWAMIDASON S;SHANTHINI P N;SARVESHWARAN V;MYTHILY M","SHIP DETECTION AND CLASSIFICATION USING HYBRID OPTIMIZATION ENABLED DEEP LEARNING APPROACH BY REMOTE SENSING IMAGES","CYBERNETICS AND SYSTEMS","THE RECOGNITION AND CATEGORIZATION OF SHIPS IS VERY SIGNIFICANT FOR MARITIME SECURITY AND DEFENSE BOARD. THE EXISTING SAR IMAGE-ORIENTED SHIP RECOGNITION TECHNIQUES ARE NOT CAPABLE OF REAL-TIME APPLICATIONS SINCE THE COUNT OF SAR SENSORS IS SPARSE AND THE CONTRAST OF IMAGES IS MINIMUM. TO COPE UP WITH CERTAIN ISSUES, THIS ARTICLE DESIGNS AN EFFICIENT TECHNIQUE FOR SHIP DETECTION AND CLASSIFICATION BY INTRODUCING HYBRID OPTIMIZATION-BASED DEEP LEARNING TECHNIQUE. HERE, SEGMENTATION IS DONE USING BOUNDING BOX SEGMENTATION. THE SHIPS ON THE OCEAN SURFACE ARE EFFECTIVELY DETECTED USING DEEP CONVOLUTIONAL NEURAL NETWORK, WHERE THE NETWORK IS TRAINED UTILIZING DEVISED EXPONENTIAL MAYFLY OPTIMIZATION ALGORITHM (EMO). THE NEWLY DESIGNED EMO IS DERIVED BY THE COMBINATION OF THE EXPONENTIAL WEIGHTED MOVING AVERAGE (EWMA) AND MAYFLY OPTIMIZATION ALGORITHM (MA). THE TYPE OF SHIPS IS CLASSIFIED EFFECTIVELY UTILIZING DEEP RESIDUAL NEURAL NETWORK (DRN) AND THE NETWORK IS TRAINED BY INTRODUCING THE PROPOSED POLITICAL EXPONENTIAL MAYFLY OPTIMIZATION ALGORITHM (POEMO). © 2023 TAYLOR & FRANCIS GROUP, LLC.","ARTICLE",NA,"DEEP CONVOLUTIONAL NEURAL NETWORK (CNN); DEEP RESIDUAL NETWORK (DRN); EXPONENTIAL WEIGHTED MOVING AVERAGE (EWMA); POLITICAL OPTIMIZER (PO); REMOTE SENSING IMAGES (RSI)",2,NA
"10.1080/10095020.2024.2331552",2025,"WANG F;YU D;HUANG L;ZHANG Y;CHEN Y;WANG Z;MONTH = M","FINE-GRAINED SHIP IMAGE CLASSIFICATION AND DETECTION BASED ON A VISION TRANSFORMER AND MULTI-GRAIN FEATURE VECTOR FPN MODEL","GEO-SPATIAL INFORMATION SCIENCE","IN NAVAL AND CIVILIAN DOMAINS, METICULOUS SHIP CLASSIFICATION AND DETECTION ARE PARAMOUNT. NEVERTHELESS, PREDOMINANT RESEARCH HAS GRAVITATED TOWARD LEVERAGING CONVOLUTIONAL NEURAL NETWORK (CNN)-CENTERED METHODOLOGIES, OFTEN OVERLOOKING THE DIVERSE GRANULARITY INHERENT IN SHIP SAMPLES. IN OUR PURSUIT TO HOLISTICALLY EXTRACT FEATURES FROM SHIP IMAGES ACROSS VARYING GRANULARITIES, WE PRESENT A TRANSFORMATIVE ARCHITECTURE: THE VISION TRANSFORMER AND MULTI-GRAIN FEATURE VECTOR FEATURE PYRAMID NETWORK (VIT-MGFV-FPN). THIS MODEL SYNERGISTICALLY MELDS THE MERITS OF MGFV-FPN WITH AN AUGMENTED VISION TRANSFORMER (VIT) FOR A COMPREHENSIVE IMAGE FEATURE EXTRACTION. TO CATER TO THE EXTRACTION OF BROADER IMAGE FEATURES WHILST SIDESTEPPING THE INNATE QUADRATIC COMPLEXITY OF TRADITIONAL VIT, WE UNVEIL AN ENHANCED VERSION CHRISTENED THE GLOBAL SWIN TRANSFORMER. CONCURRENTLY, THE MGFV-FPN IS ORCHESTRATED TO HARNESS THE PROWESS OF CNNS IN DISTILLING INTRICATE SHIP ATTRIBUTES. RIGOROUS EMPIRICAL EVALUATIONS UNDERSCORE OUR MODEL’S SUPERIORITY IN JUXTAPOSITION WITH EXTANT CNN AND TRANSFORMER-BASED PARADIGMS FOR NUANCED SHIP CATEGORIZATION.",NA,NA,NA,10,NA
"10.1080/10095020.2024.2404719",2025,"HONG X;FU D;TANG J;LYNE V;LUO M;SU F","SHIP DETECTION IN REEFS AND DEEP-SEA WITH MEDIUM-HIGH RESOLUTION IMAGES","GEO-SPATIAL INFORMATION SCIENCE","ACCURATE AND EFFICIENT SHIP DETECTION IS CRUCIAL FOR OCEAN MONITORING AND MANAGEMENT, ESPECIALLY IN REEFS AND DEEP-SEA, WHERE FISHING AND ILLEGAL ACTIVITIES THREATEN SUSTAINABILITY OF ECOSYSTEMS. OBTAINING THE SIZE OF SHIPS IN REEFS AND DEEP-SEA HELPS TO IDENTIFY SHIP TYPES AND TO ASSESS THE IMPACT OF SHIPS ON MARINE ECOSYSTEMS QUANTITATIVELY. SHIP DETECTIONS WERE MAINLY APPLIED AT COAST OR RIVER OF THE INLAND REGION USING HIGH SPATIAL RESOLUTION REMOTE SENSING DATA DUE TO ITS RICH DETAILS AND FREQUENT COVERAGE. HOWEVER, THE SHIPS LOCATED IN REEFS AND DEEP-SEA REGIONS WERE RARELY STUDIED BECAUSE OF PRICE, AND AVAILABILITY OF HIGH SPATIAL RESOLUTION REMOTE SENSING DATA. GLOBAL COVERED MEDIUM-HIGH RESOLUTION (10-30 M) REMOTE SENSING DATA (SUCH AS SENTINEL-2) MAKES IT POSSIBLE TO OBTAIN THE SPATIAL-TEMPORAL DISTRIBUTION OF SHIPS, ESPECIALLY SMALL SHIPS. THIS STUDY DEVELOPED A DEEP LEARNING SHIP DETECTION ALGORITHM - AN ENHANCED ROTATED-SHIP DETECTOR (RSHIPDET) TO DETECT SHIPS IN REEFS AND DEEP-SEA REGIONS. RSHIPDET WAS APPLIED TO NANSHA ISLANDS BASED ON TWO MEDIUM-HIGH RESOLUTION SHIP DETECTION DATASETS (SENTINEL2-SHIP AND SDGSAT-SHIP). THESE TWO DATASETS INCLUDE VARIOUS BACKGROUNDS OF REEFS AND DEEP-SEA, AND COMPLEX SCENARIOS SUCH AS CLOUD COVER AND PARALLEL SHIPS, ADAPTING RSHIPDET TO SHIP DETECTION UNDER COMPLEX CIRCUMSTANCES IN REEFS AND DEEP-SEA. THE RESULTS SHOWED THAT: (1) SMALL GAINS: GAINS OF 3.3% AND 8.7% AVERAGE-PRECISION (AP) COMPARED TO ROTATION-EQUIVARIANT DETECTOR (REDET) AND FASTER-RCNN ON SENTINEL2-SHIP DATASET; (2) STRONG GENERALIZATION CAPABILITIES: 77.4% AP ON SDGSAT-SHIP DATASET; (3) BETTER PERFORMANCE UNDER COMPLEX CONDITIONS: RSHIPDET OBTAINED MORE ACCURATE SHIP DETECTION RESULTS OVER REGIONS WITH CLOUD COVER, ISLANDS AND REEFS, DEEP-SEA, AND PORTS COMPARED TO OTHER CLASSICAL DETECTORS. OUR ALGORITHM COULD BE APPLIED FOR BETTER MANAGEMENT OF OCEAN RESOURCES AND ACTIVITIES IN REEFS AND DEEP-SEA.","ARTICLE",NA,"ROTATED-OBJECT DETECTION; MEDIUM-HIGH RESOLUTION OPTICAL IMAGERY; SDGSAT-1; SENTINEL-2; SHIP DETECTION; DEEP LEARNING; REEFS; DEEP-SEA",1,"REMOTE SENSING"
"10.1080/10095020.2024.2404719",2025,"HONG X;FU D;TANG J;LYNE V;LUO M;SU F","SHIP DETECTION IN REEFS AND DEEP-SEA WITH MEDIUM-HIGH RESOLUTION IMAGES","GEO-SPATIAL INFORMATION SCIENCE","ACCURATE AND EFFICIENT SHIP DETECTION IS CRUCIAL FOR OCEAN MONITORING AND MANAGEMENT, ESPECIALLY IN REEFS AND DEEP-SEA, WHERE FISHING AND ILLEGAL ACTIVITIES THREATEN SUSTAINABILITY OF ECOSYSTEMS. OBTAINING THE SIZE OF SHIPS IN REEFS AND DEEP-SEA HELPS TO IDENTIFY SHIP TYPES AND TO ASSESS THE IMPACT OF SHIPS ON MARINE ECOSYSTEMS QUANTITATIVELY. SHIP DETECTIONS WERE MAINLY APPLIED AT COAST OR RIVER OF THE INLAND REGION USING HIGH SPATIAL RESOLUTION REMOTE SENSING DATA DUE TO ITS RICH DETAILS AND FREQUENT COVERAGE. HOWEVER, THE SHIPS LOCATED IN REEFS AND DEEP-SEA REGIONS WERE RARELY STUDIED BECAUSE OF PRICE, AND AVAILABILITY OF HIGH SPATIAL RESOLUTION REMOTE SENSING DATA. GLOBAL COVERED MEDIUM-HIGH RESOLUTION (10–30 M) REMOTE SENSING DATA (SUCH AS SENTINEL-2) MAKES IT POSSIBLE TO OBTAIN THE SPATIAL-TEMPORAL DISTRIBUTION OF SHIPS, ESPECIALLY SMALL SHIPS. THIS STUDY DEVELOPED A DEEP LEARNING SHIP DETECTION ALGORITHM–AN ENHANCED ROTATED-SHIP DETECTOR (RSHIPDET) TO DETECT SHIPS IN REEFS AND DEEP-SEA REGIONS. RSHIPDET WAS APPLIED TO NANSHA ISLANDS BASED ON TWO MEDIUM-HIGH RESOLUTION SHIP DETECTION DATASETS (SENTINEL2-SHIP AND SDGSAT-SHIP). THESE TWO DATASETS INCLUDE VARIOUS BACKGROUNDS OF REEFS AND DEEP-SEA, AND COMPLEX SCENARIOS SUCH AS CLOUD COVER AND PARALLEL SHIPS, ADAPTING RSHIPDET TO SHIP DETECTION UNDER COMPLEX CIRCUMSTANCES IN REEFS AND DEEP-SEA. THE RESULTS SHOWED THAT: (1) SMALL GAINS: GAINS OF 3.3% AND 8.7% AVERAGE-PRECISION (AP) COMPARED TO ROTATION-EQUIVARIANT DETECTOR (REDET) AND FASTER-RCNN ON SENTINEL2-SHIP DATASET; (2) STRONG GENERALIZATION CAPABILITIES: 77.4% AP ON SDGSAT-SHIP DATASET; (3) BETTER PERFORMANCE UNDER COMPLEX CONDITIONS: RSHIPDET OBTAINED MORE ACCURATE SHIP DETECTION RESULTS OVER REGIONS WITH CLOUD COVER, ISLANDS AND REEFS, DEEP-SEA, AND PORTS COMPARED TO OTHER CLASSICAL DETECTORS. OUR ALGORITHM COULD BE APPLIED FOR BETTER MANAGEMENT OF OCEAN RESOURCES AND ACTIVITIES IN REEFS AND DEEP-SEA. © 2024 WUHAN UNIVERSITY. PUBLISHED BY INFORMA UK LIMITED, TRADING AS TAYLOR & FRANCIS GROUP.","ARTICLE",NA,"DEEP LEARNING; DEEP-SEA; MEDIUM-HIGH RESOLUTION OPTICAL IMAGERY; REEFS; ROTATED-OBJECT DETECTION; SDGSAT-1; SENTINEL-2; SHIP DETECTION",1,NA
"10.1080/10095020.2024.2404719",2025,"HONG X;FU D;TANG J;LYNE V;LUO M;SU F;MONTH = J","SHIP DETECTION IN REEFS AND DEEP-SEA WITH MEDIUM-HIGH RESOLUTION IMAGES","GEO-SPATIAL INFORMATION SCIENCE","ACCURATE AND EFFICIENT SHIP DETECTION IS CRUCIAL FOR OCEAN MONITORING AND MANAGEMENT, ESPECIALLY IN REEFS AND DEEP-SEA, WHERE FISHING AND ILLEGAL ACTIVITIES THREATEN SUSTAINABILITY OF ECOSYSTEMS. OBTAINING THE SIZE OF SHIPS IN REEFS AND DEEP-SEA HELPS TO IDENTIFY SHIP TYPES AND TO ASSESS THE IMPACT OF SHIPS ON MARINE ECOSYSTEMS QUANTITATIVELY. SHIP DETECTIONS WERE MAINLY APPLIED AT COAST OR RIVER OF THE INLAND REGION USING HIGH SPATIAL RESOLUTION REMOTE SENSING DATA DUE TO ITS RICH DETAILS AND FREQUENT COVERAGE. HOWEVER, THE SHIPS LOCATED IN REEFS AND DEEP-SEA REGIONS WERE RARELY STUDIED BECAUSE OF PRICE, AND AVAILABILITY OF HIGH SPATIAL RESOLUTION REMOTE SENSING DATA. GLOBAL COVERED MEDIUM-HIGH RESOLUTION (10–30 M) REMOTE SENSING DATA (SUCH AS SENTINEL-2) MAKES IT POSSIBLE TO OBTAIN THE SPATIAL-TEMPORAL DISTRIBUTION OF SHIPS, ESPECIALLY SMALL SHIPS. THIS STUDY DEVELOPED A DEEP LEARNING SHIP DETECTION ALGORITHM – AN ENHANCED ROTATED-SHIP DETECTOR (RSHIPDET) TO DETECT SHIPS IN REEFS AND DEEP-SEA REGIONS. RSHIPDET WAS APPLIED TO NANSHA ISLANDS BASED ON TWO MEDIUM-HIGH RESOLUTION SHIP DETECTION DATASETS (SENTINEL2-SHIP AND SDGSAT-SHIP). THESE TWO DATASETS INCLUDE VARIOUS BACKGROUNDS OF REEFS AND DEEP-SEA, AND COMPLEX SCENARIOS SUCH AS CLOUD COVER AND PARALLEL SHIPS, ADAPTING RSHIPDET TO SHIP DETECTION UNDER COMPLEX CIRCUMSTANCES IN REEFS AND DEEP-SEA. THE RESULTS SHOWED THAT: (1) SMALL GAINS: GAINS OF 3.3\% AND 8.7\% AVERAGE-PRECISION (AP) COMPARED TO ROTATION-EQUIVARIANT DETECTOR (REDET) AND FASTER-RCNN ON SENTINEL2-SHIP DATASET; (2) STRONG GENERALIZATION CAPABILITIES: 77.4\% AP ON SDGSAT-SHIP DATASET; (3) BETTER PERFORMANCE UNDER COMPLEX CONDITIONS: RSHIPDET OBTAINED MORE ACCURATE SHIP DETECTION RESULTS OVER REGIONS WITH CLOUD COVER, ISLANDS AND REEFS, DEEP-SEA, AND PORTS COMPARED TO OTHER CLASSICAL DETECTORS. OUR ALGORITHM COULD BE APPLIED FOR BETTER MANAGEMENT OF OCEAN RESOURCES AND ACTIVITIES IN REEFS AND DEEP-SEA.",NA,NA,NA,10,NA
"10.1080/2150704x.2021.1974599",2021,"ZHAO M;SUN D;MONTH = D","AN ANCHOR-FREE OBJECT DETECTION NETWORK FOR ARBITRARILY-ORIENTATED SHIPS IN LARGE-SCALE REMOTE SENSING IMAGES","REMOTE SENSING LETTERS","RELIABLE AND EFFICIENT SHIP DETECTION IS STILL A CHALLENGING TASK FOR LARGE-SCALE REMOTE SENSING IMAGES WITH COMPLEX BACKGROUND. SINCE SHIPS IN REMOTE SENSING IMAGES ARE USUALLY DENSELY DISTRIBUTED WITH DIFFERENT SIZES AND UNCERTAIN DIRECTIONS, ADOPTING THE COMMON HORIZONTAL BOUNDING BOX TO DETECT THE INCLINED SHIPS WITH LARGE ASPECT RATIO WILL LEAD TO INACCURATE DETECTION. IN THIS LETTER, A MULTITASK LEARNING OBJECT DETECTION FRAMEWORK CALLED MSRDNET IS PROPOSED TO DETECT SHIPS WITH ARBITRARILY ORIENTATIONS. CONVOLUTIONAL FEATURES ARE EXTRACTED BY THE BACKBONE WITH PARALLEL ATTENTION RESIDUAL BLOCK (PARB), WHICH COMBINES SPATIAL AND CHANNEL ATTENTION MODULE. THEN, A LIGHTWEIGHT CLASSIFIER IS DESIGNED AS A SUBTASK TO FILTER OUT A LARGE NUMBER OF BACKGROUND PATCHES. MOREOVER, THE ANCHOR-FREE DETECTOR WITH ORIENTATION REGRESSION IS DESIGNED AS THE OTHER SUBTASK FOR THE INCLINED AND DENSELY DISTRIBUTED SHIPS. THE PROPOSED ALGORITHM AND COMPARATIVE METHODS ARE TESTED ON TWO PUBLIC REMOTE SENSING IMAGE DATA SETS DOTA AND HRSC2016. THE EXPERIMENTAL RESULTS DEMONSTRATE THAT THE PROPOSED ALGORITHM OUTPERFORMS ALL THE COMPARED METHODS. THE CODE IS AVAILABLE FROM HTTPS://GITHUB.COM/SDY344/PAPER\_CODE.",NA,NA,NA,10,NA
"10.1080/2150704x.2025.2502175",2025,"ZHAO N;LI Z;CHEN E;ZHANG L;CAI J","GLOBAL ATTENTION FOCUSED ON DIFFICULT LAND AND SHIP REGIONS FOR SHIP DETECTION IN SAR IMAGES","REMOTE SENSING LETTERS","DETECTING ROTATING SHIP TARGETS IN SYNTHETIC APERTURE RADAR (SAR) IMAGES IS A CHALLENGING TASK; NOT ONLY DO THE COMPLEX NEARSHORE BACKGROUNDS AND NOISE HINDER THE ACCURACY OF DEEP LEARNING-BASED DETECTION METHODS, BUT THE ADDITIONAL INTRODUCTION OF ANGULAR INFORMATION FURTHER INCREASES THE COMPLEXITY OF THE DETECTION TASK. IN THIS PAPER, WE PROPOSE A GLOBAL ATTENTION MECHANISM FOR DIFFICULT REGIONS THAT AIMS TO IMPROVE THE ACCURACY WHEN DETECTING ROTATING SHIP TARGETS IN SAR IMAGES. THE CORE OF THE APPROACH IS TWO INNOVATIVE COMPONENTS: THE SEA BACKGROUND COARSE SEGMENTATION MODULE (SBCSM) AND THE LAND SHIP ATTENTION MODULE (L-SAM). THE SBCSM EFFECTIVELY ISOLATES THE BROAD, HOMOGENEOUS SEA SURFACE FROM THE MORE COMPLEX LAND-SHIP TARGET REGIONS, WHILE THE L-SAM UTILIZES THE TRANSFORMER’S GLOBAL INFORMATION PROCESSING CAPABILITIES TO FURTHER IDENTIFY TARGETS WITHIN THESE MIXED REGIONS. THIS APPROACH ENSURES THAT COMPUTATIONAL RESOURCES ARE FOCUSED ON COMPLEX REGIONS, ALLOWING L-SAM TO BE APPLIED TO DETAILED, LARGER-SCALE FEATURES FOR MORE ACCURATE DETECTION. THE SUPERIORITY OF OUR APPROACH IS DEMONSTRATED BY EXPERIMENTAL EVALUATIONS ON THREE PUBLICLY AVAILABLE DATASETS. THE STATE-OF-THE-ART (FORMULA PRESENTED.) (AVERAGE PRECISION AT INTERSECTION OVER UNION EQUAL TO 0.5) OF 0.920, 0.873 AND 0.952 IS ACHIEVED ON RSDD-SAR, HRSID, AND SSDD, RESPECTIVELY. © 2025 INFORMA UK LIMITED, TRADING AS TAYLOR & FRANCIS GROUP.","ARTICLE",NA,"ARBITRARY ORIENTATIONS; SHIP DETECTION; SYNTHETIC APERTURE RADAR; TRANSFORMER",0,NA
"10.1080/22797254.2021.1880975",2021,"SUN F;LI H;LIU Z;LI X;WU Z","ARBITRARY-ANGLE BOUNDING BOX BASED LOCATION FOR OBJECT DETECTION IN REMOTE SENSING IMAGE","EUROPEAN JOURNAL OF REMOTE SENSING","OBJECT LOCATION IS A FUNDAMENTAL YET CHALLENGING PROBLEM IN OBJECT DETECTION. IN THE REMOTE SENSING IMAGE, DIFFERENT IMAGING PROJECTION DIRECTIONS MAKE THE SAME OBJECT HAVE VARIOUS ROTATION ANGLES, AND IN SOME SCENES, THE OBJECT DISTRIBUTION IS RELATIVELY DENSE. MOST OF THE EXISTING DEEP LEARNING-BASED OBJECT DETECTION ALGORITHMS UTILIZE HORIZONTAL BOUNDING BOX TO LOCATE OBJECTS, WHICH CAUSES INACCURATE LOCATION OF THE OBJECTS WITH DENSE DISTRIBUTION OR ARBITRARY DIRECTION, THUS LEADING TO THE DETECTION MISSES. IN THIS PAPER, WE PROPOSE AN ARBITRARY-ANGLE BOUNDING BOX BASED OBJECT LOCATION AND EMBED IT INTO THE FASTER R-CNN, DEVELOPING A NEW FRAMEWORK CALLED ROTATED FASTER R-CNN (R-FRCNN) FOR OBJECT DETECTION IN REMOTE SENSING IMAGE. IN R-FRCNN, WE SPECIALLY IMPROVE ANCHOR RATIOS TO ADAPT TO THE OBJECTS LIKE SHIP WITH LARGE ASPECT RATIO AND INCREASE THE WEIGHTS OF THE HORIZONTAL BOUNDING BOX REGRESSION TO REDUCE THE INTERFERENCE OF THE ARBITRARY-ANGLE BOUNDING BOX ON THE HORIZONTAL BOUNDING BOX PREDICTION. COMPREHENSIVE EXPERIMENTS ON A PUBLIC DATASET AND A SELF-ASSEMBLED DATASET (WHICH WE MAKE PUBLICALLY AVAILABLE) SHOW THE SUPERIOR PERFORMANCE OF OUR METHOD COMPARED TO STANDALONE STATE-OF-THE-ART OBJECT DETECTORS.","ARTICLE",NA,"ARBITRARY ANGLE; BOUNDING BOX; OBJECT DETECTION; REMOTE SENSING IMAGE",13,"REMOTE SENSING"
"10.1080/22797254.2021.1880975",2021,"SUN F;LI H;LIU Z;LI X;WU Z","ARBITRARY-ANGLE BOUNDING BOX BASED LOCATION FOR OBJECT DETECTION IN REMOTE SENSING IMAGE","EUROPEAN JOURNAL OF REMOTE SENSING","OBJECT LOCATION IS A FUNDAMENTAL YET CHALLENGING PROBLEM IN OBJECT DETECTION. IN THE REMOTE SENSING IMAGE, DIFFERENT IMAGING PROJECTION DIRECTIONS MAKE THE SAME OBJECT HAVE VARIOUS ROTATION ANGLES, AND IN SOME SCENES, THE OBJECT DISTRIBUTION IS RELATIVELY DENSE. MOST OF THE EXISTING DEEP LEARNING-BASED OBJECT DETECTION ALGORITHMS UTILIZE HORIZONTAL BOUNDING BOX TO LOCATE OBJECTS, WHICH CAUSES INACCURATE LOCATION OF THE OBJECTS WITH DENSE DISTRIBUTION OR ARBITRARY DIRECTION, THUS LEADING TO THE DETECTION MISSES. IN THIS PAPER, WE PROPOSE AN ARBITRARY-ANGLE BOUNDING BOX BASED OBJECT LOCATION AND EMBED IT INTO THE FASTER R-CNN, DEVELOPING A NEW FRAMEWORK CALLED ROTATED FASTER R-CNN (R-FRCNN) FOR OBJECT DETECTION IN REMOTE SENSING IMAGE. IN R-FRCNN, WE SPECIALLY IMPROVE ANCHOR RATIOS TO ADAPT TO THE OBJECTS LIKE SHIP WITH LARGE ASPECT RATIO AND INCREASE THE WEIGHTS OF THE HORIZONTAL BOUNDING BOX REGRESSION TO REDUCE THE INTERFERENCE OF THE ARBITRARY-ANGLE BOUNDING BOX ON THE HORIZONTAL BOUNDING BOX PREDICTION. COMPREHENSIVE EXPERIMENTS ON A PUBLIC DATASET AND A SELF-ASSEMBLED DATASET (WHICH WE MAKE PUBLICALLY AVAILABLE) SHOW THE SUPERIOR PERFORMANCE OF OUR METHOD COMPARED TO STANDALONE STATE-OF-THE-ART OBJECT DETECTORS. © 2021 THE AUTHOR(S). PUBLISHED BY INFORMA UK LIMITED, TRADING AS TAYLOR & FRANCIS GROUP.","ARTICLE",NA,"ARBITRARY ANGLE; BOUNDING BOX; OBJECT DETECTION; REMOTE SENSING IMAGE",21,NA
"10.1093/icesjms/fsae166",2025,"HAN F;LIU Y;TIAN H;LI J;TIAN Y;MONTH = F","A COMPREHENSIVE FRAMEWORK INCORPORATING DEEP LEARNING FOR ANALYZING FISHING VESSEL ACTIVITY USING AUTOMATIC IDENTIFICATION SYSTEM DATA","ICES JOURNAL OF MARINE SCIENCE","AUTOMATIC IDENTIFICATION SYSTEM (AIS) HAS EMERGED AS A CRUCIAL AND COST-EFFECTIVE TOOL FOR MONITORING SHIP BEHAVIOR, WIDELY EMPLOYED IN VARIOUS FISHERIES. HOWEVER, EXTRACTING MEANINGFUL INSIGHTS FROM EXTENSIVE AIS DATA TO SUPPORT FISHERY RESEARCH REMAINS CHALLENGING. IN THIS STUDY, WE DEVELOPED A FRAMEWORK INTEGRATING DEEP LEARNING FOR MARINE FISHING ACTIVITY ANALYSIS, LEVERAGING AIS DATA ALONGSIDE MARINE ENVIRONMENTAL FACTORS. OUR APPROACH UTILIZED A TRANSFORMER-BASED MODEL WITH A MAJORITY VOTE FOR CLASSIFYING FISHING VESSEL TYPES. THE MODEL ACHIEVED HIGH ACCURACY, SURPASSING 90\% IN VESSEL TYPE CLASSIFICATION USING A SMALL SUBSET OF AIS RECORDS. OUR FRAMEWORK EMPLOYED THE TEMPORAL K-MEANS ALGORITHM TO EFFICIENTLY IDENTIFY FISHING BEHAVIOR, LEVERAGING THE TIME-SERIES INFORMATION OF AIS DATA. SUBSEQUENTLY, IT MAPPED FISHING HOURS ONTO SPATIAL GRIDS TO ANALYZE THE RELATIONSHIP BETWEEN FISHING ACTIVITY AND ENVIRONMENTAL FACTORS. CORRELATION ANALYSIS REVEALED DISTINCT PREFERENCES OF DIFFERENT VESSEL TYPES FOR ENVIRONMENTAL CONDITIONS, INFLUENCING THEIR SPATIAL DISTRIBUTIONS. TRAWLERS, FOR INSTANCE, EXHIBITED SENSITIVITY TO SEAFLOOR BOTTOM TEMPERATURE, WHEREAS SEINERS WERE PRIMARILY INFLUENCED BY SEA SURFACE DENSITY (SSD) AND SEA SURFACE TEMPERATURE AND GILLNETTERS BY SSD. THROUGH THIS FRAMEWORK, WE HAVE ESTABLISHED A COHERENT PROCESS TO DERIVE VALUABLE INSIGHTS ABOUT FISHERY RESOURCES FROM AIS DATA AND GUIDE FISHERIES MANAGEMENT.",NA,NA,NA,0,NA
"10.1109/access.2021.3075857",2021,"WU Y;ZHAO W;ZHANG R;JIANG F","AMR-NET: ARBITRARY-ORIENTED SHIP DETECTION USING ATTENTION MODULE MULTI-SCALE FEATURE FUSION AND ROTATION PSEUDO-LABEL","IEEE ACCESS","SHIP DETECTION IS SIGNIFICANT AND FULL OF CHALLENGES IN THE FIELD OF REMOTE SENSING. THE WIDELY ADOPTED HORIZONTAL BOUNDING BOX REPRESENTATION IS NOT APPROPRIATE FOR UBIQUITOUS ORIENTED SHIP OBJECTS. COMPLEX BACKGROUNDS, SMALL OBJECTS, AND THE DILEMMA OF LABELING SHIP DATASETS ARE ALL OBSTACLES THAT FURTHER LIMIT THE SUCCESSFUL OPERATION OF TRADITIONAL METHODS IN SHIP DETECTION. IN THIS PAPER, WE PROPOSE A MULTI-TASK ROTATION DETECTOR USING ATTENTION MODULE, MULTI-SCALE FEATURE FUSION AND ROTATION PSEUDO-LABEL, NAMELY AMR-NET. AMR-NET ADDS DEFORMABLE CONVOLUTION CHANNEL ATTENTION BLOCK (DCCAB) TO SUPPRESS BACKGROUND NOISE AND HIGHLIGHT THE FOREGROUND. FEATURE PYRAMID NETWORK (FPN) FUSES FEATURES FROM DIFFERENT SCALES, WHICH IS BENEFICIAL FOR SHIP DETECTION. WE PRESENT ADAPTIVE FPN (AFPN) TO DETERMINE THE OPTIMAL NUMBER OF PREDICTION LAYERS AUTOMATICALLY, WHICH CAN REDUCE THE DISTURBANCE OF HIGH-LEVEL DETECTION OF SMALL OBJECTS, DECREASE THE SIZE OF THE MODEL, AND ADAPT TO DIFFERENT SHIP DATASETS. TO ENABLE THE DETECTOR TO ACHIEVE EXCELLENT PERFORMANCE EVEN WHEN USING FEWER LABELED DATA, A SEMI-SUPERVISED PSEUDO-LABEL MODULE IS DESIGNED, NAMELY SELF-LEARNING ROTATION PSEUDO-LABEL (SRP). SRP ALLOWS THE DETECTOR TO ITERATIVELY SELF-LEARN THE OPTIMAL THRESHOLDS, AND USE THE THRESHOLDS TO REFINE HIGH-QUALITY ROTATION PSEUDO-LABELS FOR RETRAINING THE MODEL. SRP IS OPTIONAL. IF THIS MODULE IS SELECTED, THE DETECTOR BECOMES A SEMI-SUPERVISED DETECTOR. EXTENSIVE BOTH SUPERVISED AND SEMI-SUPERVISED EXPERIMENTS ON REMOTE SENSING PUBLIC DATASETS HRSC2016 SHOW THE STATE-OF-THE-ART PERFORMANCE OF OUR DETECTOR. EXPERIMENTS ON DOTA FURTHER ILLUSTRATE THE EFFECTIVENESS OF AMR-NET.",NA,NA,NA,0,NA
"10.1109/access.2021.3107358",2021,"SHI P;ZHAO Z;FAN X;YAN X;YAN W;XIN Y","REMOTE SENSING IMAGE OBJECT DETECTION BASED ON ANGLE CLASSIFICATION","IEEE ACCESS","ARBITRARILY-ORIENTED OBJECT DETECTION IS A CHALLENGING TASK. SINCE THE OBJECT ORIENTATION IN REMOTE SENSING IMAGES IS ARBITRARY, USING HORIZONTAL BOUNDING BOXES WILL LEAD TO LOW DETECTION ACCURACY. EXISTING REGRESSION-BASED ROTATION DETECTORS CAN LEAD TO THE PROBLEM OF BOUNDARY DISCONTINUITY. IN THIS PAPER, WE PROPOSE A REMOTE SENSING IMAGE OBJECT DETECTION METHOD BASED ON ANGLE CLASSIFICATION THAT USES ROTATION DETECTION BOUNDING BOXES WITH ANGLE INFORMATION TO DETECT OBJECTS. SPECIFICALLY, WE INCORPORATE THE NEURAL ARCHITECTURE SEARCH FRAMEWORK WITH FEATURE PYRAMID NETWORK (NAS-FPN) MODULE IN A DENSE DETECTOR (RETINANET) AND USE A BINARY ENCODING METHOD IN ANGLE CLASSIFICATION. THIS METHOD REDUCES THE BACKGROUND INFIUENCE, SO THAT THERE IS ALMOST NO OVERLAP BETWEEN DETECTION BOXES. BASED ON THE ANGLES OF THE DETECTION BOXES, WE CAN INFER THE INFORMATION OF THE MOTION DIRECTION OF THE TARGET AND FURTHER DETERMINE THE MOTION TRAJECTORY OF THE TARGET. WE CONDUCTED ABLATION EXPERIMENTS ON A LARGE PUBLICLY AVAILABLE FOR OBJECT DETECTION IN AN AERIAL IMAGERY (DOTA) TO VERIFY THE EFFECTIVENESS OF EACH MODULE IN THE METHOD AND COMPARED THE METHOD WITH SEVERAL OTHER DETECTION METHODS. THE EXPERIMENTAL RESULTS DEMONSTRATE THE EFFECTIVENESS OF OUR METHOD.","ARTICLE",NA,"REMOTE SENSING IMAGE; ANGLE CLASSIFICATION; ROTATION DETECTION FRAME; OBJECT DETECTION; DEEP LEARNING",20,"COMPUTER SCIENCE; ENGINEERING; TELECOMMUNICATIONS"
"10.1109/access.2024.3457619",2024,"ZHU S;WEI L","PEDNET: A PROPOSAL ENHANCEMENT DYNAMIC NETWORK FOR FINE-GRAINED SHIP DETECTION IN OPTICAL REMOTE SENSING IMAGES","IEEE ACCESS","FINE-GRAINED SHIP DETECTION (FGSD) REFERS TO IDENTIFY AND LOCALIZE DIFFERENT SHIPS IN OPTICAL REMOTE SENSING IMAGES, WHICH IS UTILIZED IN BOTH CIVILIAN AND MILITARY AREAS WIDELY. NEVERTHELESS, THE REGION PROPOSAL AS AN ESSENTIAL COMPONENT OF SHIP DETECTION AND RECOGNITION, IS RESTRICTED TO DESIGN A MULTITASK LEARNING OF FGSD, FROM PROPOSAL GENERATION, REPRESENTATION, AND UTILIZATION. IN THIS PAPER, WE PROPOSE A PROPOSAL ENHANCEMENT DYNAMIC NETWORK (PEDNET), TO DEAL WITH THE SUBTASKS OF FGSD BETTER. FIRST, THE LATERAL SCALE-EQUALIZING FEATURE PYRAMID NETWORK (LSE-FPN) IS DESIGNED TO DELIVER EQUALIZED SCALE FEATURES FOR THE SUBSEQUENT GENERATION OF MORE PRECISE PROPOSALS. SECOND, THE MULTI-CHANNEL FUSION NETWORK (MCFN) IS PROPOSED TO EXTRACT INDEPENDENT AND DISCRIMINATIVE FEATURE REPRESENTATIONS IN PROPOSALS. IN ADDITION, WE PRESENT AN ORIENTED DYNAMIC PREDICTION NETWORK (ODPN), WHICH EMPLOYS THE DYNAMIC TRAINING STRATEGY TO PROVIDE GUIDANCE FOR MODEL TRAINING, TO LEVERAGE HIGH-QUALITY PROPOSALS EFFECTIVELY FOR SHIP IDENTIFICATION AND LOCALIZATION. FINALLY, PEDNET IS TRAINED AND VALIDATED ON SHIPRSIMAGENET, FGSD2021, DOSR, AND MAR20 DATASETS. QUANTITATIVE AND QUALITATIVE EXPERIMENTAL RESULTS REVEAL THAT, COMPARED WITH CUTTING-EDGE DETECTORS, AP(50) OF THE PEDNET RECEIVED BY 74.58, 92.50, 61.28, AND 80.84, AP(75) RECEIVED BY 68.34, 86.26, 46.19, AND 69.18, AP (50:95) RECEIVED BY 56.25, 68.78, 40.17, AND 55.54 ON FOUR DATASETS, RESPECTIVELY. IT EFFECTIVELY PROVES THAT OUR METHOD ACHIEVES ADVANCED FGSD EFFECTIVENESS AND FAVORABLE GENERALIZATION PERFORMANCE.","ARTICLE",NA,"PROPOSALS; FEATURE EXTRACTION; MARINE VEHICLES; CONVOLUTIONAL NEURAL NETWORKS; DETECTORS; REMOTE SENSING; ACCURACY; DEEP LEARNING; DETECTION ALGORITHMS; COMPUTER VISION; OBJECT DETECTION; FINE-GRAINED SHIP DETECTION (FGSD); DEEP LEARNING; REMOTE SENSING IMAGES",1,"COMPUTER SCIENCE; ENGINEERING; TELECOMMUNICATIONS"
"10.1109/access.2024.3457619",2024,"ZHU S;WEI L","PEDNET: A PROPOSAL ENHANCEMENT DYNAMIC NETWORK FOR FINE-GRAINED SHIP DETECTION IN OPTICAL REMOTE SENSING IMAGES","IEEE ACCESS","FINE-GRAINED SHIP DETECTION (FGSD) REFERS TO IDENTIFY AND LOCALIZE DIFFERENT SHIPS IN OPTICAL REMOTE SENSING IMAGES, WHICH IS UTILIZED IN BOTH CIVILIAN AND MILITARY AREAS WIDELY. NEVERTHELESS, THE REGION PROPOSAL AS AN ESSENTIAL COMPONENT OF SHIP DETECTION AND RECOGNITION, IS RESTRICTED TO DESIGN A MULTITASK LEARNING OF FGSD, FROM PROPOSAL GENERATION, REPRESENTATION, AND UTILIZATION. IN THIS PAPER, WE PROPOSE A PROPOSAL ENHANCEMENT DYNAMIC NETWORK (PEDNET), TO DEAL WITH THE SUBTASKS OF FGSD BETTER. FIRST, THE LATERAL SCALE-EQUALIZING FEATURE PYRAMID NETWORK (LSE-FPN) IS DESIGNED TO DELIVER EQUALIZED SCALE FEATURES FOR THE SUBSEQUENT GENERATION OF MORE PRECISE PROPOSALS. SECOND, THE MULTI-CHANNEL FUSION NETWORK (MCFN) IS PROPOSED TO EXTRACT INDEPENDENT AND DISCRIMINATIVE FEATURE REPRESENTATIONS IN PROPOSALS. IN ADDITION, WE PRESENT AN ORIENTED DYNAMIC PREDICTION NETWORK (ODPN), WHICH EMPLOYS THE DYNAMIC TRAINING STRATEGY TO PROVIDE GUIDANCE FOR MODEL TRAINING, TO LEVERAGE HIGH-QUALITY PROPOSALS EFFECTIVELY FOR SHIP IDENTIFICATION AND LOCALIZATION. FINALLY, PEDNET IS TRAINED AND VALIDATED ON SHIPRSIMAGENET, FGSD2021, DOSR, AND MAR20 DATASETS. QUANTITATIVE AND QUALITATIVE EXPERIMENTAL RESULTS REVEAL THAT, COMPARED WITH CUTTING-EDGE DETECTORS, AP50 OF THE PEDNET RECEIVED BY 74.58, 92.50, 61.28, AND 80.84, AP75 RECEIVED BY 68.34, 86.26, 46.19, AND 69.18, AP<INF>50:95</INF> RECEIVED BY 56.25, 68.78, 40.17, AND 55.54 ON FOUR DATASETS, RESPECTIVELY. IT EFFECTIVELY PROVES THAT OUR METHOD ACHIEVES ADVANCED FGSD EFFECTIVENESS AND FAVORABLE GENERALIZATION PERFORMANCE. © 2013 IEEE.","ARTICLE",NA,"COMPUTER VISION; DEEP LEARNING; FINE-GRAINED SHIP DETECTION (FGSD); OBJECT DETECTION; REMOTE SENSING IMAGES",1,NA
"10.1109/access.2025.3559107",2025,"WANG Y;LI X","SHIP-DETR: A TRANSFORMER-BASED MODEL FOR EFFICIENTSHIP DETECTION IN COMPLEX MARITIME ENVIRONMENTS","IEEE ACCESS","WITH THE WIDESPREAD APPLICATION OF SHIP DETECTION IN CIVILIAN AND MILITARY DOMAINS, SHIP DETECTION IN OPTICAL REMOTE SENSING IMAGES HAS BECOME AN IMPORTANT RESEARCH DIRECTION. THE CORE TASK IS TO DETERMINE THE PRESENCE OF SHIP TARGETS IN REMOTE SENSING IMAGES AND TO PERFORM DETECTION, CLASSIFICATION, AND LOCALIZATION. HOWEVER, SHIP TARGETS IN REMOTE SENSING IMAGES EXHIBIT MULTI-SCALE CHARACTERISTICS, COMPLEX BACKGROUNDS, AND VARYING METEOROLOGICAL CONDITIONS, LEADING TO CHALLENGES SUCH AS LOW DETECTION ACCURACY, FALSE POSITIVES, AND MISSED DETECTIONS, PARTICULARLY FOR SMALL-SCALE SHIPS. TO ADDRESS THESE ISSUES, WE PROPOSE AN EFFECTIVE SHIP DETECTION ALGORITHM—SHIP DETECTION TRANSFORMER (SHIP-DETR). FIRST, WE INTRODUCE THE HIGH-LOW FREQUENCY (HILO) ATTENTION INTO THE INTRA-SCALE FEATURE INTERACTION MODULE TO ENHANCE THE EXTRACTION OF BOTH HIGH- AND LOW-FREQUENCY FEATURES, REDUCE COMPUTATIONAL COMPLEXITY, AND IMPROVE DETECTION PERFORMANCE. TO STRENGTHEN THE MODEL’S MULTI-SCALE FUSION CAPABILITY FOR SHIP FEATURES OF DIFFERENT SCALES, WE INCORPORATE THE BIDIRECTIONAL FEATURE PYRAMID NETWORK (BIFPN) TO OPTIMIZE CROSS-SCALE FEATURE FUSION AND ADD THE S₂ FEATURES TO FURTHER ENHANCE THE REPRESENTATION OF SMALL-SCALE SHIP FEATURES. ADDITIONALLY, WE REPLACE TRADITIONAL DOWNSAMPLING OPERATIONS WITH THE HAAR WAVELET-BASED DOWNSAMPLING (HWD) MODULE, WHICH REDUCES THE SPATIAL RESOLUTION OF FEATURE MAPS WHILE PRESERVING EDGE AND TEXTURE DETAILS AS MUCH AS POSSIBLE, THEREBY MINIMIZING FEATURE INFORMATION LOSS. EXPERIMENTAL RESULTS ON THE LEVIR-SHIP DATASET AND THE HRSC2016-MS DATASET DEMONSTRATE THAT SHIP-DETR IMPROVES THE SHIP DETECTION ACCURACY WHILE MAINTAINING A SMALL NUMBER OF PARAMETERS AND COMPUTATIONAL LOAD. SHIP-DETR ACHIEVED A MEAN AVERAGE PRECISION OF 75.7\% AND 73.1\% ON THE TWO DATASETS, RESPECTIVELY, REPRESENTING AN IMPROVEMENT OF 3.5\% AND 1.9\% COMPARED TO THE BASELINE MODEL. COMPARED WITH OTHER MAINSTREAM OBJECT DETECTION ALGORITHMS, OUR PROPOSED MODEL SHOWS SUPERIOR DETECTION PERFORMANCE.",NA,NA,NA,0,NA
"10.1109/access.2025.3572714",2025,"LEE C;YOUN C","IN-CONTEXT VISION-PATTERN-LANGUAGE MODEL FOR ENHANCING VESSEL ACTIVITY EXPLANATION","IEEE ACCESS","ILLEGAL VESSEL ACTIVITIES POSE SIGNIFICANT THREATS TO MARINE RESOURCES AND ECOSYSTEMS WORLDWIDE, NECESSITATING EFFECTIVE MONITORING AND DETECTION METHODS. CURRENT VESSEL MONITORING SYSTEMS STRUGGLE TO ACCURATELY INTERPRET VESSEL BEHAVIORS AT A DETAILED LEVEL DUE TO LIMITATIONS IN UTILIZING MULTI-MODAL DATA AND REGULATORY FRAMEWORKS. TO OVERCOME THESE CHALLENGES, WE PROPOSE A NEW VISION-PATTERN-LANGUAGE (VPL) MODEL DESIGNED TO ENHANCE THE EXPLANATION AND DETECTION OF ILLEGAL, UNREPORTED, AND UNREGULATED (IUU) VESSEL ACTIVITIES. TO HANDLE AIS-OFF IN BOUNDARY WATERS, PROPOSED MODEL INTEGRATES SATELLITE IMAGERY WITH AUTOMATIC IDENTIFICATION SYSTEM (AIS) TRAJECTORY DATA USING A PROBABILISTIC FUSION APPROACH BASED ON MAXIMUM A POSTERIORI (MAP) ESTIMATION WITH MONTE CARLO DROPOUT. ADDITIONALLY, THE VPL MODEL EMPLOYS A CLIP-BASED ZERO-SHOT CLASSIFIER TO ACCURATELY IDENTIFY VESSEL BEHAVIORS. TO SUPPORT LAW ENFORCEMENT, THE VPL MODEL WITH IN-CONTEXT LEARNING ALSO GENERATES FAITHFUL AND CONTEXTUALLY REASONABLE EXPLANATIONS GROUNDED IN THE FUSED DATA AND A LEGAL-TEXT DATABASE. EXTENSIVE EXPERIMENTAL EVALUATIONS ON THE AIS AND SATELLITE IMAGERY DATASET DEMONSTRATE THAT THE VPL MODEL SIGNIFICANTLY IMPROVES TRAJECTORY PREDICTION ACCURACY AND CLASSIFICATION PERFORMANCE THAN BASELINES. MOREOVER, VPL ATTAINS HIGHER FAITHFULNESS AND REASONING SCORES COMPARED TO LLAMA-3.3, HIGHLIGHTING ITS POTENTIAL FOR ROBUST AND RELIABLE MARITIME SURVEILLANCE AND CONTRIBUTING MEANINGFULLY TO THE DETECTION AND REGULATION OF IUU VESSEL ACTIVITIES.",NA,NA,NA,0,NA
"10.1109/cacml55074.2022.00063",2022,"CHENG S;YAO P;DENG K;FU L","DETGAN: GAN FOR ARBITRARY-ORIENTED OBJECT DETECTION IN REMOTE SENSING IMAGES","2022 ASIA CONFERENCE ON ALGORITHMS, COMPUTING AND MACHINE LEARNING (CACML 2022)","OBJECT DETECTION IN REMOTE SENSING IMAGES HAS BECOME A RESEARCH FOCUS IN RECENT YEARS WITH THE DEVELOPMENT OF DEEP LEARNING. HOWEVER, DUE TO OBJECTIVE REASONS SUCH AS WEATHER, COST, ETC., WE CAN HARDLY OBTAIN ABUNDANT HIGH-QUALITY REMOTE SENSING IMAGES, ESPECIALLY FOR SPECIFIC TARGETS, WHICH SEVERELY LIMITS THE TRAINING OF THE OBJECT DETECTOR, LEADING TO POOR DETECTION PERFORMANCE. THUS FOR THE FIRST TIME, THIS PAPER INTRODUCES THE GENERATIVE ADVERSARIAL NETWORKS(GANS) FOR ARBITRARY-ORIENTED OBJECT DETECTION IN REMOTE SENSING IMAGES, BY AUGMENTING THE DATASET TO IMPROVE THE PERFORMANCE OF DETECTORS. WE CONSTRUCT DETGAN WITH TWO-LAYER SELF-ATTENTION MODULES TO CAPTURE LONGDISTANCE DEPENDENCE FOR HIGH-QUALITY IMAGE GENERATION. TO SOLVE THE MISMATCH BETWEEN GENERATED SLICES AND THE SAMPLES FOR DETECTORS, WE PROPOSE THE GAN-TO-DETECTION TRANSFER STRATEGY, IN WHICH THE SLICES ARE INSERTED INTO A BACKGROUND WITH THE SAME SIZE AS THE SAMPLES FOR DETECTORS AND THEN ADDED TO THE TRAINING SET. EXPERIMENTS SHOW THAT THE PERFORMANCE OF SHIP DETECTORS IS SUCCESSFULLY IMPROVED WITH THE TRANSFER STRATEGY, AND DEMONSTRATE THAT GAN IS AN EFFECTIVE WAY TO ALLEVIATE THE PROBLEM OF DATA INSUFFICIENCY IN REMOTE SENSING IMAGE OBJECT DETECTION.","PROCEEDINGS PAPER","ASIA CONFERENCE ON ALGORITHMS, COMPUTING AND MACHINE LEARNING (CACML))","GENERATIVE ADVERSARIAL NETWORK; REMOTE SENSING; ARBITRARY-ORIENTED OBJECT DETECTION; TRANSFER STRATEGY",0,"COMPUTER SCIENCE; MATHEMATICS"
"10.1109/cacml55074.2022.00063",2022,"CHENG S;YAO P;DENG K;FU L","DETGAN: GAN FOR ARBITRARY-ORIENTED OBJECT DETECTION IN REMOTE SENSING IMAGES","","OBJECT DETECTION IN REMOTE SENSING IMAGES HAS BE-COME A RESEARCH FOCUS IN RECENT YEARS WITH THE DEVELOPMENT OF DEEP LEARNING. HOWEVER, DUE TO OBJECTIVE REASONS SUCH AS WEATHER, COST, ETC., WE CAN HARDLY OBTAIN ABUNDANT HIGH-QUALITY REMOTE SENSING IMAGES, ESPECIALLY FOR SPECIFIC TARGETS, WHICH SEVERELY LIMITS THE TRAINING OF THE OBJECT DETECTOR, LEADING TO POOR DETECTION PERFORMANCE. THUS FOR THE FIRST TIME, THIS PAPER INTRODUCES THE GENERATIVE ADVERSARIAL NETWORKS(GANS) FOR ARBITRARY-ORIENTED OBJECT DETECTION IN REMOTE SENSING IMAGES, BY AUGMENTING THE DATASET TO IMPROVE THE PERFORMANCE OF DETECTORS. WE CONSTRUCT DETGAN WITH TWO-LAYER SELF-ATTENTION MODULES TO CAPTURE LONG-DISTANCE DEPENDENCE FOR HIGH-QUALITY IMAGE GENERATION. TO SOLVE THE MISMATCH BETWEEN GENERATED SLICES AND THE SAMPLES FOR DETECTORS, WE PROPOSE THE GAN-TO-DETECTION TRANSFER STRATEGY, IN WHICH THE SLICES ARE INSERTED INTO A BACKGROUND WITH THE SAME SIZE AS THE SAMPLES FOR DETECTORS AND THEN ADDED TO THE TRAINING SET. EXPERIMENTS SHOW THAT THE PERFORMANCE OF SHIP DETECTORS IS SUCCESSFULLY IMPROVED WITH THE TRANSFER STRATEGY, AND DEMONSTRATE THAT GAN IS AN EFFECTIVE WAY TO ALLEVIATE THE PROBLEM OF DATA INSUFFICIENCY IN REMOTE SENSING IMAGE OBJECT DETECTION. © 2022 IEEE.","CONFERENCE PAPER",NA,"ARBITRARY-ORIENTED OBJECT DETECTION; GENERATIVE ADVERSARIAL NETWORK; REMOTE SENSING; TRANSFER STRATEGY",1,NA
"10.1109/cict56698.2022.9997853",2022,"H. A;JIDESH P;MONTH = N","DETECTION AND CLASSIFICATION OF SHIPS USING A SELF-ATTENTION RESIDUAL NETWORK",NA,"THE CATEGORIZATION AND DETECTION OF SHIPS IS CRUCIAL IN MARITIME APPLICATIONS SUCH AS MARINE SURVEILLANCE, TRAFFIC MONITORING ETC., WHICH ARE EXTREMELY CRUCIAL FOR ENSURING NATIONAL SECURITY. THERE HAS BEEN EXTENSIVE AMOUNT OF RESEARCH HAPPENING IN THIS AREA SINCE THE LAST DECADE. THE ACCELERATION OF COMPUTATIONAL POWER AND INCREASING NUMBER OF SATELLITE IMAGES COLLECTED OVER THE YEARS PAVED THE WAY FOR SUCH AN EXTENSIVE RESEARCH. HOWEVER, HIGH-RESOLUTION IMAGES OF SHIPS THAT CAPTURE THE TEXTURE DETAILS FOR AN EFFECTIVE CATEGORIZATION ARE STILL VERY LIMITED. IN THE RECENT YEARS, RESEARCHERS COLLECTED IMAGES OVER VARIOUS SOURCES TO CREATE DATASETS WHICH ARE MADE PUBLICLY AVAILABLE FOR USE. IN OUR WORK, WE USE THE SHIPRSIMAGENET DATASET WHICH WAS RECENTLY RELEASED. MANY STATE-OF-THE-ART OBJECT DETECTION METHODS WERE EMPLOYED ON THIS DATASET FOR DIFFERENT LEVELS OF SHIP DETECTION. BUT DUE TO THE COMPLEXITY OF THE DATASET, THE STATE-OF-THE-ART MODELS ARE NOT CAPABLE ENOUGH TO PERFORM A FULL CATEGORIZATION OF THE SHIPS IN THESE DATASET. IN THIS WORK, A RESIDUAL ATTENTION BASED CONVOLUTIONAL NEURAL NETWORK (CNN) MODEL IS EMPLOYED FOR FEATURE EXTRACTION, WHICH CAN BE FED IN TO THE STATE-OF-THE-ART OBJECT DETECTION MODELS FOR THE EXTRACTION OF THE FEATURES. USUALLY, OTHER BACKBONE NETWORKS WHICH CAN BE EMPLOYED ARE COMPLEX AND CONSISTS OF MULTIPLE LAYERS. DUE TO THE NEED FOR A LARGE NUMBER OF TRAINING PARAMETERS, THESE MODELS AND APPROACHES HAVE HEAVY-WEIGHT DESIGNS. THEREFORE, THEY NEED MORE STORAGE AND COSTLIER TRAINING PROCESSES.",NA,NA,NA,0,NA
"10.1109/cict64037.2024.10899718",2024,"KAPOOR A;SINHA B;MONTH = D","OBJECT DETECTION IN MARITIME SURVEILLANCE: A DATA-CENTRIC COMPARISON OF YOLO AND TRANSFORMER-BASED MODELS",NA,"THIS RESEARCH FOCUSES ON IMPROVING MARITIME OB-JECT DETECTION BY REFINING DEEP NEURAL NETWORK MODELS WITH THE ROBOFLOW SHIP DETECTION DATASET, WHICH CONTAINS LABELED IMAGES OF SHIPS. THE MAIN GOAL IS TO ASSESS THE PERFORMANCE OF DIFFERENT YOLO ARCHITECTURE VERSIONS (YOLOV7 AND YOLOV8) IN COMPARISON TO THE DETECTION TRANSFORMER (DETR), A MODEL INTRODUCED BY FACEBOOK AI RESEARCH IN 2020. UNLIKE TRADITIONAL OBJECT DETECTION APPROACHES, WHICH OFTEN UTILIZE CONVOLUTIONAL NEURAL NETWORKS (CNNS) ALONG WITH POST-PROCESSING TECHNIQUES SUCH AS ANCHOR BOXES OR REGION PROPOSAL NETWORKS (RPNS), DETR SIMPLIFIES THE PROCESS BY REMOVING THESE ADDITIONAL COMPONENTS. IN THIS STUDY, BOTH YOLO MODELS AND DETR WERE FINE-TUNED ON THE ROBOFLOW DATASET, AND THEIR PERFORMANCE WAS MEASURED IN DETECTING MARITIME OBJECTS. THE FINDINGS INDICATE THAT WHILE THE YOLO MODELS ACHIEVED STRONG RESULTS, DETR DEMONSTRATED COMPETITIVE ACCURACY WITH A MORE STREAMLINED PROCESS. THIS STUDY UNDERSCORES THE PROMISE OF TRANSFORMER-BASED MODELS FOR SPECIALIZED OBJECT RECOGNITION TASKS, OFFERING VALUABLE INSIGHTS FOR ENHANCING MARITIME DETECTION SYSTEMS.",NA,NA,NA,0,NA
"10.1109/comnetsat56033.2022.9994340",2022,"VAN R Z B;WIJAYANTO A;HABIBIE M;MONTH = N","MARINE VESSELS DETECTION ON VERY HIGH-RESOLUTION REMOTE SENSING OPTICAL SATELLITES USING OBJECT-BASED DEEP LEARNING",NA,"MARINE VESSELS OR SHIPS HAVE BEEN CONSIDERED ONE OF THE PRIMARY VEHICLES USED FOR SEA TRANSPORTATION, WHICH CAN ALSO BE USED AS AN INTERMEDIARY TOOL TO SERVE NUMEROUS OTHER MARINE-RELATED ACTIVITIES. IN TRACKING AND MONITORING THE ACTIVITIES OF THESE SHIPS, AUTOMATIC VESSEL OBJECT DETECTION IS UNDOUBTEDLY CHALLENGING TO EXTRACT THE NUMBER AND POSITION OF THE VESSELS FROM COMPLEX SEAWATER BACKGROUNDS. IN THIS STUDY, WE BUILD A ONE-STAGE NETWORK OF YOLOV5X6 BASED DEEP LEARNING MODEL ON SHIPRSIMAGENET LARGE-SCALE DATASET. WITH 50 SHIP CATEGORIES, OUR MODEL OBTAINED A PROMISING PERFORMANCE WITH A MEAN AVERAGE PRECISION OF 75.18\%. OUR FINDINGS ARE POTENTIALLY BENEFICIAL TO SUPPORT MARITIME SECURITY ENFORCEMENT POLICY INCLUDING COUNTER-MEASURING ILLEGAL FISHERIES AND MANAGING SEAWATER TRAFFIC SURVEILLANCE.",NA,NA,NA,0,NA
"10.1109/cvpr.2018.00418",2018,"XIA G;BAI X;DING J;ZHU Z;BELONGIE S;LUO J;DATCU M;PELILLO M;ZHANG L;MONTH = J","DOTA: A LARGE-SCALE DATASET FOR OBJECT DETECTION IN AERIAL IMAGES",NA,"OBJECT DETECTION IS AN IMPORTANT AND CHALLENGING PROBLEM IN COMPUTER VISION. ALTHOUGH THE PAST DECADE HAS WITNESSED MAJOR ADVANCES IN OBJECT DETECTION IN NATURAL SCENES, SUCH SUCCESSES HAVE BEEN SLOW TO AERIAL IMAGERY, NOT ONLY BECAUSE OF THE HUGE VARIATION IN THE SCALE, ORIENTATION AND SHAPE OF THE OBJECT INSTANCES ON THE EARTH'S SURFACE, BUT ALSO DUE TO THE SCARCITY OF WELL-ANNOTATED DATASETS OF OBJECTS IN AERIAL SCENES. TO ADVANCE OBJECT DETECTION RESEARCH IN EARTH VISION, ALSO KNOWN AS EARTH OBSERVATION AND REMOTE SENSING, WE INTRODUCE A LARGE-SCALE DATASET FOR OBJECT DETECTION IN AERIAL IMAGES (DOTA). TO THIS END, WE COLLECT 2806 AERIAL IMAGES FROM DIFFERENT SENSORS AND PLATFORMS. EACH IMAGE IS OF THE SIZE ABOUT 4000 × 4000 PIXELS AND CONTAINS OBJECTS EXHIBITING A WIDE VARIETY OF SCALES, ORIENTATIONS, AND SHAPES. THESE DOTA IMAGES ARE THEN ANNOTATED BY EXPERTS IN AERIAL IMAGE INTERPRETATION USING 15 COMMON OBJECT CATEGORIES. THE FULLY ANNOTATED DOTA IMAGES CONTAINS 188, 282 INSTANCES, EACH OF WHICH IS LABELED BY AN ARBITRARY (8 D.O.F.) QUADRILATERAL. TO BUILD A BASELINE FOR OBJECT DETECTION IN EARTH VISION, WE EVALUATE STATE-OF-THE-ART OBJECT DETECTION ALGORITHMS ON DOTA. EXPERIMENTS DEMONSTRATE THAT DOTA WELL REPRESENTS REAL EARTH VISION APPLICATIONS AND ARE QUITE CHALLENGING.",NA,NA,NA,2575,NA
"10.1109/eebda56825.2023.10090822",2023,"CUI Y","OPTICAL REMOTE SENSING SHIP OBJECT DETECTOR BASED ON IMPROVED GWD","","IN RECENT YEARS, WITH THE CONTINUOUS DEVELOPMENT OF REMOTE SENSING SHIP OBJECT DETECTION TECHNOLOGY, OBJECT DETECTION TECHNOLOGY BASED ON THE HORIZONTAL BOUNDING BOX HAS MADE HUGE PROGRESS. HOWEVER, IN THE OPTICAL REMOTE SENSING SHIP IMAGE DATASET, THE SHIP ORIENTATIONS ARE DIFFERENT AND DENSELY ARRANGED, THUS THE HORIZONTAL BOUNDING BOX IS NOT SUITABLE FOR THIS SITUATION. THEREFORE, IN ORDER TO SOLVE THE PROBLEM THAT THE HORIZONTAL BOUNDING BOXES CANNOT ACCURATELY DETECT ROTATED SHIPS, THIS PAPER PROPOSES A REMOTE SENSING SHIP OBJECT DETECTOR BASED ON IGWD (AN IMPROVED GAUSSIAN WASSERSTAIN DISTANCE NETWORK), WHICH ADOPTS THE DATA AUGMENTATION STRATEGY OF CUTOUT TO SIMULATE THE SITUATION WHERE SHIPS ARE OCCLUDED BY CLOUDS AND FOG, AND IMPROVE THE DETECTION ROBUSTNESS OF THE OVERALL NETWORK. TO GIVE A DIFFERENTIABLE MATHEMATICAL MODEL TO SERVE FOR BP ALGORITHM FOR THE POSITIONING OF ROTATED RECTANGLE BOXES, A LOSS MODEL GWD (GAUSSIAN WASSERSTAIN DISTANCE) BASED ON THE GAUSSIAN WASSERSTAIN DISTANCE IS USED TO SIMULATE THE DEVIATION OF THE POSITIONS OF TWO ROTATED RECTANGLE BOXES. IN ADDITION, THIS PAPER ALSO INTRODUCES DEFORMABLE CONVOLUTIONAL NETWORKS IN THE BACKBONE FOR ARBITRARILY ORIENTED SHIPS DETECTION. MANY ABLATION STUDIES SHOW THAT OUR METHOD CAN ACHIEVE EXCELLENT PERFORMANCE ON THE FAMOUS SHIP DATASET HRSC2016. © 2023 IEEE.","CONFERENCE PAPER",NA,"DATA AUGMENTATION; DEEP LEARNING; DEFORMABLE CONVOLUTION; GWD (GAUSSIAN WASSERSTAIN DISTANCE); ROTATED DETECTOR; SHIP DETECTION",1,NA
"10.1109/eebda56825.2023.10090822",2023,"CUI Y;MONTH = F","OPTICAL REMOTE SENSING SHIP OBJECT DETECTOR BASED ON IMPROVED GWD",NA,"IN RECENT YEARS, WITH THE CONTINUOUS DEVELOPMENT OF REMOTE SENSING SHIP OBJECT DETECTION TECHNOLOGY, OBJECT DETECTION TECHNOLOGY BASED ON THE HORIZONTAL BOUNDING BOX HAS MADE HUGE PROGRESS. HOWEVER, IN THE OPTICAL REMOTE SENSING SHIP IMAGE DATASET, THE SHIP ORIENTATIONS ARE DIFFERENT AND DENSELY ARRANGED, THUS THE HORIZONTAL BOUNDING BOX IS NOT SUITABLE FOR THIS SITUATION. THEREFORE, IN ORDER TO SOLVE THE PROBLEM THAT THE HORIZONTAL BOUNDING BOXES CANNOT ACCURATELY DETECT ROTATED SHIPS, THIS PAPER PROPOSES A REMOTE SENSING SHIP OBJECT DETECTOR BASED ON IGWD (AN IMPROVED GAUSSIAN WASSERSTAIN DISTANCE NETWORK), WHICH ADOPTS THE DATA AUGMENTATION STRATEGY OF CUTOUT TO SIMULATE THE SITUATION WHERE SHIPS ARE OCCLUDED BY CLOUDS AND FOG, AND IMPROVE THE DETECTION ROBUSTNESS OF THE OVERALL NETWORK. TO GIVE A DIFFERENTIABLE MATHEMATICAL MODEL TO SERVE FOR BP ALGORITHM FOR THE POSITIONING OF ROTATED RECTANGLE BOXES, A LOSS MODEL GWD (GAUSSIAN WASSERSTAIN DISTANCE) BASED ON THE GAUSSIAN WASSERSTAIN DISTANCE IS USED TO SIMULATE THE DEVIATION OF THE POSITIONS OF TWO ROTATED RECTANGLE BOXES. IN ADDITION, THIS PAPER ALSO INTRODUCES DEFORMABLE CONVOLUTIONAL NETWORKS IN THE BACKBONE FOR ARBITRARILY ORIENTED SHIPS DETECTION. MANY ABLATION STUDIES SHOW THAT OUR METHOD CAN ACHIEVE EXCELLENT PERFORMANCE ON THE FAMOUS SHIP DATASET HRSC2016.",NA,NA,NA,0,NA
"10.1109/faiml57028.2022.00046",2022,"CHEN X;TANG C","ARBITRARY-ORIENTED SHIP DETECTION BASED ON DEEP LEARNING","2022 INTERNATIONAL CONFERENCE ON FRONTIERS OF ARTIFICIAL INTELLIGENCE AND MACHINE LEARNING, FAIML","THIS PAPER EXPLORES A SHIP DETECTOR FROM AN AERIAL VIEW, WHERE WE FOCUS ON PREDICTING SHIP ORIENTATION AND IMPROVING RECALL RATE FOR DENSE OBJECTS. FIRST, SINCE SHIPS APPEAR AS SMALL OBJECTS IN REMOTE SENSING IMAGES, WE ENHANCE THE BACKBONE NETWORK IN FEATURE EXTRACTION, WE RECONSTRUCT A CLASSIFICATION NETWORK AS A FEATURE EXTRACTOR, AND THEN CASCADE A FEATURE PYRAMID NETWORK FOR FEATURE FUSION. SECOND, TO REDUCE THE ADVERSE EFFECT OF POST-PROCESSING ON DENSE PREDICTIONS, WE USE ROTATED RECTANGULAR BOUNDING BOXES TO REPRESENT SHIPS, WHILE ADDING ANGLE PREDICTIONS TO THE DENSE HEAD. FINALLY, IN ORDER TO INCREASE THE DIFFERENCE OF FEATURES AT DIFFERENT ANGLES, WE PROPOSE A TARGET ENCODING. FOR THE SAME KIND OF SHIPS WITH DIFFERENT ORIENTATIONS, UNDER THIS ENCODING RULE, OTHER PREDICTIONS OF THE NETWORK, SUCH AS WIDTH AND HEIGHT, WILL HAVE THE SAME REGRESSION TARGET. CONSIDERING BOTH SPEED AND ACCURACY, OUR METHOD PERFORMS BETTER IN SHIP DETECTION THAN OTHER GENERAL DETECTORS.","PROCEEDINGS PAPER","INTERNATIONAL CONFERENCE ON FRONTIERS OF ARTIFICIAL INTELLIGENCE AND MACHINE LEARNING (FAIML)","COMPUTER VISION;SHIP DETECTION; REMOTE SENSING IMAGE; ROTATION PROPOSALS",0,"COMPUTER SCIENCE"
"10.1109/faiml57028.2022.00046",2022,"CHEN X;TANG C","ARBITRARY-ORIENTED SHIP DETECTION BASED ON DEEP LEARNING","","THIS PAPER EXPLORES A SHIP DETECTOR FROM AN AERIAL VIEW, WHERE WE FOCUS ON PREDICTING SHIP ORIENTATION AND IMPROVING RECALL RATE FOR DENSE OBJECTS. FIRST, SINCE SHIPS APPEAR AS SMALL OBJECTS IN REMOTE SENSING IMAGES, WE ENHANCE THE BACKBONE NETWORK IN FEATURE EXTRACTION, WE RECONSTRUCT A CLASSIFICATION NETWORK AS A FEATURE EXTRACTOR, AND THEN CASCADE A FEATURE PYRAMID NETWORK FOR FEATURE FUSION. SECOND, TO REDUCE THE ADVERSE EFFECT OF POST-PROCESSING ON DENSE PREDICTIONS, WE USE ROTATED RECTANGULAR BOUNDING BOXES TO REPRESENT SHIPS, WHILE ADDING ANGLE PREDICTIONS TO THE DENSE HEAD. FINALLY, IN ORDER TO INCREASE THE DIFFERENCE OF FEATURES AT DIFFERENT ANGLES, WE PROPOSE A TARGET ENCODING. FOR THE SAME KIND OF SHIPS WITH DIFFERENT ORIENTATIONS, UNDER THIS ENCODING RULE, OTHER PREDICTIONS OF THE NETWORK, SUCH AS WIDTH AND HEIGHT, WILL HAVE THE SAME REGRESSION TARGET. CONSIDERING BOTH SPEED AND ACCURACY, OUR METHOD PERFORMS BETTER IN SHIP DETECTION THAN OTHER GENERAL DETECTORS. © 2022 IEEE.","CONFERENCE PAPER",NA,"COMPUTER VISION; REMOTE SENSING IMAGE; ROTATION PROPOSALS; SHIP DETECTION",1,NA
"10.1109/icac3n56670.2022.10074554",2022,"N R;M I;MONTH = D","DETECTION OF SHIPS IN SATELLITE IMAGERY USING DEEP NEURAL NETWORKS WITH TRANSFER LEARNING APPROACH",NA,"WITH INCREASING TRADE AND GLOBALIZATION OF BUSINESSES, THERE IS ALSO AN INCREASING NEED FOR AN EFFICIENT, RELIABLE AND ROBUST SYSTEM FOR NAVAL SECURITY, ESPECIALLY FOR A PENINSULAR COUNTRY LIKE INDIA. THE DEVELOPING TECHNOLOGY AND PUBLICLY AVAILABLE REMOTE SENSING DATA CAN BE A GREAT SOLUTION TO THIS. THE FOCUS OF THIS PAPER IS TO IMPLEMENT A DEEP NEURAL NETWORK MODEL USING TRANSFER LEARNING APPROACH.",NA,NA,NA,0,NA
"10.1109/icaml57167.2022.00053",2022,"QIAO T;ZHANG C;HU J;CHEN Y;MONTH = J","ENHANCED TWO-STAGE SHIP DETECTION ALGORITHM IN REMOTE SENSING IMAGE",NA,"REMOTE SENSING IMAGES HAVE THE CHARACTERISTICS OF EXTREME HIGH RESOLUTION, SMALL OBJECT AND SPARSE DISTRIBUTION., WHICH BRING HUGE DIFFICULTIES FOR SHIP DETECTION IN THE SEA. TRADITIONAL OBJECT DETECTION MODELS BASED ON DEEP LEARNING CAN NOT BE DIRECTLY APPLIED TO REMOTE SENSING IMAGES. THIS PAPER PROPOSES AN EFFICIENT SHIP DETECTION FRAMEWORK BASED ON CASCADE R-CNN NETWORK. WE USE THE YOLOV5 MODEL AS THE FIRST STAGE DETECTION AND SIMPLIFY THE CASCADE R-CNN DETECTOR HEAD. THIS NEW MODEL IS PARTICULARLY SUITABLE FOR DETECTING SPARSE OBJECTS IN HIGH RESOLUTION IMAGE.",NA,NA,NA,0,NA
"10.1109/iccmc51019.2021.9418274",2021,"MAITY M;BANERJEE S;SINHA C S;MONTH = A","FASTER R-CNN AND YOLO BASED VEHICLE DETECTION: A SURVEY",NA,"AUTOMATIC MOVING VEHICLE DETECTION PLAYS A CRUCIAL AND CHALLENGING ROLE IN PERFORMING INTELLIGENT TRAFFIC SURVEILLANCE. NUMEROUS RESEARCH PROJECTS AIMING TO PERFORM PROPER DETECTION AND TRACKING OF VEHICLES HAVE BEEN CARRIED OUT AND THE METHODS DESIGNED UNDER THESE PROJECTS HAVE FOUND THEIR USES IN VARIOUS IMPORTANT APPLICATIONS FOR E.G. TO MINIMIZE THE FATAL ACCIDENTS WHICH MAINLY OCCUR DUE TO NEGLIGENCE OF DRIVERS OR DUE TO POOR VISIBILITY DURING INCLEMENT WEATHER CONDITION OR DUE TO IMPROPER ILLUMINATION, ETC. AT PRESENT, SEVERAL DEEP NEURAL NETWORKS HAVE BEEN PROPOSED FOR PERFORMING OBJECT DETECTION. THIS PAPER PRESENTS A COMPREHENSIVE REVIEW OF EXISTING FASTER REGION-BASED CONVOLUTIONAL NEURAL NETWORK (FASTER R-CNN) AND YOU LOOK ONLY ONCE (YOLO) BASED VEHICLE DETECTION AND TRACKING METHODS. IN THIS SURVEY, WE HAVE DIVIDED THE EXISTING VEHICLE DETECTION METHODS INTO DIFFERENT GROUPS DEPENDING UPON THE ARCHITECTURE (FASTER R-CNN/YOLO) WHICH HAVE BEEN USED AS THE BACKBONE OF THESE DESIGNED METHODS. WE HAVE ORGANIZED THE ENTIRE SURVEY IN CHRONOLOGICAL ORDER SO THAT INTERRELATIONS BETWEEN PROPOSED METHODS CAN BE HIGHLIGHTED. APART FROM PERFORMING IN DEPTH ANALYSES OF THE EXISTING METHODS, WE HAVE DESCRIBED THE RESPECTIVE ARCHITECTURES OF FASTER R-CNN, YOLO AND THEIR PROPOSED VARIANTS IN DETAILS IN THIS SURVEY FOR BETTER UNDERSTANDING. WE HAVE CONCLUDED THIS PAPER BY LISTING DOWN THE LIMITATIONS OF THE EXISTING WORKS AND UNEXPLORED ASPECTS OF THIS RESEARCH TOPIC. WE HAVE ALSO THROWN SOME LIGHT ON THE FUTURE SCOPE OF THIS RESEARCH AREA.",NA,NA,NA,0,NA
"10.1109/iccwamtip56608.2022.10016547",2022,"XIAORAN W","REAL-TIME ORIENTED SHIP DETECTION IN AERIAL IMAGES FOR EMBEDDED PLATFORMS","","SHIPS IN AERIAL IMAGES ARE SLENDER OBJECTS AND CAN FACE ARBITRARY DIRECTIONS, THUS ARE MORE EFFECTIVELY DESCRIBED BY ORIENTED BOUNDING BOXES (OBBS) RATHER THAN HORIZONTAL BOUNDING BOXES (HBBS) IN THE AERIAL DETECTION TASK. EXISTING ORIENTED OBJECT DETECTORS USUALLY USE TWO-STAGE ANCHOR-BASED ARCHITECTURE, MAKING THEM HARD TO BE DEPLOYED TO EMBEDDED PLATFORMS WITH NEURAL PROCESSING UNITS (NPUS). IN THIS WORK, WE PROPOSE A LIGHTWEIGHT ONE-STAGE ANCHOR-FREE ORIENTED SHIP DETECTOR THAT USES CENTER KEYPOINTS AND EDGE OFFSET VECTORS TO CAPTURE THE SHIP OBBS. ALSO, THE DETECTOR IS DESIGNED TO BE NPU HARDWARE-FRIENDLY AND CAN BE EFFICIENTLY PROCESSED ON EMBEDDED NPUS. EXPERIMENTS RESULTS SHOW THAT OUR PROPOSED DETECTOR CAN ACHIEVE REAL-TIME SPEED ON EMBEDDED NPUS WHILE MAINTAINING ACCURACY SIMILAR OR SUPERIOR TO EXISTING METHODS. WHEN DEPLOYED TO VERISILICON VIP8000OI EMBEDDED NPU, THE PROPOSED DETECTOR CAN ACHIEVE 88.1% AP ON THE HRSC2016 DATASET AT 27 FPS. © 2022 IEEE.","CONFERENCE PAPER",NA,"ANCHOR-FREE; EMBEDDED NPUS; ORIENTED SHIP DETECTION; REMOTE SENSING",1,NA
"10.1109/iceict61637.2024.10670954",2024,"HUANG Y;WANG D;HUANG W;AN D","A VIT MERGED ORIENTED-DETECTOR WITH NEURON ATTENTION FOR SHIP DETECTION IN SAR IMAGES","","DUE TO THE UNIQUE MICROWAVE PROPERTIES OF SYNTHETIC APERTURE RADAR (SAR) IMAGES AND THE IRREGULAR DISTRIBUTION OF VESSELS, DEEP LEARNING TECHNIQUES FACE SIGNIFICANT CHALLENGES IN THE DETECTION OF SHIP TARGETS WITHIN SAR IMAGERY. THIS PAPER PROPOSES AN ORIENTED SHIP TARGET DETECTION MODEL BASED ON THE YOLOV8 ALGORITHM, NEURAL SWIN TRANSFORMER-YOLO (NST-YOLO). EXPERIMENTS CONDUCTED ON THE ROTATED SHIP DETECTION DATASET IN SAR IMAGES (RSDD-SAR) AND THE SAR SHIP DETECTION DATASET (SSDD+) AND COMPARISONS WITH THE OTHER ORIENTED DETECTION MODELS DEMONSTRATE THAT THE PROPOSED NST-YOLO ACHIEVES STATE-OF-THE-ART DETECTION PERFORMANCE. © 2024 IEEE.","CONFERENCE PAPER",NA,"NEURAL NETWORK; ORIENTED DETECTION; REMOTE SENSING; SHIP DETECTION; SYNTHETIC APERTURE RADAR(SAR)",5,NA
"10.1109/icfeict59519.2023.00108",2023,"CHEN W;HAN B;GAO X;MONTH = M","ORIENTED SHIP DETECTION BASED ON EXPANSION DEFORMATION ROTATION REPRESENTATION",NA,"EXISTING MAINSTREAM TWO-STAGE ORIENTED DETECTION METHODS GENERATE ORIENTED PROPOSALS BASED ON HORIZONTAL PROPOSALS AS THE CIRCUMSCRIBED RECTANGLE. UTILIZING SUCH GENERATING STRATEGY CANNOT OBTAIN ACCURATE ORIENTED PROPOSALS DUE TO THE SHAPE ARBITRARINESS OF SHIP TARGETS. THIS PAPER PROPOSES AN EFFECTIVE AND SIMPLE ORIENTED PROPOSAL GENERATING STRATEGY, TERMED EXPANSION DEFORMATION ROTATION REPRESENTATION (EDRR). EDRR INTRODUCES TWO EXPANSION COMPONENTS THAT ALLOW THE ORIENTED PROPOSAL HAS THE POTENTIAL TO BREAK THROUGH THE CONSTRAINTS OF THE HORIZONTAL PROPOSAL. THEN, A NOVEL TWO-STAGE ORIENTED SHIP DETECTION FRAMEWORK NAMED OSDET IS PROPOSED BASED ON THE EDRR STRATEGY. TO BE SPECIFIC, IN THE FIRST STAGE, WE USE RERESNET-REFPN TO EXTRACT ROTATION INVARIANT FEATURES AND ORIENTED RPN WITH EDRR STRATEGY TO GENERATE ACCURATE ORIENTED CANDIDATES. THEN, THE ORIENTED R-CNN HEAD IS UTILIZED TO REFINE ORIENTED ROL FEATURES AND COMPLETE THE REGRESSION AND RECOGNITION PROCEDURES IN THE SECOND STAGE OF THE PROPOSED OSDET. EXTENSIVE EXPERIMENTS ON TWO CHALLENGING OPTICAL REMOTE SENSING DATASETS HRSC2016-MS AND DOTA DEMONSTRATE THAT THE PROPOSED METHOD CAN ACHIEVE COMPETITIVE PERFORMANCE ON THE ORIENTED SHIP DETECTION TASK AND HAVE STRONG GENERALIZATION CAPABILITY ON THE AERIAL OBJECT DETECTION TASK. COMPARISON WITH STATE-OF-THE-ART METHODS INDICATE THAT THE PROPOSED OSDET ACHIEVES THE BEST ORIENTED SHIP/OBJECT DETECTION PERFORMANCE, I.E., 77.50\% AND 77.14\% MAP ON HRSC2016-MS AND DOTA DATASETS, RESPECTIVELY.",NA,NA,NA,0,NA
"10.1109/icicsp62589.2024.10809310",2024,"CHEN D;JU R;LIU X;LIU J;MONTH = S","TRANSFORMER ENHANCED YOLO NETWORK FOR SHIP DETECTION IN OPTICAL REMOTE SENSING IMAGES",NA,"SHIP DETECTION IN OPTICAL REMOTE SENSING IMAGES POSES CHALLENGES SUCH AS COMPLEX SCENES, LARGE TARGET SCALE DIFFERENCES, AND IMPERFECT FINE-GRAINED CLASSIFICATION. DEEP LEARNING METHODS LIKE YOLO HAVE PROVIDED EFFECTIVE SOLUTIONS. WITH EMERGING DETECTION APPROACHES LIKE TRANSFORMERS ACHIEVING NEW BREAKTHROUGHS IN ACCURACY, THIS STUDY PROPOSES AN ENHANCED DETECTION MODEL BY INCORPORATING TRANSFORMER INTO YOLO NETWORK. THE MODEL REPLACES THE BACKBONE OF YOLOV5S WITH SWINTRANSFORMER-TINY AND REFINES THE LOSS FUNCTION TO WISE-IOU, TAILORED FOR REMOTE SENSING IMAGES AND SHIP TARGETS. EXPERIMENTAL VERIFICATION ON SELF-CURATED SINGLE-CATEGORY DATASET LEVIR-SHIP AND MULTI-CATEGORY DATASET HRSC-4 SHOWS THAT THE COMPREHENSIVE METRIC MAP50 VALUES HAVE INCREASED FROM 93.8\% AND 96.2\% TO 95.2\% AND 96.5\%, RESPECTIVELY. BOTH PRECISION (P) AND RECALL (R) VALUES HAVE SIGNIFICANTLY IMPROVED. THERE IS ALSO SOME ENHANCEMENT IN FINE-GRAINED CLASSIFICATION METRICS ON THE HRSC-4 DATASET. THE NEWLY IMPROVED MODEL DEMONSTRATES GOOD PERFORMANCE.",NA,NA,NA,2770,NA
"10.1109/icip.2017.8296411",2017,"LIU Z;HU J;WENG L;YANG Y;MONTH = S","ROTATED REGION BASED CNN FOR SHIP DETECTION",NA,"THE STATE-OF-THE-ART OBJECT DETECTION NETWORKS FOR NATURAL IMAGES HAVE RECENTLY DEMONSTRATED IMPRESSIVE PERFORMANCES. HOWEVER THE COMPLEXITY OF SHIP DETECTION IN HIGH RESOLUTION SATELLITE IMAGES EXPOSES THE LIMITED CAPACITY OF THESE NETWORKS FOR STRIP-LIKE ROTATED ASSEMBLED OBJECT DETECTION WHICH ARE COMMON IN REMOTE SENSING IMAGES. IN THIS PAPER, WE EMBRACE THIS OBSERVATION AND INTRODUCE THE ROTATED REGION BASED CNN (RR-CNN), WHICH CAN LEARN AND ACCURATELY EXTRACT FEATURES OF ROTATED REGIONS AND LOCATE ROTATED OBJECTS PRECISELY. RR-CNN HAS THREE IMPORTANT NEW COMPONENTS INCLUDING A ROTATED REGION OF INTEREST (RROI) POOLING LAYER, A ROTATED BOUNDING BOX REGRESSION MODEL AND A MULTI-TASK METHOD FOR NON-MAXIMAL SUPPRESSION (NMS) BETWEEN DIFFERENT CLASSES. EXPERIMENTAL RESULTS ON THE PUBLIC SHIP DATASET HRSC2016 CONFIRM THAT RR-CNN OUTPERFORMS BASELINES BY A LARGE MARGIN.",NA,NA,NA,2381,NA
"10.1109/iciptm54933.2022.9754168",2022,"ANUSHA C;RUPA C;SAMHITHA G;MONTH = F","REGION BASED DETECTION OF SHIPS FROM REMOTE SENSING SATELLITE IMAGERY USING DEEP LEARNING",NA,"SHIP DETECTION IN SATELLITE IMAGERY IS AN IMPORTANT APPLICATION IN MARINE TIME SECURITY. THIS CAN ALSO BE MAJORLY USED IN SEA POLLUTION CONTROL, OIL LEAKAGE DETECTION AND OTHER ILLEGAL FISHERIES. A DEEP LEARNING APPROACH CAN BE USED TO DETECT THE SHIPS FROM SATELLITE IMAGERY. FOR THIS, PRE-PROCESSING USING IMAGE SEGMENTATION IS DONE FOLLOWED BY THE BOUNDING BOX DETECTION FROM YOLOV3. THIS IS DONE ON A KAGGLE SHIP DATASET WITH 231722 IMAGES. AFTER PASSING THE TRAINING SET TO THE MODEL, THE MODEL CAN DETECT THE REGION OF SHIP FOLLOWED BY COUNT OF SHIPS IN THE GIVEN IMAGE. THIS CAN BE TESTED WITH OTHER DEEP LEARNING APPROACHES TO INCREASE THE DETECTION ACCURACY. FURTHERMORE, THE DETECTION REGION AND THE COUNT OF SHIPS CAN BE PASSED TO A HASH FUNCTION WHICH IN TURN INCREASES THE SECURITY OF THE MODEL.",NA,NA,NA,0,NA
"10.1109/icpeca60615.2024.10471059",2024,"LI P;MONTH = J","A DEEP LEARNING-BASED REMOTE SENSING IMAGE RECOGNITION MODEL FOR SHIPS",NA,"WITH THE RAPID DEVELOPMENT OF REMOTE SENSING TECHNOLOGY, REMOTE SENSING SATELLITE IMAGE DATASETS HAVE BECOME AN IMPORTANT RESOURCE FOR RESEARCH, PROVIDING RICH DATA FOR THE ACQUISITION OF SURFACE INFORMATION. HOWEVER, FOR VESSEL DETECTION AND IDENTIFICATION, IT IS USUALLY VERY DIFFICULT TO DISTINGUISH THE BACKGROUND OF THE PICTURE FROM THE VESSEL IN HIGH-RESOLUTION OPTICAL IMAGES, WHICH LEADS TO A LARGE NUMBER OF FALSE ALARM PROBLEMS. IN THIS STUDY, WE AIM TO SOLVE THE PROBLEM OF VESSEL IMAGE CLASSIFICATION IN REMOTE SENSING IMAGES BY USING A DATASET CONTAINING 20,000 IMAGES. IN THIS PAPER, BILATERAL FILTER IS CHOSEN AS THE FILTERING METHOD TO MAXIMIZE THE CLARITY OF VESSEL EDGES. IN THIS PAPER, ROTATION AND FLIPPING ARE MAINLY CHOSEN TO ENHANCE THE IMAGES. IN THIS PAPER, THE CONVOLUTIONAL NEURAL NETWORK (CNN) MODEL AND THE TRANSFORMER CLASSIFICATION MODEL VIT ARE CONSTRUCTED RESPECTIVELY, AND THEIR PERFORMANCE IS EVALUATED. AND THE PERFORMANCE OF THE TWO MODELS IS COMPARED BY TRAINING ON DIFFERENT SIZED DATASETS. WHEN THE NUMBER OF DATASETS IS 2.0\TEXTBACKSLASHTIMES 10⁴, THE RECOGNITION ACCURACY OF TRANSFORMER CLASSIFICATION MODEL VIT IS HIGHER THAN 90.2\%, WHICH EFFECTIVELY SOLVES THE PROBLEM OF VESSEL RECOGNITION IN REMOTE SENSING IMAGES.",NA,NA,NA,0,NA
"10.1109/icsidp62679.2024.10868341",2024,"XUE R;LI C;WU T","GEO SAR ROTATED TARGET DETECTION BASED ON EDGE ENHANCEMENT AND FEATURE ALIGNMENT CONVOLUTION","","WITH THE ADVANTAGES OF LARGE IMAGING SWATH, LONG OBSERVATION TIME AND SHORT REVISIT PERIOD, GEOSYNCHRONOUS ORBIT SYNTHETIC APERTURE RADAR (GEO SAR) PLAYS A SIGNIFICANT ROLE IN LARGE-SCALE OBSERVATION AND MARITIME SURVEILLANCE. TO FIGURE OUT THE ISSUES OF LOW RANGE-RESOLUTION, IMAGE DISTORTION AND TARGET DEFOCUS IN GEO SAR SHIP TARGET DETECTION, THIS PAPER PROPOSES A GEO SAR ROTATED TARGET DETECTION METHOD BASED ON EDGE ENHANCEMENT AND FEATURE ALIGNMENT CONVOLUTION. FIRSTLY, THE EDGE FEATURES ARE EXTRACTED AND FUSED WITH CONTEXT FEATURES BY CHANNEL PRIORITY ATTENTION MECHANISM. TO REGISTER THE OBJECT WITH ARBITRARY POSE WITH THE HORIZONTAL CONVOLUTIONAL KERNELS, THE ROTATED ANCHORS ARE PREDICTED BY FEATURE ALIGNMENT CONVOLUTIONAL NETWORK, WHERE THE FEATURE MAPS ARE ADJUSTED ACCORDING TO THE ANCHOR POSES. FINALLY, THE HIGH-PRECISION BOUNDING BOX AND CLASSIFICATION RESULTS ARE OBTAINED BY A TWO-STREAM DETECTION HEAD. IN THIS PAPER, WE PRODUCED A SIMULATED GEO SAR SHIP TARGET DETECTION DATA SET. THE EXPERIMENT SHOWS THAT THE PROPOSED METHOD IMPROVES THE AVERAGE PRECISION FOR 1.8% ON FOCUS TARGET AND 6.1% ON DEFOCUS TARGET COMPARED WITH THE TRADITIONAL METHODS. © 2024 IEEE.","CONFERENCE PAPER",NA,"CONVOLUTIONAL NEURAL NETWORK; DEEP LEARNING; EDGE EXTRACTION; GEOSYNCHRONOUS ORBIT SATELLITE; SYNTHETIC APERTURE RADAR; TARGET DETECTION",0,NA
"10.1109/icsip61881.2024.10671463",2024,"LI D;ZHAO Z","SAR SHIP CLASSIFICATION BASED ON SECOND-ORDER SYNCHROSQUEEZING TRANSFORM AND HOG FEATURE","2024 9TH INTERNATIONAL CONFERENCE ON SIGNAL AND IMAGE PROCESSING, ICSIP","ACCURATE CLASSIFICATION AND IDENTIFICATION OF VESSELS IN REMOTE SENSING SATELLITE IMAGERY IS CRITICAL FOR OCEAN MONITORING AND RESOURCE MANAGEMENT. THE ABILITY TO EXTRACT INFORMATION FROM REMOTE-SENSING DATA IS OF PARAMOUNT IMPORTANCE. TO EXPLOIT THE NON-STATIONARY CHARACTERISTICS OF SYNTHETIC APERTURE RADAR (SAR) TARGET, A COMPREHENSIVE SAR SHIP RECOGNITION FRAMEWORK IS DESIGNED BY COMBING THE SECOND-ORDER SYNCHROSQUEEZING TRANSFORM (SST), AN EFFECTIVE NON-STATIONARY SIGNAL PROCESSING TOOL, WITH THE HISTOGRAM OF ORIENTED GRADIENT (HOG) FEATURE IN THIS PAPER. FIRSTLY, THE SECOND-ORDER SST IS PERFORMED ON SAR IMAGES TO DESCRIBE THE NON-STATIONARY CHARACTERISTICS OF SHIPS AT DIFFERENT TIMES AND FREQUENCIES. SECONDLY, HOG FEATURES ARE UTILIZED TO EFFECTIVELY EXTRACT THE NON-STATIONARY INFORMATION OF SAR SHIPS AND PROVIDE MORE DISCRIMINATIVE INPUT FOR THE DEEP LEARNING NETWORK. THEN, THE OPTIMAL RESNET MODEL IS SELECTED AS THE CONVOLUTIONAL NEURAL NETWORK (CNN) CLASSIFIER TO AUTOMATICALLY FUSE THE NON-STATIONARY FEATURES AND ABSTRACT FEATURES OF SAR SHIPS. EXPERIMENTS ON TWO OPEN SAR SHIP DATASETS (OPENSARSHIP AND FUSAR-SHIP) SHOW THAT THE PROPOSED METHOD ACHIEVES ACCURATE CLASSIFICATION AND OUTPERFORMS THE STATE-OF-THE-ART (SOTA) CNN-BASED METHODS IN TERMS OF ROBUSTNESS AND GENERALIZATION ABILITY. THE POSITIVE EFFECT OF NON-STATIONARY CHARACTERISTICS ON SAR SHIP CLASSIFICATION IS VERIFIED.","PROCEEDINGS PAPER","9TH INTERNATIONAL CONFERENCE ON SIGNAL AND IMAGE PROCESSING (ICSIP)","SYNTHETIC APERTURE RADAR (SAR); SHIP CLASSIFICATION; NON-STATIONARY SIGNAL PROCESSING; TIME-FREQUENCY ANALYSIS (TFA); HISTOGRAM OF ORIENTED GRADIENT (HOG); CONVOLUTIONAL NEURAL NETWORK (CNN)",2,"COMPUTER SCIENCE"
"10.1109/icsip61881.2024.10671463",2024,"LI D;ZHAO Z","SAR SHIP CLASSIFICATION BASED ON SECOND-ORDER SYNCHROSQUEEZING TRANSFORM AND HOG FEATURE","","ACCURATE CLASSIFICATION AND IDENTIFICATION OF VESSELS IN REMOTE SENSING SATELLITE IMAGERY IS CRITICAL FOR OCEAN MONITORING AND RESOURCE MANAGEMENT. THE ABILITY TO EXTRACT INFORMATION FROM REMOTE-SENSING DATA IS OF PARAMOUNT IMPORTANCE. TO EXPLOIT THE NON-STATIONARY CHARACTERISTICS OF SYNTHETIC APERTURE RADAR (SAR) TARGET, A COMPREHENSIVE SAR SHIP RECOGNITION FRAMEWORK IS DESIGNED BY COMBING THE SECOND-ORDER SYNCHROSQUEEZING TRANSFORM (SST), AN EFFECTIVE NON-STATIONARY SIGNAL PROCESSING TOOL, WITH THE HISTOGRAM OF ORIENTED GRADIENT (HOG) FEATURE IN THIS PAPER. FIRSTLY, THE SECOND-ORDER SST IS PERFORMED ON SAR IMAGES TO DESCRIBE THE NON-STATIONARY CHARACTERISTICS OF SHIPS AT DIFFERENT TIMES AND FREQUENCIES. SECONDLY, HOG FEATURES ARE UTILIZED TO EFFECTIVELY EXTRACT THE NON-STATIONARY INFORMATION OF SAR SHIPS AND PROVIDE MORE DISCRIMINATIVE INPUT FOR THE DEEP LEARNING NETWORK. THEN, THE OPTIMAL RESNET MODEL IS SELECTED AS THE CONVOLUTIONAL NEURAL NETWORK (CNN) CLASSIFIER TO AUTOMATICALLY FUSE THE NON-STATIONARY FEATURES AND ABSTRACT FEATURES OF SAR SHIPS. EXPERIMENTS ON TWO OPEN SAR SHIP DATASETS (OPENSARSHIP AND FUSAR-SHIP) SHOW THAT THE PROPOSED METHOD ACHIEVES ACCURATE CLASSIFICATION AND OUTPERFORMS THE STATE-OF-THE-ART (SOTA) CNN-BASED METHODS IN TERMS OF ROBUSTNESS AND GENERALIZATION ABILITY. THE POSITIVE EFFECT OF NON-STATIONARY CHARACTERISTICS ON SAR SHIP CLASSIFICATION IS VERIFIED. © 2024 IEEE.","CONFERENCE PAPER",NA,"CONVOLUTIONAL NEURAL NETWORK (CNN); HISTOGRAM OF ORIENTED GRADIENT (HOG); NON-STATIONARY SIGNAL PROCESSING; SHIP CLASSIFICATION; SYNTHETIC APERTURE RADAR (SAR); TIME-FREQUENCY ANALYSIS (TFA)",2,NA
"10.1109/icus55513.2022.9986765",2022,"ZHANG Y;CHI Y;FAN Y;MONTH = O","HIGHLY ADAPTIVE SHIP DETECTION BASED ON ARBITRARY QUADRILATERAL BOUNDING BOX",NA,"WITH THE RAPID DEVELOPMENT OF SPACE REMOTE SENSING TECHNOLOGY, ACCURATE SHIP DETECTION BASED ON HIGH-RESOLUTION OPTICAL REMOTE SENSING IMAGES HAS STEADILY ATTRACTED CONSIDERABLE RESEARCH INTEREST. HOWEVER, MOST OF THE CURRENT METHODS ADOPT A FIXED HORIZONTAL DETECTION FRAME TO PREDICT THE TARGET. ALTHOUGH THESE METHODS HAVE GOOD DETECTION ACCURACY, BECAUSE THE SHIP'S ORIENTATION IS ARBITRARY IN REALITY, A LARGE ERROR OCCURS IN THE MATCHING DEGREE OF THE DETECTION EFFECTIVE AREA, RESULTING IN INACCURATE TARGET DETECTION. THEREFORE, THIS PAPER PROPOSES A SHIP DETECTION ALGORITHM BASED ON AN ARBITRARY QUADRILATERAL PREDICTION FRAME. WE REDEFINE THE LOSS FUNCTION AND DIRECTLY PREDICT THE DETECTION FRAME'S FOUR VERTICES THROUGH THE DESIGNED EIGHT-PARAMETER REGRESSION PROCESS. IN ADDITION, THE CONVOLUTIONAL BLOCK ATTENTION MODULE (CBAM) IS INTRODUCED TO OPTIMIZE THE ORIGINAL NETWORK STRUCTURE, AND THE CLUSTERING METHOD IS USED TO OPTIMIZE THE CALCULATION OF THE ANCHOR POINT. TO REPLACE THE INTERSECTION OVER UNION (IOU), WHICH CANNOT DISTINGUISH DIFFERENT ALIGNMENTS OF OBJECTS, WE ADOPT A GENERALIZED INTERSECTION OVER UNION (GIOU). FINALLY, WE CONDUCT EXPERIMENTS BASED ON THE DOTA SHIP DATASET AND THE HRSC2016 DATASET. THE RESULTS SHOW THAT OUR METHOD IS BETTER THAN YOLOV3 AND OTHER COMMONLY USED TARGET DETECTION ALGORITHMS IN TERMS OF ACCURACY AND VISUALIZATION. MEANWHILE, WE COMPARED WITH SOTA ALGORITHM IN REAL-TIME AND DENSE SHIP DETECTION. EXPERIMENTAL RESULTS PROVE THAT ITS SPEED AND PERFORMANCE ON MOBILE PLATFORM ARE IN THE LEAD, AND IT HAS A GREAT EFFECT ON DENSE SHIP DETECTION.",NA,NA,NA,2771,NA
"10.1109/ies50839.2020.9231539",2020,"PRAYUDI A;SULISTIJONO I;RISNUMAWAN A;DAROJAH Z;MONTH = S","SURVEILLANCE SYSTEM FOR ILLEGAL FISHING PREVENTION ON UAV IMAGERY USING COMPUTER VISION",NA,"INDONESIA HAS A VAST OCEAN WITH AN ABUNDANCE OF FISHES WITH ITS NATURAL ENVIRONMENTS. THOSE ABUNDANCES HAVE TO BE CONSERVED TO PREVENT FURTHER DESTRUCTION OF THE ENVIRONMENT, WHICH CAN RESULT IN THE EXTINCTION OF THE SURROUNDING LIVING THINGS. THE GOVERNMENT HAD DEPLOYED A VESSEL MONITORING SYSTEM, BUT ILLEGAL FISHING STILL HARDLY BEEN CONTROLLED. IN THIS PAPER, TOWARD CONSERVING THE FISHES AND ESPECIALLY THE ENVIRONMENT, WE PRESENT A SURVEILLANCE SYSTEM FRAMEWORK FROM AERIAL IMAGES USING DRONES TECHNOLOGY. WE DEVELOP A SURVEILLANCE SYSTEM USING ONLY VISUAL INFORMATION FROM THE CAMERA INSTALLED ON THE UAV AND THE DESIGN OF THE CONVOLUTIONAL LAYER FOR ACCURATE DETECTION. PARAMETERS ARE LEARNED AUTOMATICALLY WITHOUT MANUALLY HAND-TUNED PARAMETERS BECAUSE THE LEARNING PROCESS IS PURE FROM VISUAL DATA THAT LEARNED, SO THAT MAKES THE SURVEILLANCE AND INVESTIGATION PROCESS EASIER. EXPERIMENT SHOW RELATIVELY WELL THAT THE PROPOSED METHOD SUCCESSFULLY REACHES AVERAGE PRECISION (AP)=75.03\%, AND HULL PLATE CLASSIFICATION REACHES AVERAGE MATCHING PRECISION (AMP)=96.44\%, AND WE BELIEVE IT COULD BRING MANY BENEFITS FOR THE MINISTRY OF FISHERIES AND MARINE AFFAIRS INDONESIA FOR IDENTIFYING THE ILLEGAL VESSELS AND REDUCE THE NUMBER OF ILLEGAL FISHING.",NA,NA,NA,0,NA
"10.1109/igarss39084.2020.9323265",2020,"RAN B;YOU Y;LI Z;LIU F","ARBITRARY-ORIENTED SHIP DETECTION METHOD BASED ON IMPROVED REGRESSION MODEL FOR TARGET DIRECTION DETECTION NETWORK","IGARSS 2020 - 2020 IEEE INTERNATIONAL GEOSCIENCE AND REMOTE SENSING SYMPOSIUM","ARBITRARY-ORIENTED SHIP DETECTION IS ONE OF THE MAIN APPLICATIONS OF HIGH-RESOLUTION REMOTE SENSING IMAGES. THE CURRENT TARGET DIRECTION DETECTION METHODS, BASED ON DEEP CONVOLUTION NEURAL NETWORK (DCNN), CAN ESTIMATE MOST OF THE SHIP DIRECTIONS (I.E. REPRESENTED BY ANGLES). HOWEVER, THE PERFORMANCE OF THESE NETWORKS IS LIMITED BY THE BOUNDARY DISCONTINUITY PROBLEM DUE TO THE ANGLE-BASED REGRESSION MODEL. IN THIS PAPER, WE PROPOSE AN IMPROVED REGRESSION MODEL BASED ON COORDINATES IN THE COMPLEX PLANE TO SOLVE THE BOUNDARY DISCONTINUITY PROBLEM. EXPERIMENTS ON REAL REMOTE SENSING DATASET VERIFY THE EFFECTIVENESS AND ROBUSTNESS OF OUR METHOD.","PROCEEDINGS PAPER","IEEE INTERNATIONAL GEOSCIENCE AND REMOTE SENSING SYMPOSIUM (IGARSS)","SHIP DETECTION; REGRESSION MODEL; REMOTE SENSING; DEEP LEARNING",1,"COMPUTER SCIENCE; ENVIRONMENTAL SCIENCES & ECOLOGY; GEOLOGY; REMOTE SENSING; OPTICS"
"10.1109/igarss39084.2020.9323265",2020,"RAN B;YOU Y;LI Z;LIU F","ARBITRARY-ORIENTED SHIP DETECTION METHOD BASED ON IMPROVED REGRESSION MODEL FOR TARGET DIRECTION DETECTION NETWORK","INTERNATIONAL GEOSCIENCE AND REMOTE SENSING SYMPOSIUM (IGARSS)","ARBITRARY-ORIENTED SHIP DETECTION IS ONE OF THE MAIN APPLICATIONS OF HIGH-RESOLUTION REMOTE SENSING IMAGES. THE CURRENT TARGET DIRECTION DETECTION METHODS, BASED ON DEEP CONVOLUTION NEURAL NETWORK (DCNN), CAN ESTIMATE MOST OF THE SHIP DIRECTIONS (I.E. REPRESENTED BY ANGLES). HOWEVER, THE PERFORMANCE OF THESE NETWORKS IS LIMITED BY THE BOUNDARY DISCONTINUITY PROBLEM DUE TO THE ANGLE-BASED REGRESSION MODEL. IN THIS PAPER, WE PROPOSE AN IMPROVED REGRESSION MODEL BASED ON COORDINATES IN THE COMPLEX PLANE TO SOLVE THE BOUNDARY DISCONTINUITY PROBLEM. EXPERIMENTS ON REAL REMOTE SENSING DATASET VERIFY THE EFFECTIVENESS AND ROBUSTNESS OF OUR METHOD. © 2020 IEEE.","CONFERENCE PAPER",NA,"DEEP LEARNING; REGRESSION MODEL; REMOTE SENSING; SHIP DETECTION",3,NA
"10.1109/igarss46834.2022.9883167",2022,"POVOLI S;DI D M;MACINA F;AVOLIO C;ZAVAGLI M;COSTANTINI M;BRUZZONE L","A DEEP LEARNING APPROACH TO SHIP DETECTION AND CHARACTERIZATION FROM MULTIRESOLUTION SATELLITE SAR IMAGES","2022 IEEE INTERNATIONAL GEOSCIENCE AND REMOTE SENSING SYMPOSIUM (IGARSS 2022)","SHIP DETECTION USING SYNTHETIC APERTURE RADAR IMAGES IS A KEY TECHNOLOGY IN MARITIME SURVEILLANCE APPLICATIONS. IN ADDITION TO THE POSITION OF THE VESSEL, THE CHARACTERIZATION OF THE TARGET (LENGTH, WIDTH AND ORIENTATION) IS OFTEN A REQUIREMENT. IN THIS PAPER, WE PRESENT A DEEP LEARNING ARCHITECTURE FOR OBJECT DETECTION WE DEVELOPED BY MODIFYING THE POPULAR YOLOV3 ARCHITECTURE TO APPLY TO VESSEL DETECTION AND PARAMETER ESTIMATION FROM SAR IMAGES. THE PROPOSED ARCHITECTURE WAS TRAINED AND TESTED ON A LARGE DATASET OF SAR IMAGES DEFINED IN THIS WORK. IT CONTAINS IMAGES COVERING A WIDE RANGE OF SPATIAL RESOLUTIONS (PIXEL SPACING RANGING FROM 1.5M TO 50M) AND LABELLED WITH ORIENTED BOUNDING BOXES TO ASSOCIATE TO EACH VESSEL NOT ONLY ITS POSITION BUT ALSO SIZE AND ORIENTATION. THE OBTAINED RESULTS ARE VERY PROMISING AND CONFIRM THE VALIDITY OF THE APPROACH.","PROCEEDINGS PAPER","IEEE INTERNATIONAL GEOSCIENCE AND REMOTE SENSING SYMPOSIUM (IGARSS)","SHIP DETECTION; SAR; SHIP CHARACTERIZATION; ORIENTED YOLOV3",2,"GEOLOGY; REMOTE SENSING"
"10.1109/igarss46834.2022.9883167",2022,"POVOLI S;DI D M;MACINA F;AVOLIO C;ZAVAGLI M;COSTANTINI M;BRUZZONE L","A DEEP LEARNING APPROACH TO SHIP DETECTION AND CHARACTERIZATION FROM MULTIRESOLUTION SATELLITE SAR IMAGES","INTERNATIONAL GEOSCIENCE AND REMOTE SENSING SYMPOSIUM (IGARSS)","SHIP DETECTION USING SYNTHETIC APERTURE RADAR IMAGES IS A KEY TECHNOLOGY IN MARITIME SURVEILLANCE APPLICATIONS. IN ADDITION TO THE POSITION OF THE VESSEL, THE CHARACTERIZATION OF THE TARGET (LENGTH, WIDTH AND ORIENTATION) IS OFTEN A REQUIREMENT. IN THIS PAPER, WE PRESENT A DEEP LEARNING ARCHITECTURE FOR OBJECT DETECTION WE DEVELOPED BY MODIFYING THE POPULAR YOLOV3 ARCHITECTURE TO APPLY TO VESSEL DETECTION AND PARAMETER ESTIMATION FROM SAR IMAGES. THE PROPOSED ARCHITECTURE WAS TRAINED AND TESTED ON A LARGE DATASET OF SAR IMAGES DEFINED IN THIS WORK. IT CONTAINS IMAGES COVERING A WIDE RANGE OF SPATIAL RESOLUTIONS (PIXEL SPACING RANGING FROM 1.5M TO 50M) AND LABELLED WITH ORIENTED BOUNDING BOXES TO ASSOCIATE TO EACH VESSEL NOT ONLY ITS POSITION BUT ALSO SIZE AND ORIENTATION. THE OBTAINED RESULTS ARE VERY PROMISING AND CONFIRM THE VALIDITY OF THE APPROACH. © 2022 IEEE.","CONFERENCE PAPER",NA,"ORIENTED YOLOV3; SAR; SHIP CHARACTERIZATION; SHIP DETECTION",2,NA
"10.1109/igarss46834.2022.9884501",2022,"ZHOU Y;JIANG X;LI Z;LIU X","BENCHMARK FOR ARBITRARY-ORIENTED SAR SHIP DETECTION","2022 IEEE INTERNATIONAL GEOSCIENCE AND REMOTE SENSING SYMPOSIUM (IGARSS 2022)","A GROWING NUMBER OF RESEARCHERS HAVE BEGUN TO USE ARBITRARY-ORIENTED DETECTORS TO DETECT SHIPS. BECAUSE IN THE REMOTE SENSING DATASET, SHIPS ARE SHOWN TO BE NARROW AND DENSE. MOST OF THE DEEP LEARNING METHODS USED IN SYNTHETIC APERTURE RADAR (SAR) SHIP DETECTION ARE THE SAME AS OR VARIANTS OF THOSE OF OPTICAL REMOTE SENSING. HOWEVER, THE EXPERIMENTAL SETTINGS OF DIFFERENT PAPERS ARE DIFFERENT. THEREFORE, VARIOUS ARBITRARY-ORIENTED TARGET DETECTORS CAN NOT BE COMPARED FAIRLY ON THE SAR DATASET. TO SOLVE THIS PROBLEM, WE DEVELOPED AN ARBITRARY-ORIENTED SAR SHIP DETECTION BENCHMARK, WHICH PROVIDES STRONG BASELINES AND STATE-OF-THE-ART METHODS IN ROTATION DETECTION. ALL BENCHMARK METHODS ARE TESTED ON RSSDD DATASETS, AND THE CODE IS PUBLICLY RELEASED AT HTTPS://GITHUB.COM/OPEN-MMLAB/MMROTATE. MEANWHILE, THIS PAPER FURTHER EXPLORES THE ROLE OF IMAGENET PRETRAINED WEIGHT IN SAR TARGET DETECTION AND TRIES TO TRAIN THE SAR PRETRAINED WEIGHT THROUGH UNSUPERVISED LEARNING.","PROCEEDINGS PAPER","IEEE INTERNATIONAL GEOSCIENCE AND REMOTE SENSING SYMPOSIUM (IGARSS)","SAR; TARGET DETECTION; UNSUPERVISED LEARNING; BENCHMARK",3,"GEOLOGY; REMOTE SENSING"
"10.1109/igarss46834.2022.9884501",2022,"ZHOU Y;JIANG X;LI Z;LIU X","BENCHMARK FOR ARBITRARY-ORIENTED SAR SHIP DETECTION","INTERNATIONAL GEOSCIENCE AND REMOTE SENSING SYMPOSIUM (IGARSS)","A GROWING NUMBER OF RESEARCHERS HAVE BEGUN TO USE ARBITRARY-ORIENTED DETECTORS TO DETECT SHIPS. BECAUSE IN THE REMOTE SENSING DATASET, SHIPS ARE SHOWN TO BE NARROW AND DENSE. MOST OF THE DEEP LEARNING METHODS USED IN SYNTHETIC APERTURE RADAR (SAR) SHIP DETECTION ARE THE SAME AS OR VARIANTS OF THOSE OF OPTICAL REMOTE SENSING. HOWEVER, THE EXPERIMENTAL SETTINGS OF DIFFERENT PAPERS ARE DIFFERENT. THEREFORE, VARIOUS ARBITRARY-ORIENTED TARGET DETECTORS CAN NOT BE COMPARED FAIRLY ON THE SAR DATASET. TO SOLVE THIS PROBLEM, WE DEVELOPED AN ARBITRARY-ORIENTED SAR SHIP DETECTION BENCHMARK, WHICH PROVIDES STRONG BASELINES AND STATE-OF-THE-ART METHODS IN ROTATION DETECTION. ALL BENCHMARK METHODS ARE TESTED ON RSSDD DATASETS, AND THE CODE IS PUBLICLY RELEASED AT HTTPS://GITHUB.COM/OPEN-MMLAB/MMROTATE. MEANWHILE, THIS PAPER FURTHER EXPLORES THE ROLE OF IMAGENET PRETRAINED WEIGHT IN SAR TARGET DETECTION AND TRIES TO TRAIN THE SAR PRETRAINED WEIGHT THROUGH UNSUPERVISED LEARNING. © 2022 IEEE.","CONFERENCE PAPER",NA,"BENCHMARK; SAR; TARGET DETECTION; UNSUPERVISED LEARNING",3,NA
"10.1109/igarss46834.2022.9884682",2022,"WANG S;SUN H;ZHU Y;LI M;XU Q;MONTH = J","SA-YOLO: THE SALIENCY ADJUSTED DEEP NETWORK FOR OPTICAL SATELLITE IMAGE SHIP DETECTION",NA,"SHIP DETECTION FROM REMOTE SENSING IMAGES PLAYS AN IMPORTANT ROLE IN MILITARY AND CIVILIAN FIELDS. HOWEVER, SINCE THE SMALL SIZE OF SHIP TARGETS AND THE INTERFERENCE OF CLOUD COVER, THIS TASK STILL SUFFERS FROM GREAT MISSED DETECTION AND FALSE-ALARM. TO TACKLE THESE PROBLEMS, A SALIENCY ADJUSTED YOLO (SA-YOLO) FOR OPTICAL SATELLITE IMAGE SHIP DETECTION IS DEVELOPED. FIRST, DUE TO THE FACT THAT THE SHIP IN LOW RESOLUTION IMAGERY CAN BE REGARDED AS A SALIENT OBJECT, WE DESIGNED A SALIENCY GUIDED DENSE SAMPLING LAYER (SDSL) TO IMPROVE THE SPATIAL SAMPLING OF SMALL SHIP TARGETS. SECONDLY, THE SALIENCY REGION-AWARE CONVOLUTION (SACONV) STRATEGY IS DESIGNED TO IMPROVE THE REPRESENTATION CAPABILITY OF SALIENT REGIONS AND INCREASE THE ATTENTION OF NETWORK TO THESE REGIONS. WE VALIDATED THE PROPOSED METHOD USING MORE THAN 2000 REMOTE SENSING IMAGES FROM GF-1 SATELLITE. THE EXPERIMENTAL RESULTS DEMONSTRATED THAT THE PROPOSED METHOD OBTAINED A BETTER DETECTION PERFORMANCE THAN THE STATE-OF-THE-ART METHODS.",NA,NA,NA,2153,NA
"10.1109/igarss46834.2022.9884868",2022,"ZHOU W;JIA H;XIAO X;XU F","SAR SHIP DETECTION NETWORK INCORPORATING CFAR PREPROCESSING","2022 IEEE INTERNATIONAL GEOSCIENCE AND REMOTE SENSING SYMPOSIUM (IGARSS 2022)","WITH THE CONTINUOUS DEVELOPMENT OF DEEP LEARNING (DL), SHIP DETECTION IN SAR (SYNTHETIC APERTURE RADAR) IMAGES BASED ON CONVOLUTIONAL NEURAL NETWORKS (CNN) HAS BECOME A COMMON APPROACH. CNNS WITH COMPLEX STRUCTURES HAVE ACHIEVED GOOD PERFORMANCE IN SAR IMAGES, BUT FACE CHALLENGES SUCH AS HIGH TIME CONSUMPTION AND HIGH FALSE ALARM RATE, BECAUSE OF THE SPARSITY OF SHIPS IN THE REMOTE SENSING IMAGES. IN THIS PAPER, A ROTATED SHIP DETECTION NETWORK BASED ON THE CFAR (CONSTANT FALSE ALARM RATE) PREPROCESSING IS PROPOSED TO ADDRESS THESE PROBLEMS. IT FIRST USES A CFAR PREPROCESSING TO FAST NARROW DOWN THE SCOPE OF DETECTION SO AS TO SAVE PROCESSING TIME. THEN, A CLASSIFICATION NETWORK IS DESIGNED TO REDUCE THE FALSE ALARM RATE. THE EXPERIMENT RESULTS BASED ON THE GAOFEN-3(GF-3) DATASET SHOW THAT THE PROPOSED METHOD CAN REDUCE THE FALSE ALARM RATE GREATLY AND USE MUCH LESS CPU TIME.","PROCEEDINGS PAPER","IEEE INTERNATIONAL GEOSCIENCE AND REMOTE SENSING SYMPOSIUM (IGARSS)","SHIP DETECTION; SYNTHETIC APERTURE RADAR (SAR); DEEP LEARNING; CFAR PREPROCESSING",3,"GEOLOGY; REMOTE SENSING"
"10.1109/igarss46834.2022.9884868",2022,"ZHOU W;JIA H;XIAO X;XU F","SAR SHIP DETECTION NETWORK INCORPORATING CFAR PREPROCESSING","INTERNATIONAL GEOSCIENCE AND REMOTE SENSING SYMPOSIUM (IGARSS)","WITH THE CONTINUOUS DEVELOPMENT OF DEEP LEARNING (DL), SHIP DETECTION IN SAR (SYNTHETIC APERTURE RADAR) IMAGES BASED ON CONVOLUTIONAL NEURAL NETWORKS (CNN) HAS BECOME A COMMON APPROACH. CNNS WITH COMPLEX STRUCTURES HAVE ACHIEVED GOOD PERFORMANCE IN SAR IMAGES, BUT FACE CHALLENGES SUCH AS HIGH TIME CONSUMPTION AND HIGH FALSE ALARM RATE, BECAUSE OF THE SPARSITY OF SHIPS IN THE REMOTE SENSING IMAGES. IN THIS PAPER, A ROTATED SHIP DETECTION NETWORK BASED ON THE CFAR (CONSTANT FALSE ALARM RATE) PREPROCESSING IS PROPOSED TO ADDRESS THESE PROBLEMS. IT FIRST USES A CFAR PREPROCESSING TO FAST NARROW DOWN THE SCOPE OF DETECTION SO AS TO SAVE PROCESSING TIME. THEN, A CLASSIFICATION NETWORK IS DESIGNED TO REDUCE THE FALSE ALARM RATE. THE EXPERIMENT RESULTS BASED ON THE GAOFEN-3(GF-3) DATASET SHOW THAT THE PROPOSED METHOD CAN REDUCE THE FALSE ALARM RATE GREATLY AND USE MUCH LESS CPU TIME. © 2022 IEEE.","CONFERENCE PAPER",NA,"CFAR PREPROCESSING; DEEP LEARNING; SHIP DETECTION; SYNTHETIC APERTURE RADAR (SAR)",5,NA
"10.1109/igarss47720.2021.9553737",2021,"ZHOU Y;JIANG X;LIE Z;LIU X","ARBITRARY-ORIENTED SAR SHIP DETECTION VIA FREQUENCY LEARNING","2021 IEEE INTERNATIONAL GEOSCIENCE AND REMOTE SENSING SYMPOSIUM IGARSS","A GROWING NUMBER OF RESEARCHERS BEGIN TO USE THE ARBITRARY-ORIENTED DETECTOR TO DETECT SHIPS. BECAUSE IN THE REMOTE SENSING DATASET, SHIPS ARE SHOWN TO BE NARROW AND DENSE. MOST OF THE DEEP LEARNING METHODS USED IN SYNTHETIC APERTURE RADAR (SAR) SHIP DETECTION ARE THE SAME AS OR VARIANTS OF THOSE OF OPTICAL REMOTE SENSING. HOWEVER, DUE TO THE RELATIVELY LOW RESOLUTION AND SIGNAL-TO-NOISE RATIO, THE AMPLITUDE INFORMATION IN SAR IMAGE BECOMES MORE CONTAMINATED THAN THAT IN OPTICAL IMAGE. THEREFORE, IT IS VERY DIFFICULT TO TRAIN THE ARBITRARY-ORIENTED TARGET DETECTION TASK BASED ON SAR DATASET. IN ORDER TO SOLVE THIS PROBLEM, WE ATTEMPT TO FURTHER EXTRACT THE FREQUENCY DOMAIN FEATURES OF THE SAR IMAGE BY INTRODUCING A FREQUENCY ATTENTION MODULE. THE DISCRETE COSINE TRANSFORM (DCT) TO CONVERTS SAR IMAGE FROM SPATIAL DOMAIN TO FREQUENCY DOMAIN. EXPERIMENTAL RESULTS ON HRSID DATASETS SHOW THAT THE PROPOSED METHOD CAN SIGNIFICANTLY IMPROVE THE PERFORMANCE OF ARBITRARY-ORIENTED SAR SHIP DETECTION.","PROCEEDINGS PAPER","IEEE INTERNATIONAL GEOSCIENCE AND REMOTE SENSING SYMPOSIUM (IGARSS)","SAR; TARGET DETECTION; FREQUENCY LEARNING; HRSID",1,"GEOLOGY; INSTRUMENTS & INSTRUMENTATION; METEOROLOGY & ATMOSPHERIC SCIENCES"
"10.1109/igarss47720.2021.9553737",2021,"ZHOU Y;JIANG X;LI Z;LIU X","ARBITRARY-ORIENTED SAR SHIP DETECTION VIA FREQUENCY LEARNING","INTERNATIONAL GEOSCIENCE AND REMOTE SENSING SYMPOSIUM (IGARSS)","A GROWING NUMBER OF RESEARCHERS BEGIN TO USE THE ARBITRARY-ORIENTED DETECTOR TO DETECT SHIPS. BECAUSE IN THE REMOTE SENSING DATASET, SHIPS ARE SHOWN TO BE NARROW AND DENSE. MOST OF THE DEEP LEARNING METHODS USED IN SYNTHETIC APERTURE RADAR (SAR) SHIP DETECTION ARE THE SAME AS OR VARIANTS OF THOSE OF OPTICAL REMOTE SENSING. HOWEVER, DUE TO THE RELATIVELY LOW RESOLUTION AND SIGNAL-TO-NOISE RATIO, THE AMPLITUDE INFORMATION IN SAR IMAGE BECOMES MORE CONTAMINATED THAN THAT IN OPTICAL IMAGE. THEREFORE, IT IS VERY DIFFICULT TO TRAIN THE ARBITRARY-ORIENTED TARGET DETECTION TASK BASED ON SAR DATASET. IN ORDER TO SOLVE THIS PROBLEM, WE ATTEMPT TO FURTHER EXTRACT THE FREQUENCY DOMAIN FEATURES OF THE SAR IMAGE BY INTRODUCING A FREQUENCY ATTENTION MODULE. THE DISCRETE COSINE TRANSFORM (DCT) TO CONVERTS SAR IMAGE FROM SPATIAL DOMAIN TO FREQUENCY DOMAIN. EXPERIMENTAL RESULTS ON HRSID DATASETS SHOW THAT THE PROPOSED METHOD CAN SIGNIFICANTLY IMPROVE THE PERFORMANCE OF ARBITRARY-ORIENTED SAR SHIP DETECTION. © 2021 IEEE","CONFERENCE PAPER",NA,"FREQUENCY LEARNING; HRSID; SAR; TARGET DETECTION",9,NA
"10.1109/igarss47720.2021.9554931",2021,"YIN R;XU Q;DING Y;MONTH = J","SHIP DETECTION FROM OPTICAL REMOTE SENSING IMAGERY BASED ON SCENE CLASSIFICATION AND SALIENCY-TUNED RETINANET",NA,"DUE TO THE VARIATION OF OCEAN SCENE, SUCH AS THIN CLOUD OCCLUSION, THICK CLOUD AND SEA SURFACE CLUTTER INTERFERENCES, SHIP DETECTION FROM OPTICAL REMOTE SENSING IMAGES OFTEN SUFFER FROM HIGH FALSE ALARM RATE. AS A CONSEQUENCE, A SHIP DETECTION METHOD BASED ON BACKGROUND CLASSIFICATION AND SALIENCY-TUNED RETINANET IS PROPOSED TO ADDRESS THIS PROBLEM. FIRST, THE OCEAN SCENE IS DIVIDED INTO FOUR CATEGORIES: THIN CLOUD AND FOG OCCLUSION SCENE, THICK CLOUD INTERFERENCE SCENE, SHORE SCENE AND CALM SEA SCENE BY A DESIGNED SCENE CLASSIFICATION MODULE (SCM). SECOND, A MULTI-SCALE SALIENCY FEATURE FUSION MODULE (MSFM) IS DESIGNED TO PROVIDE MORE DISCRIMINATIVE FEATURES FOR SHIP DETECTION. IN PARTICULAR, BY ASSOCIATING SALIENCY MAPS AND FEATURE MAPS, OUR PROPOSED MSFM CAN EFFECTIVELY SUPPRESS BACKGROUNDS NOISE. FINALLY, THE MSFM ARE INTEGRATED INTO THE ROTATION SINGLE-STAGE DETECTOR TO EFFECTIVELY IDENTIFY ARBITRARY-ORIENTED SHIPS FROM COMPLEX OCEAN SCENE. EXTENSIVE EXPERIMENTS ON OPTICAL REMOTE SENSING DATASET DEMONSTRATED THAT THE PROPOSED METHOD CAN OBTAIN BETTER DETECTION PERFORMANCE THAN THE STATE-OF-THE-ART METHODS AND ACHIEVED A COMPARABLE DETECTION SPEED.",NA,NA,NA,2153,NA
"10.1109/igarss52108.2023.10283133",2023,"WU S;ZHANG Y;TIAN T;TIAN J","DFRI:DETECTION AND FINE-GRAINED RECOGNITION INTEGRATED NETWORK FOR INSHORE SHIP","IGARSS 2023 - 2023 IEEE INTERNATIONAL GEOSCIENCE AND REMOTE SENSING SYMPOSIUM","REMOTE SENSING SHIP DETECTION IS OF GREAT IMPORTANCE FOR THE APPLICATIONS OF MARITIME TRANSPORT AND PRECISION GUIDANCE. HOWEVER, THE BACKGROUND INTERFERENCE ON LAND, THE LARGE SIMILARITY BETWEEN SHIP CLASSES, AND THE ARBITRARY ORIENTATION OF SHIPS ALL POSE SERIOUS CHALLENGES FOR INSHORE SHIP DETECTION. TO SOLVE THE PROBLEM OF COMPLEX AND DIVERSE LAND BACKGROUNDS AND SEA CONDITIONS, WE USE THE CONTEXTUAL ATTENTION MODULE TO ENHANCE THE SHIP TARGET FEATURES. IN ADDITION, A ROTATION-INVARIANT FEATURE EXTRACTION AND FUSION MODULE IS INTRODUCED TO MAKE THE FEATURES DIRECTIONALLY INVARIANT AND INCREASE THE INTER-CLASS DISTANCE BY FUSING GLOBAL FEATURES WITH LOCAL FEATURES. FINALLY, THE FEATURE DECOUPLED MODULE IS REDESIGNED TO RESOLVE THE CONFLICT BETWEEN TARGET DETECTION AND FINE-GRAINED RECOGNITION. EXPERIMENTAL RESULTS SHOW THAT OUR PROPOSED INTEGRATED MODEL FOR INSHORE SHIP DETECTION AND FINE-GRAINED RECOGNITION IMPROVES MAP BY ABOUT 6% COMPARED TO THE CURRENT BASELINE MODEL.","PROCEEDINGS PAPER","IEEE INTERNATIONAL GEOSCIENCE AND REMOTE SENSING SYMPOSIUM (IGARSS)","SHIP DETECTION; FINE-GRAINED RECOGNITION; INSHORE SHIP; DEEP LEARNING",2,"GEOLOGY; INSTRUMENTS & INSTRUMENTATION; REMOTE SENSING"
"10.1109/igarss52108.2023.10283262",2023,"ZHAO N;SHI J;ZHANG H;JIANG Z","ROTATED SHIP DETECTION BASED ON DENSE POINTS IN HIGH RESOLUTION REMOTE SENSING IMAGES","IGARSS 2023 - 2023 IEEE INTERNATIONAL GEOSCIENCE AND REMOTE SENSING SYMPOSIUM","THE RAPID DEVELOPMENT OF REMOTE SENSING TECHNOLOGY HAS PROVIDED CONVENIENT CONDITIONS FOR OBTAINING ABUNDANT RESEARCH DATA. THE USE OF VISIBLE LIGHT REMOTE SENSING IMAGES FOR SHIP DETECTION HAS PROFOUND SIGNIFICANCE IN THE FIELDS OF PORT MANAGEMENT, MARITIME RESCUE, AND MILITARY INVESTIGATION. OUR PAPER FOCUSES ON THE SHORTCOMINGS OF CURRENT WAY OF SHIP POSITIONING EXPRESSION AND USES DEEP LEARNING TO STUDY THE ROTATED SHIP DETECTION TASK. A KIND OF SHIP DETECTION ALGORITHM BASED ON DENSE POINTS RELATED TO THE POSITION OF SHIPS IS PROPOSED TO SOLVE THE PROBLEM OF ANGLE BOUNDARY AND VERTEX SORTING AMBIGUITY IN CURRENT ROTATED OBJECT DETECTION METHODS. OUR METHOD ACHIEVES 92.4 MAP ON THE HRSC2016 DATASET, RANKING AMONG THE TOP IN SIMILAR STUDIES.","PROCEEDINGS PAPER","IEEE INTERNATIONAL GEOSCIENCE AND REMOTE SENSING SYMPOSIUM (IGARSS)","ROTATED SHIP DETECTION; DENSE POINTS; DEEP LEARNING; REMOTE SENSING IMAGES",1,"GEOLOGY; INSTRUMENTS & INSTRUMENTATION; REMOTE SENSING"
"10.1109/igarss52108.2023.10283262",2023,"ZHAO N;SHI J;ZHANG H;JIANG Z","ROTATED SHIP DETECTION BASED ON DENSE POINTS IN HIGH RESOLUTION REMOTE SENSING IMAGES","INTERNATIONAL GEOSCIENCE AND REMOTE SENSING SYMPOSIUM (IGARSS)","THE RAPID DEVELOPMENT OF REMOTE SENSING TECHNOLOGY HAS PROVIDED CONVENIENT CONDITIONS FOR OBTAINING ABUNDANT RESEARCH DATA. THE USE OF VISIBLE LIGHT REMOTE SENSING IMAGES FOR SHIP DETECTION HAS PROFOUND SIGNIFICANCE IN THE FIELDS OF PORT MANAGEMENT, MARITIME RESCUE, AND MILITARY INVESTIGATION. OUR PAPER FOCUSES ON THE SHORTCOMINGS OF CURRENT WAY OF SHIP POSITIONING EXPRESSION AND USES DEEP LEARNING TO STUDY THE ROTATED SHIP DETECTION TASK. A KIND OF SHIP DETECTION ALGORITHM BASED ON DENSE POINTS RELATED TO THE POSITION OF SHIPS IS PROPOSED TO SOLVE THE PROBLEM OF ANGLE BOUNDARY AND VERTEX SORTING AMBIGUITY IN CURRENT ROTATED OBJECT DETECTION METHODS. OUR METHOD ACHIEVES 92.4 MAP ON THE HRSC2016 DATASET, RANKING AMONG THE TOP IN SIMILAR STUDIES. © 2023 IEEE.","CONFERENCE PAPER",NA,"DEEP LEARNING; DENSE POINTS; REMOTE SENSING IMAGES; ROTATED SHIP DETECTION",0,NA
"10.1109/igarss53475.2024.10641796",2024,"LA T;PHAM M;CHINI M;MONTH = J","INSIGHT INTO THE COLLOCATION OF MULTI-SOURCE SATELLITE IMAGERY FOR MULTI-SCALE VESSEL DETECTION",NA,"SHIP DETECTION FROM SATELLITE IMAGERY USING DEEP LEARNING (DL) IS AN INDISPENSABLE SOLUTION FOR MARITIME SURVEILLANCE. HOWEVER, APPLYING DL MODELS TRAINED ON ONE DATASET TO OTHERS HAVING DIFFERENCES IN SPATIAL RESOLUTION AND RADIOMETRIC FEATURES REQUIRES MANY ADJUSTMENTS. TO OVERCOME THIS ISSUE, THIS PAPER FOCUSED ON THE DL MODELS TRAINED ON DATASETS THAT CONSIST OF DIFFERENT OPTICAL IMAGES AND A COMBINATION OF RADAR AND OPTICAL DATA. WHEN DEALING WITH A LIMITED NUMBER OF TRAINING IMAGES, THE PERFORMANCE OF DL MODELS VIA THIS APPROACH WAS SATISFACTORY. THEY COULD IMPROVE 5–20\% OF AVERAGE PRECISION, DEPENDING ON THE OPTICAL IMAGES TESTED. LIKEWISE, DL MODELS TRAINED ON THE COMBINED OPTICAL AND RADAR DATASET COULD BE APPLIED TO BOTH OPTICAL AND RADAR IMAGES. OUR EXPERIMENTS SHOWED THAT THE MODELS TRAINED ON AN OPTICAL DATASET COULD BE USED FOR RADAR IMAGES, WHILE THOSE TRAINED ON A RADAR DATASET OFFERED VERY POOR SCORES WHEN APPLIED TO OPTICAL IMAGES.",NA,NA,NA,2153,NA
"10.1109/ispcem57418.2022.00079",2022,"LECHEN C;MONTH = N","IS-NET: IMPROVED SHIP DETECTOR BASED ON RETINANET",NA,"SHIP DETECTION HAS IMPORTANT PRACTICAL SIGNIFICANCE IN MILITARY AND LIVELIHOOD FIELDS, AND THE RAPID IDENTIFICATION AND ACCURATE POSITIONING OF SHIPS HELP MONITOR MARITIME TRAFFIC, THUS ENSURING MARITIME NAVIGATION SAFETY AND SAFEGUARDING NATIONAL MARITIME RIGHTS AND INTERESTS. HOWEVER, IN PRACTICAL SCENARIOS, THE ARRANGEMENT OF SHIPS MOSTLY HAS THE CHARACTERISTICS OF DENSE AND DIFFERENT DIRECTIONS, WHICH MAKES THE HORIZONTAL FRAME DETECTION NO LONGER APPLICABLE TO SHIP DETECTION. THEREFORE, IN THIS PAPER, WE USE AN IMPROVED ROTATING FRAME DETECTION NETWORK BASED ON RETINANET, NAMED IS-NET. IN ORDER TO FULLY EXTRACT SHIP FEATURES TO IMPROVE DETECTION ACCURACY, THE CONVNEXT NETWORK IS USED AS THE BACKBONE NETWORK. IN ADDITION, WE USE KULLBACK-LEIBLER DIVERGENCE (KLD) AS THE REGRESSION LOSS. KLD (AND ITS DERIVATIVE) CAN DYNAMICALLY ADJUST THE PARAMETER GRADIENT ACCORDING TO THE CHARACTERISTICS OF THE OBJECT, WHICH MAKES THE REGRESSION EFFECT MORE ACCURATE. IN THIS PAPER, WE USE THE WELL-KNOWN HRSC2016 DATASET, AND A LARGE NUMBER OF ABLATION EXPERIMENTS SHOW THAT IS-NET HAS EXCELLENT DETECTION ACCURACY.",NA,NA,NA,0,NA
"10.1109/jmass.2023.3234076",2023,"GAO Y;CHE Z;LI L;GAO J;BI F","DEEP SPATIAL FEATURE TRANSFORMATION FOR ORIENTED AERIAL OBJECT DETECTION","IEEE JOURNAL ON MINIATURIZATION FOR AIR AND SPACE SYSTEMS","OBJECT DETECTION IN AERIAL IMAGES HAS RECEIVED EXTENSIVE ATTENTION IN THE FIELD OF COMPUTER VISION. DIFFERENT FROM NATURAL IMAGES, THE AERIAL OBJECTS ARE USUALLY DISTRIBUTED IN ANY DIRECTION. THEREFORE, THE EXISTING DETECTOR USUALLY NEEDS MORE PARAMETERS TO ENCODE THE DIRECTION INFORMATION, RESULTING IN A LARGE NUMBER OF REDUNDANT CALCULATIONS. IN ADDITION, BECAUSE AN ORDINARY CONVOLUTION NEURAL NETWORK (CNN) DOES NOT EFFECTIVELY MODEL THE DIRECTION CHANGE, A LARGE AMOUNT OF THE ROTATED DATA IS REQUIRED FOR THE AERIAL DETECTOR. TO SOLVE THESE PROBLEMS, WE PROPOSE A DEEP SPATIAL FEATURE TRANSFORMATION NETWORK (DSFT-NET), WHICH INCLUDES A SPATIAL FEATURE EXTRACTION MODULE AND A FEATURE SELECTION MODULE. SPECIFICALLY, WE ADD THE ROTATION CONVOLUTION KERNEL TO THE DETECTOR TO EXTRACT THE DIRECTIONAL FEATURE OF THE ROTATED TARGET TO ACCURATELY PREDICT THE DIRECTION OF THE MODEL. THEN, WE BUILD A DUAL PYRAMID TO SEPARATE THE FEATURES IN THE CLASSIFICATION AND REGRESSION TASKS. FINALLY, THE POLARIZATION FUNCTION IS PROPOSED TO CONSTRUCT THE CRITICAL FEATURES THAT ARE SUITABLE FOR THEIR RESPECTIVE TASKS, ACHIEVING FEATURE SELECTION AND MORE REFINED DETECTION. EXPERIMENTS ON PUBLIC REMOTE SENSING BENCHMARKS (E.G., DOTA, HRSC2016, AND UCAS-AOD) HAVE PROVED THE EFFECTIVENESS OF OUR DETECTOR.","ARTICLE",NA,"FEATURE EXTRACTION; DETECTORS; TASK ANALYSIS; CONVOLUTION; SHAPE; KERNEL; CONVOLUTIONAL NEURAL NETWORKS; CONVOLUTIONAL NEURAL NETWORK; ORIENTED OBJECT DETECTION; REMOTE SENSING IMAGES; ROTATION ALIGNMENT",3,"ENGINEERING; REMOTE SENSING"
"10.1109/jstars.2021.3104230",2021,"ZHANG Z;ZHANG L;WANG Y;FENG P;HE R","SHIPRSIMAGENET: A LARGE-SCALE FINE-GRAINED DATASET FOR SHIP DETECTION IN HIGH-RESOLUTION OPTICAL REMOTE SENSING IMAGES","IEEE JOURNAL OF SELECTED TOPICS IN APPLIED EARTH OBSERVATIONS AND REMOTE SENSING","SHIP DETECTION IN OPTICAL REMOTE SENSING IMAGES HAS POTENTIAL APPLICATIONS IN NATIONAL MARITIME SECURITY, FISHING, AND DEFENSE. MANY DETECTORS, INCLUDING COMPUTER VISION AND GEOSCIENCE-BASED METHODS, HAVE BEEN PROPOSED IN THE PAST DECADE. RECENTLY, DEEP-LEARNING-BASED ALGORITHMS HAVE ALSO ACHIEVED GREAT SUCCESS IN THE FIELD OF SHIP DETECTION. HOWEVER, MOST OF THE EXISTING DETECTORS FACE DIFFICULTIES IN COMPLEX ENVIRONMENTS, SMALL SHIP DETECTION, AND FINE-GRAINED SHIP CLASSIFICATION. ONE REASON IS THAT EXISTING DATASETS HAVE SHORTCOMINGS IN TERMS OF THE INADEQUATE NUMBER OF IMAGES, FEW SHIP CATEGORIES, IMAGE DIVERSITY, AND INSUFFICIENT VARIATIONS. THIS ARTICLE PUBLISHES A PUBLIC SHIP DETECTION DATASET, NAMELY SHIPRSIMAGENET, WHICH CONTRIBUTES AN ACCURATELY LABELED DATASET IN DIFFERENT SCENES WITH VARIANT CATEGORIES AND IMAGE SOURCES. THE PROPOSED SHIPRSIMAGENET CONTAINS OVER 3435 IMAGES WITH 17 573 SHIP INSTANCES IN 50 CATEGORIES, ELABORATELY ANNOTATED WITH BOTH HORIZONTAL AND ORIENTATED BOUNDING BOXES BY EXPERTS. FROM OUR KNOWLEDGE, UP TO NOW, THE PROPOSED SHIPRSIMAGENET IS THE LARGEST REMOTE SENSING DATASET FOR SHIP DETECTION. MOREOVER, SEVERAL STATE-OF-THE-ART DETECTION ALGORITHMS ARE EVALUATED ON OUR PROPOSED SHIPRSIMAGENET DATASET TO GIVE A BENCHMARK FOR DEEP-LEARNING-BASED SHIP DETECTION METHODS, WHICH IS VALUABLE FOR ASSESSING ALGORITHM IMPROVEMENT.1",NA,NA,NA,0,NA
"10.1109/jstars.2021.3120009",2021,"MA X;JI K;XIONG B;ZHANG L;FENG S;KUANG G","LIGHT-YOLOV4: AN EDGE-DEVICE ORIENTED TARGET DETECTION METHOD FOR REMOTE SENSING IMAGES","IEEE JOURNAL OF SELECTED TOPICS IN APPLIED EARTH OBSERVATIONS AND REMOTE SENSING","MOST DEEP-LEARNING-BASED TARGET DETECTION METHODS HAVE HIGH COMPUTATIONAL COMPLEXITY AND MEMORY CONSUMPTION, AND THEY ARE DIFFICULT TO DEPLOY ON EDGE DEVICES WITH LIMITED COMPUTING RESOURCES AND MEMORY. TO TACKLE THIS PROBLEM, THIS ARTICLE PROPOSES TO LEARN A LIGHTWEIGHT DETECTOR NAMED LIGHT-YOLOV4, AND IT IS OBTAINED FROM YOLOV4 THROUGH MODEL COMPRESSION. TO THIS END, FIRST, WE PERFORM SPARSITY TRAINING BY APPLYING L1 REGULARIZATION TO THE CHANNEL SCALING FACTORS, SO THE LESS IMPORTANT CHANNELS AND LAYERS CAN BE FOUND. SECOND, CHANNEL PRUNING AND LAYER PRUNING ARE ENFORCED ON THE NETWORK TO PRUNE THE LESS IMPORTANT PARTS, WHICH COULD SIGNIFICANTLY REDUCE NETWORK'S WIDTH AND DEPTH. THIRD, THE PRUNED MODEL IS RETRAINED WITH A KNOWLEDGE DISTILLATION METHOD TO IMPROVE THE DETECTION ACCURACY. FOURTH, THE MODEL IS QUANTIZED FROM FP32 TO FP16, AND IT COULD FURTHER ACCELERATE THE MODEL WITH ALMOST NO LOSS OF DETECTION ACCURACY. FINALLY, TO EVALUATE LIGHT-YOLOV4'S PERFORMANCE ON EDGE DEVICES, LIGHT-YOLOV4 IS DEPLOYED ON NVIDIA JETSON TX2. EXPERIMENTS ON THE SAR SHIP DETECTION DATASET (SSDD) DEMONSTRATE THAT THE MODEL SIZE, PARAMETER SIZE, AND FLOPS OF LIGHT-YOLOV4 HAVE BEEN REDUCED BY 98.63%, 98.66%, AND 91.30% COMPARED WITH YOLOV4, AND THE DETECTION SPEED HAS BEEN INCREASED TO 4.2X. WHILE THE DETECTION ACCURACY OF LIGHT-YOLOV4 IS ONLY SLIGHTLY REDUCED, FOR EXAMPLE, THE MAP HAS ONLY REDUCED BY 0.013. BESIDES, EXPERIMENTS ON THE GAOFEN AIRPLANE DATASET ALSO PROVE THE FEASIBILITY OF LIGHT-YOLOV4. MOREOVER, COMPARED WITH OTHER STATE-OF-THE-ART METHODS, SUCH AS SSD AND FPN, LIGHT-YOLOV4 IS MORE SUITABLE FOR EDGE DEVICES.","ARTICLE",NA,"OBJECT DETECTION; IMAGE EDGE DETECTION; TRAINING; REMOTE SENSING; DETECTORS; FEATURE EXTRACTION; QUANTIZATION (SIGNAL); EDGE DEVICE; MODEL COMPRESSION; NVIDIA JETSON TX2; REMOTE SENSING; TARGET DETECTION; YOLOV4",86,"ENGINEERING; PHYSICAL GEOGRAPHY; REMOTE SENSING; IMAGING SCIENCE & PHOTOGRAPHIC TECHNOLOGY"
"10.1109/jstars.2021.3120009",2021,"MA X;JI K;XIONG B;ZHANG L;FENG S;KUANG G","LIGHT-YOLOV4: AN EDGE-DEVICE ORIENTED TARGET DETECTION METHOD FOR REMOTE SENSING IMAGES","IEEE JOURNAL OF SELECTED TOPICS IN APPLIED EARTH OBSERVATIONS AND REMOTE SENSING","MOST DEEP-LEARNING-BASED TARGET DETECTION METHODS HAVE HIGH COMPUTATIONAL COMPLEXITY AND MEMORY CONSUMPTION, AND THEY ARE DIFFICULT TO DEPLOY ON EDGE DEVICES WITH LIMITED COMPUTING RESOURCES AND MEMORY. TO TACKLE THIS PROBLEM, THIS ARTICLE PROPOSES TO LEARN A LIGHTWEIGHT DETECTOR NAMED LIGHT-YOLOV4, AND IT IS OBTAINED FROM YOLOV4 THROUGH MODEL COMPRESSION. TO THIS END, FIRST, WE PERFORM SPARSITY TRAINING BY APPLYING L1 REGULARIZATION TO THE CHANNEL SCALING FACTORS, SO THE LESS IMPORTANT CHANNELS AND LAYERS CAN BE FOUND. SECOND, CHANNEL PRUNING AND LAYER PRUNING ARE ENFORCED ON THE NETWORK TO PRUNE THE LESS IMPORTANT PARTS, WHICH COULD SIGNIFICANTLY REDUCE NETWORK'S WIDTH AND DEPTH. THIRD, THE PRUNED MODEL IS RETRAINED WITH A KNOWLEDGE DISTILLATION METHOD TO IMPROVE THE DETECTION ACCURACY. FOURTH, THE MODEL IS QUANTIZED FROM FP32 TO FP16, AND IT COULD FURTHER ACCELERATE THE MODEL WITH ALMOST NO LOSS OF DETECTION ACCURACY. FINALLY, TO EVALUATE LIGHT-YOLOV4'S PERFORMANCE ON EDGE DEVICES, LIGHT-YOLOV4 IS DEPLOYED ON NVIDIA JETSON TX2. EXPERIMENTS ON THE SAR SHIP DETECTION DATASET (SSDD) DEMONSTRATE THAT THE MODEL SIZE, PARAMETER SIZE, AND FLOPS OF LIGHT-YOLOV4 HAVE BEEN REDUCED BY 98.63%, 98.66%, AND 91.30% COMPARED WITH YOLOV4, AND THE DETECTION SPEED HAS BEEN INCREASED TO 4.2×. WHILE THE DETECTION ACCURACY OF LIGHT-YOLOV4 IS ONLY SLIGHTLY REDUCED, FOR EXAMPLE, THE MAP HAS ONLY REDUCED BY 0.013. BESIDES, EXPERIMENTS ON THE GAOFEN AIRPLANE DATASET ALSO PROVE THE FEASIBILITY OF LIGHT-YOLOV4. MOREOVER, COMPARED WITH OTHER STATE-OF-THE-ART METHODS, SUCH AS SSD AND FPN, LIGHT-YOLOV4 IS MORE SUITABLE FOR EDGE DEVICES. © 2008-2012 IEEE.","ARTICLE",NA,"EDGE DEVICE; MODEL COMPRESSION; NVIDIA JETSON TX2; REMOTE SENSING; TARGET DETECTION; YOLOV4",101,NA
"10.1109/jstars.2021.3125834",2021,"SHAO J;YANG Q;LUO C;LI R;ZHOU Y;ZHANG F","VESSEL DETECTION FROM NIGHTTIME REMOTE SENSING IMAGERY BASED ON DEEP LEARNING","IEEE JOURNAL OF SELECTED TOPICS IN APPLIED EARTH OBSERVATIONS AND REMOTE SENSING","THE CONTINUOUS AND RAPID DETECTION OF SEA VESSELS ON A LARGE SCALE IS OF GREAT IMPORTANCE IN MARINE TRAFFIC MANAGEMENT, RESOURCE PROTECTION, AND RIGHTS MAINTENANCE. NIGHTTIME REMOTE SENSING CAN REFLECT HUMAN ACTIVITIES DURING THE NIGHT WITH A WIDE SWATH AND HIGH EFFICIENCY, WHICH IS UNIQUE FOR VESSEL DETECTION. DEEP LEARNING ALGORITHMS HAVE ALREADY DEMONSTRATED SUPERIOR PERFORMANCE IN MANY FIELDS, BUT IT IS CONFRONTED WITH SOME PROBLEMS WHEN APPLIED TO VESSEL DETECTION WITH NIGHTTIME REMOTE SENSING IMAGERY, INCLUDING THE LACK OF LABELED DATASET, THE MISSED DETECTION OF SMALL VESSELS, AND FALSE ALARMS OF LAND TARGETS. IN THIS ARTICLE, FIRST, THE NIGHTTIME REMOTE SENSING IMAGERY WAS COLLECTED AND THE SEA VESSELS IN IT WERE LABELED. SECOND, TO ENHANCE THE DETECTION PERFORMANCE OF SMALL VESSELS, A MODIFIED YOLOV5 ALGORITHM—TASFF-YOLOV5 WAS PROPOSED, WHICH WAS SUPPLEMENTED WITH A TINY TARGET DETECTION LAYER AND A FOUR-LAYER ADAPTIVELY SPATIAL FEATURE FUSION NETWORK TO OBTAIN A BETTER FEATURE FUSION. THIRD, A LAND MASK OPERATION BASED ON THE SEA–LAND PRIOR DATABASE WAS PERFORMED TO ELIMINATE THE FALSE ALARMS OF THE LAND LIGHTS. THE EXPERIMENTAL RESULTS SHOWED THAT THE PROPOSED TASFF-YOLOV5 COULD EFFECTIVELY IMPROVE THE PRECISION, RECALL, AND MAP0.5 ON THE VESSEL DATASET, ACHIEVING 95.2\%, 93.1\%, AND 94.9\% RESPECTIVELY.",NA,NA,NA,0,NA
"10.1109/jstars.2021.3128184",2021,"LEE S;LEE K","EFFICIENT GENERATION OF ARTIFICIAL TRAINING DB FOR SHIP DETECTION USING SATELLITE SAR IMAGES","IEEE JOURNAL OF SELECTED TOPICS IN APPLIED EARTH OBSERVATIONS AND REMOTE SENSING","IN THIS ARTICLE, WE PROPOSE AN EFFECTIVE SCHEME TO GENERATE AN ARTIFICIAL TRAINING DATABASE (DB) TO MITIGATE THE DEFICIENCY IN THE AMOUNT OF TRAINING DB FOR SHIP DETECTION USING SATELLITE SYNTHETIC APERTURE RADAR (SAR) IMAGES. IN THE PROPOSED SCHEME, SAR SIGNATURES OF SHIP TARGETS ARE FIRST OBTAINED FROM TWO DIFFERENT TYPES OF IMAGE: 1) KOREA MULTIPURPOSE SATELLITE-5 IMAGES WITH AUTOMATIC IDENTIFICATION SYSTEM INFORMATION AND 2) SIMULATED SAR IMAGES THAT ARE ACQUIRED USING ELECTROMAGNETIC NUMERICAL ANALYSIS. THEN, THE SHIP SIGNATURES ARE COMBINED WITH SEA CLUTTER MODELS TO GENERATE REALISTIC SAR PATCHES. FOR OVERALL SHIP DETECTION TASKS (I.E., TRAINING AND TESTING), THE ORIENTED BOUNDING BOX CONCEPT WAS ADOPTED TO APPROPRIATELY REPRESENT SLENDER SHIP TARGETS IN SAR IMAGES. WHEN COMPARED WITH THE RASH COLLECTION OF A LARGE NUMBER OF REAL SAR IMAGES, THE PROPOSED SCHEME IS MORE EFFICIENT IN TERMS OF COST AND TIME. EXPERIMENTAL RESULTS DEMONSTRATED THAT THE PROPOSED METHOD CAN CONSIDERABLY AID IN INCREASING THE SHIP DETECTION CAPACITY OF DEEP LEARNING MODELS. THUS, IT IS EXPECTED THAT THE PROPOSED SCHEME CAN BE USEFULLY EXPLOITED TO SOLVE THE LACK OF THE AMOUNT OF TRAINING DB.","ARTICLE",NA,"MARINE VEHICLES; ARTIFICIAL INTELLIGENCE; TRAINING; RADAR POLARIMETRY; SYNTHETIC APERTURE RADAR; SATELLITES; RELIABILITY; ELECTROMAGNETIC NUMERICAL ANALYSIS (EMNA); SATELLITE SYNTHETIC APERTURE RADAR; SHIP DETECTION; SYNTHETIC APERTURE RADAR (SAR) REMOTE SENSING",11,"ENGINEERING; PHYSICAL GEOGRAPHY; REMOTE SENSING; IMAGING SCIENCE & PHOTOGRAPHIC TECHNOLOGY"
"10.1109/jstars.2021.3128184",2021,"LEE S;LEE K","EFFICIENT GENERATION OF ARTIFICIAL TRAINING DB FOR SHIP DETECTION USING SATELLITE SAR IMAGES","IEEE JOURNAL OF SELECTED TOPICS IN APPLIED EARTH OBSERVATIONS AND REMOTE SENSING","IN THIS ARTICLE, WE PROPOSE AN EFFECTIVE SCHEME TO GENERATE AN ARTIFICIAL TRAINING DATABASE (DB) TO MITIGATE THE DEFICIENCY IN THE AMOUNT OF TRAINING DB FOR SHIP DETECTION USING SATELLITE SYNTHETIC APERTURE RADAR (SAR) IMAGES. IN THE PROPOSED SCHEME, SAR SIGNATURES OF SHIP TARGETS ARE FIRST OBTAINED FROM TWO DIFFERENT TYPES OF IMAGE: 1) KOREA MULTIPURPOSE SATELLITE-5 IMAGES WITH AUTOMATIC IDENTIFICATION SYSTEM INFORMATION AND 2) SIMULATED SAR IMAGES THAT ARE ACQUIRED USING ELECTROMAGNETIC NUMERICAL ANALYSIS. THEN, THE SHIP SIGNATURES ARE COMBINED WITH SEA CLUTTER MODELS TO GENERATE REALISTIC SAR PATCHES. FOR OVERALL SHIP DETECTION TASKS (I.E., TRAINING AND TESTING), THE ORIENTED BOUNDING BOX CONCEPT WAS ADOPTED TO APPROPRIATELY REPRESENT SLENDER SHIP TARGETS IN SAR IMAGES. WHEN COMPARED WITH THE RASH COLLECTION OF A LARGE NUMBER OF REAL SAR IMAGES, THE PROPOSED SCHEME IS MORE EFFICIENT IN TERMS OF COST AND TIME. EXPERIMENTAL RESULTS DEMONSTRATED THAT THE PROPOSED METHOD CAN CONSIDERABLY AID IN INCREASING THE SHIP DETECTION CAPACITY OF DEEP LEARNING MODELS. THUS, IT IS EXPECTED THAT THE PROPOSED SCHEME CAN BE USEFULLY EXPLOITED TO SOLVE THE LACK OF THE AMOUNT OF TRAINING DB. © 2008-2012 IEEE.","ARTICLE",NA,"ELECTROMAGNETIC NUMERICAL ANALYSIS (EMNA); SATELLITE SYNTHETIC APERTURE RADAR; SHIP DETECTION; SYNTHETIC APERTURE RADAR (SAR) REMOTE SENSING",13,NA
"10.1109/jstars.2022.3158905",2022,"YU D;XU Q;GUO H;XU J;LU J;LIN Y;LIU X","ANCHOR-FREE ARBITRARY-ORIENTED OBJECT DETECTOR USING BOX BOUNDARY-AWARE VECTORS","IEEE JOURNAL OF SELECTED TOPICS IN APPLIED EARTH OBSERVATIONS AND REMOTE SENSING","CHARACTERIZED BY COMPLICATED BACKGROUNDS, VARIOUS TYPES, LARGE SIZE VARIATIONS, AND ARBITRARY ORIENTATIONS, THE DETECTION AND RECOGNITION OF ARBITRARY-ORIENTED OBJECTS IN REMOTE SENSING IMAGES ARE CHALLENGING. TO ADDRESS THE AFOREMENTIONED PROBLEM, AN ANCHOR-FREE ARBITRARY-ORIENTED OBJECT DETECTOR USING BOX BOUNDARY-AWARE VECTORS IS PROPOSED. WITH THE IDEA OF CENTERNET TO DETECT OBJECTS AS POINTS, ORIENTED OBJECT DETECTION IS ACHIEVED BY PREDICTING THE CENTER, THE BOX BOUNDARY-AWARE VECTORS, THE SIZE, AND THE TYPE OF THE BOUNDING BOX. IN THE FEATURE EXTRACTION STAGE OF THE DESIGNED ARCHITECTURE, RES2NET, A MULTISCALE CONVOLUTIONAL NEURAL NETWORK, IS USED TO EXTRACT FEATURE MAPS OF DIFFERENT SCALES AND ADAPTIVELY SPATIAL FEATURE FUSION IS ADOPTED TO IMPROVE THE DETECTOR'S ADAPTABILITY TO OBJECTS OF DIFFERENT SIZES. IN THE DETECTOR, A CONTEXT ENHANCEMENT MODULE WITH A MULTIBRANCH NETWORK IS DESIGNED TO ENHANCE THE CONTEXTUAL INFORMATION OF THE OBJECTS AND IMPROVE THE DETECTOR'S ROBUSTNESS TO THE COMPLICATED BACKGROUNDS. EXPERIMENTS ARE CARRIED ON THREE CHALLENGING BENCHMARKS (I.E., HRSC2016, UCAS-AOD, AND DOTA) AND OUR METHOD ACHIEVES STATE-OF-THE-ART PERFORMANCE WITH 90.30\%, 89.70\%, AND 77.18\% MAP, RESPECTIVELY.",NA,NA,NA,0,NA
"10.1109/jstars.2022.3176141",2022,"XU Q;LI Y;SHI Z","LMO-YOLO: A SHIP DETECTION MODEL FOR LOW-RESOLUTION OPTICAL SATELLITE IMAGERY","IEEE JOURNAL OF SELECTED TOPICS IN APPLIED EARTH OBSERVATIONS AND REMOTE SENSING","IT HAS BEEN OBSERVED THAT THE EXISTING CONVOLUTIONAL NEURAL NETWORK (CNN)-BASED SHIP DETECTION MODELS OFTEN RESULT IN HIGH FALSE DETECTION RATE IN LOW-RESOLUTION OPTICAL SATELLITE IMAGES. THIS PROBLEM ARISES FROM THE FOLLOWING FACTORS: 1) THE CURRENT 8-B RESCALING SCHEMES MAKE THE IMAGES LOSE SOME IMPORTANT INFORMATION ABOUT SHIPS IN LOW-RESOLUTION IMAGERY; 2) THE EFFECTIVE FEATURES OF SHIPS AT LOW RESOLUTION ARE FAR FEWER THAN THOSE OF SHIPS AT HIGH RESOLUTION; AND 3) THE DETECTION OF LOW-RESOLUTION SHIPS IS MORE SENSITIVE TO OBJECT-BACKGROUND CONTRAST VARIATION. TO SOLVE THESE PROBLEMS, A LOW-RESOLUTION MARINE OBJECT (LMO) DETECTION YOLO MODEL, CALLED LMO-YOLO, IS PROPOSED IN THIS ARTICLE. FIRST, A MULTIPLE LINEAR RESCALING SCHEME IS DEVELOPED TO QUANTIZE THE ORIGINAL SATELLITE IMAGES INTO 8-B IMAGES; SECOND, DILATED CONVOLUTIONS ARE INCLUDED IN A YOLO NETWORK TO EXTRACT OBJECT FEATURES AND OBJECT-BACKGROUND FEATURES; FINALLY, AN ADAPTIVE WEIGHTING SCHEME IS DESIGNED TO BALANCE THE LOSS BETWEEN EASY-TO-DETECT SHIPS AND HARD-TO-DETECT SHIPS. THE PROPOSED METHOD WAS VALIDATED BY LEVEL 1 PRODUCT IMAGES CAPTURED BY THE WIDE-FIELD-OF-VIEW SENSOR ON THE GAOFEN-1 SATELLITE. THE EXPERIMENTAL RESULTS DEMONSTRATED THAT OUR METHOD ACCURATELY DETECTED SHIPS FROM LOW-RESOLUTION IMAGES AND OUTPERFORMED STATE-OF-THE-ART METHODS.",NA,NA,NA,0,NA
"10.1109/jstars.2022.3179612",2022,"YAN H;LI B;ZHANG H;WEI X","AN ANTIJAMMING AND LIGHTWEIGHT SHIP DETECTOR DESIGNED FOR SPACEBORNE OPTICAL IMAGES","IEEE JOURNAL OF SELECTED TOPICS IN APPLIED EARTH OBSERVATIONS AND REMOTE SENSING","SHIP DETECTION IN SPACEBORNE OPTICAL IMAGES IS A CHALLENGING TASK BECAUSE SHIPS HAVE VARIOUS ORIENTATIONS AND SCALES, ESPECIALLY COMPLEX BACKGROUNDS, I.E., SHIPS ARE EASILY OBSCURED BY VARIOUS JAMMING. MOREOVER, MOST OBJECT DETECTORS HAVE ENORMOUS COMPUTATION AND PARAMETER NUMBERS, WHICH ARE UNSUITABLE FOR RESOURCE-BOUNDED SPACEBORNE PLATFORMS THAT CONTAIN RESTRICTIVE MEMORY ACCESS AND COMPUTATION. IN THIS ARTICLE, IN ORDER TO MITIGATE THE INFLUENCE OF COMPLEX BACKGROUNDS AND JAMMING ON DETECTION, AND IMPROVE THE PRACTICALITY OF DETECTION ALGORITHMS, A NEW SATELLITE OPTICAL IMAGE DATASET AND A NOVEL SHIP DETECTOR ARE PROPOSED. WE HAVE COLLECTED A NEW DATASET FROM THE SATELLITE, WHICH CONTAINS IMAGES OF DIFFERENT TIME PERIODS, DIFFERENT ILLUMINATIONS, AND DIFFERENT LEVELS OF JAMMING. THE PROPOSED DATASET IS DIFFERENT FROM THE WIDELY USED PUBLIC REMOTE SENSING DATASETS, IT IS MORE PRACTICAL AND CHALLENGING. THE PROPOSED SHIP DETECTOR CAN DEAL WITH VARIOUS IMAGES WELL AND IS ROBUST TO VARIOUS COMPLEX BACKGROUNDS. SPECIFICALLY, A FEATURE REFINING MODULE IS DESIGNED TO EXTRACT FEATURES EFFECTIVELY, WHICH CAN IMPROVE DETECTION PERFORMANCE SIGNIFICANTLY. AN ANTIJAMMING MODULE IS PROPOSED TO HIGHLIGHT THE FEATURES OF OBJECTS IN THE WHOLE FEATURE MAP. IN CONTRAST TO MAINSTREAM SHIP DETECTORS, THE PROPOSED METHOD IS EFFECTIVE AND LIGHTWEIGHT. IT CAN ALSO PREDICT OBJECTS WITH ORIENTED BOUNDING BOXES. MOREOVER, DUE TO THE LIGHTWEIGHT AND SIMPLE NETWORK DESIGN, THE DESIGNED DETECTOR CAN BE EASILY EMBEDDED INTO EDGE DEVICES. EXTENSIVE EXPERIMENTS DEMONSTRATE THAT THE PROPOSED DETECTOR IS EFFICIENT AND ROBUST TO VARIOUS COMPLEX BACKGROUNDS, AND THE NEW DATASET IS MORE SUITABLE FOR APPLICATION SCENARIOS AND IS QUITE CHALLENGING.",NA,NA,NA,0,NA
"10.1109/jstars.2022.3206247",2022,"LI C;LANG H","AN ORIENTED SAR SHIP DETECTOR WITH MIXED CONVOLUTION CHANNEL ATTENTION MODULE AND GEOMETRIC NONMAXIMUM SUPPRESSION","IEEE JOURNAL OF SELECTED TOPICS IN APPLIED EARTH OBSERVATIONS AND REMOTE SENSING","BENEFITING FROM DEEP LEARNING, SYNTHETIC APERTURE RADAR (SAR) SHIP DETECTION BASED ON CONVOLUTIONAL NEURAL NETWORK (CNN) HAS DEVELOPED RAPIDLY AND CORRESPONDING PERFORMANCE IS GETTING BETTER. NEVERTHELESS, MOST OF THE EXISTING METHODS STILL CANNOT ACHIEVE A GOOD BALANCE BETWEEN PRECISION AND RECALL IN SCENES WITH COMPLEX BACKGROUND INTERFERENCES, OR IN A SCENE WHERE TWO OR MORE SHIPS DOCK SIDE BY SIDE. TO ADDRESS THESE PROBLEMS, THIS ARTICLE PROPOSES A NOVEL ORIENTED SAR SHIP DETECTOR, WHICH USES ORIENTED BOUNDING BOXES (OBBS) TO DESCRIBE SHIPS. FOR THE PURPOSE OF REDUCING MISSED SHIPS (AIMING TO IMPROVE RECALL) WHILE SUPPRESSING FALSE ALARMS (AIMING TO MAINTAIN PRECISION), THE PROPOSED DETECTOR EMBEDS A MIXED CONVOLUTION CHANNEL ATTENTION (MCCA) MODULE INTO THE BACKBONE NETWORK, WHICH HIGHLIGHTS THE IMPORTANT FEATURE CHANNELS TO ENHANCE SHIP REPRESENTATION FEATURES BY REWEIGHTING ALL CHANNELS OF THE FEATURE MAP. IN ADDITION, WE CONSIDER THE GEOMETRIC POSITION RELATIONSHIP OF NEIGHBOR SHIPS AND PROPOSE GEOMETRIC NONMAXIMUM SUPPRESSION (G-NMS) TO REMOVE THE REDUNDANT SHIP CANDIDATES OR POSSIBLE FALSE ALARMS. EXTENSIVE EXPERIMENTS CONDUCTED ON THE SSDD AND HRSIDS DATASETS DEMONSTRATE THE EFFECTIVENESS OF MCCA AND G-NMS, THE PROPOSED DETECTOR ALSO ACHIEVES BETTER PERFORMANCE COMPARED TO STATE-OF-THE-ART OBB-BASED DETECTORS. © 2008-2012 IEEE.","ARTICLE",NA,"GEOMETRIC NONMAXIMUM SUPPRESSION (G-NMS); MIXED CONVOLUTION CHANNEL ATTENTION (MCCA); SHIP DETECTION; SYNTHETIC APERTURE RADAR (SAR)",10,NA
"10.1109/jstars.2022.3220503",2022,"OUYANG L;FANG L;JI X","MULTIGRANULARITY SELF-ATTENTION NETWORK FOR FINE-GRAINED SHIP DETECTION IN REMOTE SENSING IMAGES","IEEE JOURNAL OF SELECTED TOPICS IN APPLIED EARTH OBSERVATIONS AND REMOTE SENSING","FINE-GRAINED SHIP DETECTION IS VERY IMPORTANT IN THE REMOTE SENSING FIELD. MOST PREVIOUS REMOTE SENSING OBJECT DETECTION WORKS ONLY UTILIZE THE GLOBAL FEATURES FOR FINE-GRAINED OBJECT DETECTION, WHICH IGNORES THE LOCAL INFORMATION, DETERIORATING THE DETECTION PERFORMANCE. IN THIS ARTICLE, WE PROPOSE A MULTIGRANULARITY SELF-ATTENTION NETWORK (MGANET), WHICH CAN EXPLOIT BOTH THE GLOBAL AND LOCAL FEATURES FOR FINE-GRAINED SHIP DETECTION. THE MGANET CONSISTS OF TWO MODULES: A LOCAL-GLOBAL FEATURES ALIGNMENT MODULE (LAM) AND A MULTIGRANULARITY SELF-ATTENTION MODULE (MSM). THE LAM IS DESIGNED TO ALIGN FEATURES OF OBJECT PARTS AND FEATURES OF THE OBJECT BY USING THE CONVOLUTION WITH DIFFERENT STRIDES. THE MSM INTRODUCES A SELF-ATTENTION MECHANISM THAT CAN EFFECTIVELY FUSE THE GLOBAL AND LOCAL FEATURES FOR FINE-GRAINED SHIP DETECTION. IN ADDITION, WE LAUNCHED AN ORIENTED BOUNDING BOX-BASED FINE-GRAINED SHIP DETECTION (OFSD) DATASET WHICH IS THE LARGEST FINE-GRAINED SHIP DATASET TO TEST AND VERIFY THE EFFECTIVENESS OF THE PROPOSED MGANET METHOD. COMPREHENSIVE EVALUATIONS ON THE OFSD AND SHIPRSIMAGENET DATASETS DEMONSTRATE THE SUPERIORITY OF OUR PROPOSED MGANET METHOD OVER EXISTING STATE-OF-THE-ART METHODS FOR FINE-GRAINED SHIP DETECTION IN REMOTE SENSING IMAGES.","ARTICLE",NA,"DEEP LEARNING; FINE-GRAINED SHIP DATASET; FINE-GRAINED SHIP DETECTION; MULTIGRANULARITY; SELF-ATTENTION MECHANISM",22,"ENGINEERING; PHYSICAL GEOGRAPHY; REMOTE SENSING; IMAGING SCIENCE & PHOTOGRAPHIC TECHNOLOGY"
"10.1109/jstars.2022.3220503",2022,"OUYANG L;FANG L;JI X","MULTIGRANULARITY SELF-ATTENTION NETWORK FOR FINE-GRAINED SHIP DETECTION IN REMOTE SENSING IMAGES","IEEE JOURNAL OF SELECTED TOPICS IN APPLIED EARTH OBSERVATIONS AND REMOTE SENSING","FINE-GRAINED SHIP DETECTION IS VERY IMPORTANT IN THE REMOTE SENSING FIELD. MOST PREVIOUS REMOTE SENSING OBJECT DETECTION WORKS ONLY UTILIZE THE GLOBAL FEATURES FOR FINE-GRAINED OBJECT DETECTION, WHICH IGNORES THE LOCAL INFORMATION, DETERIORATING THE DETECTION PERFORMANCE. IN THIS ARTICLE, WE PROPOSE A MULTIGRANULARITY SELF-ATTENTION NETWORK (MGANET), WHICH CAN EXPLOIT BOTH THE GLOBAL AND LOCAL FEATURES FOR FINE-GRAINED SHIP DETECTION. THE MGANET CONSISTS OF TWO MODULES: A LOCAL-GLOBAL FEATURES ALIGNMENT MODULE (LAM) AND A MULTIGRANULARITY SELF-ATTENTION MODULE (MSM). THE LAM IS DESIGNED TO ALIGN FEATURES OF OBJECT PARTS AND FEATURES OF THE OBJECT BY USING THE CONVOLUTION WITH DIFFERENT STRIDES. THE MSM INTRODUCES A SELF-ATTENTION MECHANISM THAT CAN EFFECTIVELY FUSE THE GLOBAL AND LOCAL FEATURES FOR FINE-GRAINED SHIP DETECTION. IN ADDITION, WE LAUNCHED AN ORIENTED BOUNDING BOX-BASED FINE-GRAINED SHIP DETECTION (OFSD) DATASET WHICH IS THE LARGEST FINE-GRAINED SHIP DATASET TO TEST AND VERIFY THE EFFECTIVENESS OF THE PROPOSED MGANET METHOD. COMPREHENSIVE EVALUATIONS ON THE OFSD AND SHIPRSIMAGENET DATASETS DEMONSTRATE THE SUPERIORITY OF OUR PROPOSED MGANET METHOD OVER EXISTING STATE-OF-THE-ART METHODS FOR FINE-GRAINED SHIP DETECTION IN REMOTE SENSING IMAGES. © 2008-2012 IEEE.","ARTICLE",NA,"DEEP LEARNING; FINE-GRAINED SHIP DATASET; FINE-GRAINED SHIP DETECTION; MULTIGRANULARITY; SELF-ATTENTION MECHANISM",25,NA
"10.1109/jstars.2022.3227322",2022,"ZHANG Z;ZHENG H;CAO J;FENG X;XIE G","FRS-NET: AN EFFICIENT SHIP DETECTION NETWORK FOR THIN-CLOUD AND FOG-COVERED HIGH-RESOLUTION OPTICAL SATELLITE IMAGERY","IEEE JOURNAL OF SELECTED TOPICS IN APPLIED EARTH OBSERVATIONS AND REMOTE SENSING","ACCORDING TO STATISTICS, MORE THAN 50\% OF OPTICAL SATELLITE IMAGES ARE COVERED BY CLOUDS OR FOG. MOREOVER, THE CLOUD COVER RATE IS MUCH HIGHER IN LARGE BODIES OF WATER AND NEARBY AREAS THAN INLAND AREAS DUE TO THE HIGH AMOUNT OF WATER EVAPORATION AND CONDENSATION. THEREFORE, SHIP DETECTION FROM OPTICAL REMOTE SENSING IMAGES BASED ON WATER SURFACE ANALYSIS IS MORE SUSCEPTIBLE TO CLOUD AND FOG INTERFERENCE, WHICH AFFECTS THE DETECTION ACCURACY. IN THE TIME-SENSITIVE APPLICATION FIELD OF REMOTE SENSING IMAGES, DUE TO THE MASSIVE PARAMETERS IN THE LARGE-SCALE NETWORK MODEL, THE DETECTION SPEED IS SLOW, AND A LIGHTWEIGHT DETECTION MODEL IS COMMONLY USED. HOWEVER, IT IS DIFFICULT FOR THE LIGHTWEIGHT DETECTION MODEL TO ACHIEVE BOTH HIGH EFFICIENCY AND ACCURACY FOR SHIP DETECTION IN A CLOUD-COVERED ENVIRONMENT. TO SOLVE THESE PROBLEMS, THIS MANUSCRIPT PROPOSES A LIGHTWEIGHT ALGORITHM CALLED THE FOG REMOTE SENSING SHIP DETECTION NETWORK (FRS-NET) SUITABLE FOR SHIP DETECTION FROM REMOTE SENSING IMAGES IN THIN-CLOUD AND FOG-COVERED ENVIRONMENTS. FRS-NET IS DEVELOPED BASED ON THE DEEP LEARNING ALGORITHM AND CAN EFFECTIVELY IMPROVE SHIP DETECTION ACCURACY UNDER THIN-CLOUD AND FOG-COVERED ENVIRONMENT. FIRST, FOR THE ALLOCATION STRATEGY OF ANCHOR BOXES, BY USING THE K-MEANS CLUSTERING ALGORITHM, FRS-NET SIMPLIFIES THE NUMBER OF ANCHOR BOXES BY UTILIZING THE SHAPE CHARACTERISTICS OF THE SHIP, WHICH IMPROVES THE TIME EFFICIENCY AND THE DETECTION ACCURACY. SECOND, THE FRS-NET NETWORK CAN MEET THE DETECTION ACCURACY REQUIREMENT AND HAS A FAST INFERENCE SPEED. THE FRS-NET NETWORK IS MAINLY COMPOSED OF A BACKBONE EXTRACTION NETWORK, A FEATURE FUSION NETWORK, AND A PREDICTION NETWORK. EXPERIMENTAL RESULTS ON THE SHIP DETECTION IN OPTICAL REMOTE SENSING IMAGE DATASET DEMONSTRATE THE DETECTION ACCURACY AND COMPUTATIONAL EFFICIENCY OF FRS-NET. THE RECOGNITION MEAN AVERAGE PRECISION ACHIEVED 43.20\% FOR SHIP DETECTION UNDER THIN-CLOUD AND FOG-COVERED ENVIRONMENT, WITH AN EFFICIENCY OF UP TO 424 FRAMES PER SECOND. FRS-NET HAS THE POTENTIAL TO BE APPLIED IN FUTURE SCENARIOS SUCH AS EMBEDDED PROCESSING AND ONBOARD PROCESSING, WHERE COMPUTING CAPABILITIES ARE STRICTLY LIMITED AND THE TIMELINESS REQUIREMENT IS HIGH.",NA,NA,NA,0,NA
"10.1109/jstars.2022.3233081",2023,"LI Y;BIAN C;CHEN H","DYNAMIC SOFT LABEL ASSIGNMENT FOR ARBITRARY-ORIENTED SHIP DETECTION","IEEE JOURNAL OF SELECTED TOPICS IN APPLIED EARTH OBSERVATIONS AND REMOTE SENSING","SHIP DETECTION WITH SEVERAL MILITARY AND CIVILIAN APPLICATIONS HAS DRAWN CONSIDERABLE ATTENTION IN RECENT YEARS. IN REMOTE SENSING IMAGES, SHIPS HAVE THE CHARACTERISTICS OF ARBITRARY ORIENTATION. BASED ON THE CHARACTERISTICS, MANY ARBITRARY-ORIENTED SHIP DETECTORS HAVE BEEN PROPOSED. MOST OF THESE DETECTORS PRESET MANY HORIZONTAL OR ROTATED ANCHORS AND DETERMINE THE POSITIVE AND NEGATIVE SAMPLES BASED ON THE INTERSECTION OVER UNION (IOU) BETWEEN THE ANCHOR AND GROUND-TRUTH BOUNDING BOX, IN WHAT IS CALLED THE LABEL ASSIGNMENT PROCESS. HOWEVER, IOU PERFORMANCE IS LIMITED AS IT CAN ONLY REFLECT THE QUALITY OF THE ANCHOR TO A CERTAIN EXTENT. IN ADDITION, THE MANUALLY FIXED IOU THRESHOLD TO SEPARATE THE POSITIVE AND NEGATIVE LIMITS THE FLEXIBILITY OF THE METHOD, AS DIFFERENT SHIPS MAY HAVE DIFFERENT OPTIMAL THRESHOLDS. MOREOVER, THE EQUALLY WEIGHTED TRAINING SAMPLES CAUSE A MISALIGNMENT BETWEEN THE CLASSIFICATION AND REGRESSION HEADS. THEREFORE, WE PROPOSE A DYNAMIC SOFT LABEL ASSIGNMENT METHOD FOR ARBITRARY-ORIENTED SHIP DETECTION. FIRST, WE DESIGN A NOVEL ANCHOR QUALITY SCORE FUNCTION THAT TAKES INTO ACCOUNT BOTH PRIOR AND PREDICTION INFORMATION OF THE ANCHOR AND ENABLES THE MODEL TO PARTICIPATE IN THE LABEL ASSIGNMENT PROCESS. SECOND, WE PROPOSE A DYNAMIC ANCHOR QUALITY SCORE THRESHOLD INSTEAD OF A FIXED IOU THRESHOLD FOR DIVIDING POSITIVE AND NEGATIVE SAMPLES. THIRD, IN CONTRAST TO ASSIGNING EQUAL WEIGHTS, WE PROPOSE A SOFT LABEL ASSIGNMENT STRATEGY TO WEIGH THE TRAINING SAMPLES IN THE LOSS FUNCTION. THE PROPOSED METHOD OFFERS SUPERIOR DETECTION PERFORMANCES FOR ARBITRARY-ORIENTED SHIPS WITH ONLY ONE HORIZONTAL PRESET ANCHOR. EXPERIMENTAL RESULTS ON HRSC2016, FGSD, AND SHIPRSIMAGENET DATASETS DEMONSTRATE THE EFFECTIVENESS OF OUR PROPOSED DYNAMIC SOFT LABEL ASSIGNMENT FOR ARBITRARY-ORIENTED SHIP DETECTION.","ARTICLE",NA,"DEEP LEARNING; LABEL ASSIGNMENT; REMOTE SENSING IMAGES; SHIP DETECTION",11,"ENGINEERING; PHYSICAL GEOGRAPHY; REMOTE SENSING; IMAGING SCIENCE & PHOTOGRAPHIC TECHNOLOGY"
"10.1109/jstars.2022.3233081",2023,"LI Y;BIAN C;CHEN H","DYNAMIC SOFT LABEL ASSIGNMENT FOR ARBITRARY-ORIENTED SHIP DETECTION","IEEE JOURNAL OF SELECTED TOPICS IN APPLIED EARTH OBSERVATIONS AND REMOTE SENSING","SHIP DETECTION WITH SEVERAL MILITARY AND CIVILIAN APPLICATIONS HAS DRAWN CONSIDERABLE ATTENTION IN RECENT YEARS. IN REMOTE SENSING IMAGES, SHIPS HAVE THE CHARACTERISTICS OF ARBITRARY ORIENTATION. BASED ON THE CHARACTERISTICS, MANY ARBITRARY-ORIENTED SHIP DETECTORS HAVE BEEN PROPOSED. MOST OF THESE DETECTORS PRESET MANY HORIZONTAL OR ROTATED ANCHORS AND DETERMINE THE POSITIVE AND NEGATIVE SAMPLES BASED ON THE INTERSECTION OVER UNION (IOU) BETWEEN THE ANCHOR AND GROUND-TRUTH BOUNDING BOX, IN WHAT IS CALLED THE LABEL ASSIGNMENT PROCESS. HOWEVER, IOU PERFORMANCE IS LIMITED AS IT CAN ONLY REFLECT THE QUALITY OF THE ANCHOR TO A CERTAIN EXTENT. IN ADDITION, THE MANUALLY FIXED IOU THRESHOLD TO SEPARATE THE POSITIVE AND NEGATIVE LIMITS THE FLEXIBILITY OF THE METHOD, AS DIFFERENT SHIPS MAY HAVE DIFFERENT OPTIMAL THRESHOLDS. MOREOVER, THE EQUALLY WEIGHTED TRAINING SAMPLES CAUSE A MISALIGNMENT BETWEEN THE CLASSIFICATION AND REGRESSION HEADS. THEREFORE, WE PROPOSE A DYNAMIC SOFT LABEL ASSIGNMENT METHOD FOR ARBITRARY-ORIENTED SHIP DETECTION. FIRST, WE DESIGN A NOVEL ANCHOR QUALITY SCORE FUNCTION THAT TAKES INTO ACCOUNT BOTH PRIOR AND PREDICTION INFORMATION OF THE ANCHOR AND ENABLES THE MODEL TO PARTICIPATE IN THE LABEL ASSIGNMENT PROCESS. SECOND, WE PROPOSE A DYNAMIC ANCHOR QUALITY SCORE THRESHOLD INSTEAD OF A FIXED IOU THRESHOLD FOR DIVIDING POSITIVE AND NEGATIVE SAMPLES. THIRD, IN CONTRAST TO ASSIGNING EQUAL WEIGHTS, WE PROPOSE A SOFT LABEL ASSIGNMENT STRATEGY TO WEIGH THE TRAINING SAMPLES IN THE LOSS FUNCTION. THE PROPOSED METHOD OFFERS SUPERIOR DETECTION PERFORMANCES FOR ARBITRARY-ORIENTED SHIPS WITH ONLY ONE HORIZONTAL PRESET ANCHOR. EXPERIMENTAL RESULTS ON HRSC2016, FGSD, AND SHIPRSIMAGENET DATASETS DEMONSTRATE THE EFFECTIVENESS OF OUR PROPOSED DYNAMIC SOFT LABEL ASSIGNMENT FOR ARBITRARY-ORIENTED SHIP DETECTION. © 2008-2012 IEEE.","ARTICLE",NA,"DEEP LEARNING; LABEL ASSIGNMENT; REMOTE SENSING IMAGES; SHIP DETECTION",14,NA
"10.1109/jstars.2023.3241969",2023,"GUO B;ZHANG R;GUO H;YANG W;YU H;ZHANG P;ZOU T","FINE-GRAINED SHIP DETECTION IN HIGH-RESOLUTION SATELLITE IMAGES WITH SHAPE-AWARE FEATURE LEARNING","IEEE JOURNAL OF SELECTED TOPICS IN APPLIED EARTH OBSERVATIONS AND REMOTE SENSING","FINE-GRAINED SHIP DETECTION IS AN IMPORTANT TASK IN HIGH-RESOLUTION SATELLITE REMOTE SENSING APPLICATIONS. HOWEVER, LARGE ASPECT RATIOS AND SEVERE CATEGORY IMBALANCE MAKE FINE-GRAINED SHIP DETECTION A CHALLENGING PROBLEM. CURRENT METHODS USUALLY EXTRACT SQUARE-LIKE FEATURES THAT DO NOT WORK WELL TO DETECT SHIPS WITH LARGE ASPECT RATIOS, AND THE MISALIGNMENTS IN FEATURE REPRESENTATION WILL SEVERELY DEGRADE THE PERFORMANCE OF SHIP LOCALIZATION AND CLASSIFICATION. TO TACKLE THIS, WE PROPOSE A SHAPE-AWARE FEATURE LEARNING METHOD TO MITIGATE THE MISALIGNMENTS DURING FEATURE EXTRACTION. FURTHERMORE, FOR THE ISSUE OF CATEGORY IMBALANCE, WE DESIGN A SHAPE-AWARE INSTANCE SWITCHING TO BALANCE THE QUANTITY DISTRIBUTION OF SHIPS IN DIFFERENT CATEGORIES, WHICH CAN GREATLY IMPROVE THE NETWORK'S LEARNING ABILITY FOR RARE INSTANCES. TO VERIFY THE EFFECTIVENESS OF THE PROPOSED METHOD, WE CONTRIBUTE A MULTICATEGORY SHIP DETECTION DATASET (MCSD) THAT CONTAINS 4000 IMAGES CAREFULLY LABELED WITH ORIENTED BOUNDING BOXES, INCLUDING 16 TYPES OF SHIP OBJECTS AND NEARLY 18 000 INSTANCES. WE CONDUCT EXPERIMENTS ON OUR MCSD AND SHIPRSIMAGENET, AND EXTENSIVE EXPERIMENTAL RESULTS DEMONSTRATE THE SUPERIORITY OF THE PROPOSED METHOD OVER SEVERAL STATE-OF-THE-ART METHODS.",NA,NA,NA,0,NA
"10.1109/jstars.2023.3267240",2023,"ZHOU K;ZHANG M;ZHAO H;TANG R;LIN S;CHENG X;WANG H","ARBITRARY-ORIENTED ELLIPSE DETECTOR FOR SHIP DETECTION IN REMOTE SENSING IMAGES","IEEE JOURNAL OF SELECTED TOPICS IN APPLIED EARTH OBSERVATIONS AND REMOTE SENSING","AT PRESENT, IN ARBITRARY-ORIENTED OBJECT DETECTION, THE ANGULAR PERIODICITY PROBLEM OF ROTATED BOUNDING BOX DESCRIBED BY ANGLE CAUSES AN OBJECT TO HAVE DIFFERENT NUMERICAL REPRESENTATIONS, WHICH LEADS TO UNCERTAINTY OF ROTATED BOUNDING BOX REGRESSION. TO ELIMINATE THE ANGULAR PERIODICITY PROBLEM, IN THIS ARTICLE, WE PROPOSE A NOVEL AND SIMPLE ELLIPSE PARAMETERS REPRESENTATION METHOD FOR ARBITRARY-ORIENTED OBJECT, WHICH HIDES THE ANGLE OF THE OBJECT IN THE FOCAL VECTOR OF ELLIPSE TO AVOID DIRECT ANGLE PREDICTION. MOREOVER, THE PROPOSED REPRESENTATION METHOD CAN ENABLE THE ARBITRARY-ORIENTED OBJECT TO HAVE ONLY ONE NUMERICAL REPRESENTATION, WHICH IS BENEFICIAL TO ALLEVIATE THE UNCERTAINTY OF BOUNDING BOX REGRESSION. IN ORDER TO ADAPT THE PROPOSED ELLIPSE PARAMETERS REPRESENTATION METHOD, WE ADOPT 2-D GAUSSIAN DISTRIBUTION LABEL ASSIGN FOR COARSE SAMPLES SELECTION, THEN THE KULLBACK–LEIBLER DIVERGENCE LOSS AND SIMOTA ARE USED TO REFINE THE COARSE SAMPLES TO OBTAIN THE BEST POSITIVE SAMPLES. WE EXTEND THE YOLOX WITH MEDIUM PARAMETERS AS AN ORIENTED SHIP DETECTOR ACCORDING TO THE PROPOSED ELLIPSE PARAMETERS REPRESENTATION METHOD, AND CONDUCT THE EXPERIMENTS ON HRSC2016, RSDD-SAR, AND RHRSID TO DEMONSTRATE THE EFFECTIVENESS OF THE PROPOSED METHOD. THE EXPERIMENTAL RESULTS SHOW THAT THE PROPOSED REPRESENTATION METHOD ACHIEVES IMPRESSIVE RESULTS COMPARED WITH STATE-OF-THE-ART ARBITRARY-ORIENTED OBJECT DETECTION METHODS.",NA,NA,NA,0,NA
"10.1109/jstars.2023.3296898",2023,"SI J;SONG B;WU J;LIN W;HUANG W;CHEN S","MARITIME SHIP DETECTION METHOD FOR SATELLITE IMAGES BASED ON MULTISCALE FEATURE FUSION","IEEE JOURNAL OF SELECTED TOPICS IN APPLIED EARTH OBSERVATIONS AND REMOTE SENSING","REMOTE SENSING SHIP RECOGNITION TECHNOLOGY IS ONE OF THE IMPORTANT RESEARCH AREAS FOR ACHIEVING OCEAN SECURITY MONITORING. HOWEVER, MARITIME SHIP TARGETS FEATURES SUCH AS MULTISCALE, ARBITRARY DIRECTION, AND DENSE ARRANGEMENT, AND THEIR IMAGING IS OFTEN INFLUENCED BY FACTORS SUCH AS SEA FOG AND SEA SURFACE BACKGROUND. IT IS CHALLENGING FOR FAST AND ACCURATE DETECTION OF REMOTE SENSING SHIPS. WE PROPOSE A NEW SHIP DETECTION ALGORITHM YOLO-REMOTE SENSING SHIP DETECTION (YOLO-RSSD) BASED ON YOLOV5, WHICH EFFECTIVELY IMPROVES THE ACCURACY OF SHIP DETECTION WHILE ENSURING DETECTION SPEED. IT IS ATTRIBUTED TO OUR PROPOSED FOUR OPTIMIZATION MEASURES IN THIS MODEL. FIRST, THE K-MEANS++ ALGORITHM IS INTRODUCED IN THE DATA PREPROCESSING PART TO IMPROVE THE CLUSTERING EFFECT AND OBTAIN CANDIDATE BOX SIZES SUITABLE FOR MULTISCALE SHIP DATASET. THEN, AN IMPROVED BIDIRECTIONAL FEATURE PYRAMID NETWORK STRUCTURE IS EMBEDDED IN THE FEATURE FUSION PART TO ACHIEVE CROSS-LAYER MULTISCALE WEIGHTED FEATURE FUSION. THIRD, THE ORIGINAL BOUNDING BOX REGRESSION LOSS FUNCTION IS REPLACED WITH THE EIOU LOSS, WHICH IS EFFECTIVE FOR ACCELERATING THE CONVERGENCE AND IMPROVING THE REGRESSION ACCURACY OF PREDICTED BOXES. FINALLY, A CHANNEL ATTENTION MECHANISM IS INTRODUCED IN THE CONVOLUTIONAL UNIT TO ENHANCE THE MODEL'S ABILITY TO CAPTURE SHIP FEATURES. EXPERIMENTAL RESULTS SHOW THAT THE YOLO-RSSD MODEL ACHIEVES A DETECTION ACCURACY OF 96.1\% FOR REMOTE SENSING SHIPS, WHICH IS 4.3\% HIGHER THAN THE ORIGINAL YOLOV5 NETWORK. IN ADDITION, YOLO-RSSD PERFORMS GOOD ROBUSTNESS AND GENERALIZATION ABILITY. THIS MEANS THAT OUR METHOD HAS HIGH PRACTICAL VALUE AND PROVIDES A NEW SOLUTION FOR THE ANALYSIS AND APPLICATION OF REMOTE SENSING IMAGES.",NA,NA,NA,0,NA
"10.1109/jstars.2023.3302575",2023,"GONG Y;ZHANG Z;WEN J;LAN G;XIAO S","SMALL SHIP DETECTION OF SAR IMAGES BASED ON OPTIMIZED FEATURE PYRAMID AND SAMPLE AUGMENTATION","IEEE JOURNAL OF SELECTED TOPICS IN APPLIED EARTH OBSERVATIONS AND REMOTE SENSING","SYNTHETIC APERTURE RADAR IMAGES HAVE BECOME THE LATEST HIGH-RESOLUTION IMAGING EQUIPMENT, WHICH CAN MONITOR THE EARTH 24 H A DAY. MORE AND MORE DEEP-LEARNING TECHNOLOGIES ARE APPLIED TO SHIP TARGET DETECTION; HOWEVER, IN COMPLEX ENVIRONMENTS, DUE TO THE SMALL TARGET OF THE SHIP, PROBLEMS, SUCH AS FALSE DETECTION AND MISS DETECTION, OFTEN OCCUR. FOR THIS REASON, SSPNET IS PROPOSED WITH SEVERAL SMALL-TARGET-AUGMENTATION STRATEGIES TO COMPLETE THE DETECTION OF SMALL SHIPS ON THE SEA. THIS NETWORK IS AN IMPROVEMENT OF FPN. THE MODEL USES A CONTEXT ATTENTION MODULE (CAM), SCALE ENHANCEMENT MODULE (SEM), AND SCALE SELECTION MODULE (SSM). CAM INTRODUCES THE ATTENTION HEAT MAP, SEM USES THE RESIDUAL MODULE TO MAKE THE NETWORK PAY MORE ATTENTION TO SPECIFIC SCALE TARGETS, AND SSM INTRODUCES DEEP SEMANTIC FEATURES INTO SHALLOW FEATURES. A WEIGHTED NEGATIVE SAMPLING STRATEGY IS PROPOSED TO ENABLE THE NETWORK TO SELECT MORE REPRESENTATIVE SAMPLES. THESE MODULES MAKE THE NETWORK MORE SUITABLE FOR SMALL-TARGET DETECTION. THE RESULTS ON THE SSDD DATASET SHOW THAT THE MODEL IS SUPERIOR TO THE EXISTING OBJECT DETECTION NETWORK, AND THE AVERAGE PRECISION (AP50) REACHES 91.57\%.",NA,NA,NA,0,NA
"10.1109/jstars.2023.3333957",2024,"XIE X;YOU Z;CHEN S;HUANG L;TANG J;LUO B","FEATURE ENHANCEMENT AND ALIGNMENT FOR ORIENTED OBJECT DETECTION","IEEE JOURNAL OF SELECTED TOPICS IN APPLIED EARTH OBSERVATIONS AND REMOTE SENSING","OVER THE LAST FEW YEARS, DEVELOPMENTS IN FIELDS SUCH AS AVIATION AND REMOTE SENSING HAVE DRAWN INCREASING ATTENTION TO THE DETECTION OF ROTATED OBJECTS. UNLIKE GENERAL OBJECT DETECTION, ROTATED OBJECT DETECTION REQUIRES OVERCOMING CERTAIN CHALLENGES, SUCH AS DETECTING OBJECTS WITH DIFFERENT DIRECTIONS AND HIGH ASPECT RATIOS. RECENTLY PROPOSED ROTATED OBJECT DETECTORS HAVE ACHIEVED GOOD RESULTS, BUT MOST OF THEM RELY ON HAND-DESIGNED ANCHORS, WHICH REQUIRE MANUAL ADJUSTMENT OF THE ANCHORS SETTINGS IN DIFFERENT SCENARIOS. ON THE CONTRARY, THIS ARTICLE PRESENTS A METHOD CALLED FEADET, AN ANCHOR-FREE DETECTOR THAT UTILIZES FEATURE ENHANCEMENT AND ALIGNMENT TO ACHIEVE COMPETITIVE PERFORMANCE, WITHOUT THE USE OF ANCHORS. SPECIFICALLY, IN ORDER TO BETTER FUSE FEATURES ACROSS DIFFERENT LAYERS, WE DESIGN AN ATTENTION FEATURE FUSION (AAF) MODULE TO REDUCE THE ALIASING EFFECT PRODUCED BY THE FUSION OF DIFFERENT LAYERS. TO DEAL WITH FEATURE MISALIGNMENT IN DETECTING OBJECTS WITH ORIENTATION, WE PROPOSE AN ADAPTIVE ALIGNCONV (AAC) MODULE, WHICH IS IMPLEMENTED BY THE CONSTRAINED DEFORMABLE CONVOLUTION AND ALIGN CONVOLUTION. THE ACC MODULE CAN EFFICIENTLY EXTRACT OBJECT FEATURES ACCORDING TO THE DECODED BOXES AND PREDICTED CONSTRAINED OFFSETS. ON THE TWO BENCHMARK DATASETS, DATASET FOR OBJECT DETECTION IN AERIAL IMAGES (DOTA) AND HIGH RESOLUTION SHIP COLLECTION 2016 (HRSC2016), A COMPREHENSIVE EVALUATION OF OUR METHOD HAS BEEN CONDUCTED TO DEMONSTRATE THE EFFECTIVENESS OF THESE METHOD IN COMPARISON WITH STATE-OF-THE-ART METHODS.","ARTICLE",NA,"DEEP LEARNING; FEATURE ALIGNMENT; FEATURE ENHANCEMENT; ORIENTED OBJECT DETECTION; REMOTE SENSING IMAGES",13,"ENGINEERING; PHYSICAL GEOGRAPHY; REMOTE SENSING; IMAGING SCIENCE & PHOTOGRAPHIC TECHNOLOGY"
"10.1109/jstars.2023.3333957",2024,"XIE X;YOU Z;CHEN S;HUANG L;TANG J;LUO B","FEATURE ENHANCEMENT AND ALIGNMENT FOR ORIENTED OBJECT DETECTION","IEEE JOURNAL OF SELECTED TOPICS IN APPLIED EARTH OBSERVATIONS AND REMOTE SENSING","OVER THE LAST FEW YEARS, DEVELOPMENTS IN FIELDS SUCH AS AVIATION AND REMOTE SENSING HAVE DRAWN INCREASING ATTENTION TO THE DETECTION OF ROTATED OBJECTS. UNLIKE GENERAL OBJECT DETECTION, ROTATED OBJECT DETECTION REQUIRES OVERCOMING CERTAIN CHALLENGES, SUCH AS DETECTING OBJECTS WITH DIFFERENT DIRECTIONS AND HIGH ASPECT RATIOS. RECENTLY PROPOSED ROTATED OBJECT DETECTORS HAVE ACHIEVED GOOD RESULTS, BUT MOST OF THEM RELY ON HAND-DESIGNED ANCHORS, WHICH REQUIRE MANUAL ADJUSTMENT OF THE ANCHORS SETTINGS IN DIFFERENT SCENARIOS. ON THE CONTRARY, THIS ARTICLE PRESENTS A METHOD CALLED FEADET, AN ANCHOR-FREE DETECTOR THAT UTILIZES FEATURE ENHANCEMENT AND ALIGNMENT TO ACHIEVE COMPETITIVE PERFORMANCE, WITHOUT THE USE OF ANCHORS. SPECIFICALLY, IN ORDER TO BETTER FUSE FEATURES ACROSS DIFFERENT LAYERS, WE DESIGN AN ATTENTION FEATURE FUSION (AAF) MODULE TO REDUCE THE ALIASING EFFECT PRODUCED BY THE FUSION OF DIFFERENT LAYERS. TO DEAL WITH FEATURE MISALIGNMENT IN DETECTING OBJECTS WITH ORIENTATION, WE PROPOSE AN ADAPTIVE ALIGNCONV (AAC) MODULE, WHICH IS IMPLEMENTED BY THE CONSTRAINED DEFORMABLE CONVOLUTION AND ALIGN CONVOLUTION. THE ACC MODULE CAN EFFICIENTLY EXTRACT OBJECT FEATURES ACCORDING TO THE DECODED BOXES AND PREDICTED CONSTRAINED OFFSETS. ON THE TWO BENCHMARK DATASETS, DATASET FOR OBJECT DETECTION IN AERIAL IMAGES (DOTA) AND HIGH RESOLUTION SHIP COLLECTION 2016 (HRSC2016), A COMPREHENSIVE EVALUATION OF OUR METHOD HAS BEEN CONDUCTED TO DEMONSTRATE THE EFFECTIVENESS OF THESE METHOD IN COMPARISON WITH STATE-OF-THE-ART METHODS. © 2023 THE AUTHORS.","ARTICLE",NA,"DEEP LEARNING; FEATURE ALIGNMENT; FEATURE ENHANCEMENT; ORIENTED OBJECT DETECTION; REMOTE SENSING IMAGES",15,NA
"10.1109/jstars.2024.3392635",2024,"CHEN Y;WANG J;ZHANG Y;LIU Y;WANG J","P2RNET: FAST MARITIME OBJECT DETECTION FROM KEY POINTS TO REGION PROPOSALS IN LARGE-SCALE REMOTE SENSING IMAGES","IEEE JOURNAL OF SELECTED TOPICS IN APPLIED EARTH OBSERVATIONS AND REMOTE SENSING","DUE TO THE LONG DISTANCE AND LARGE-SCALE OF SATELLITE IMAGING, AND THE HIGH COMPLEXITY OF DEPTH CONVOLUTIONAL NEURAL NETWORK, COMMON DETECTORS CANNOT BE DIRECTLY APPLIED TO LARGE-SCALE REMOTE SENSING IMAGES. THEREFORE, THIS ARTICLE PROPOSES A TWO-PHASE OBJECT DETECTION NETWORK FROM KEY POINTS TO REGION PROPOSALS, NAMELY P2RNET. IN THE FIRST PHASE, THE KEY POINTS OF ALL SUSPECTED OBJECTS ARE OBTAINED THROUGH THE KEY POINT EXTRACTION NETWORK, AND THEN THESE KEY POINTS ARE DIVIDED INTO MULTIPLE REGION PROPOSALS USING THE REGION PROPOSAL GENERATOR. IN THE SECOND PHASE, THESE REGION PROPOSALS ARE INPUT INTO THE LIGHTWEIGHT OBJECT DETECTION NETWORK TO ACHIEVE FAST AND ACCURATE MARITIME OBJECT DETECTION. THE LIGHTWEIGHT OBJECT DETECTION NETWORK IS IMPROVED BASED ON YOLOV5. TO SIGNIFICANTLY REDUCE THE NUMBER OF PARAMETERS AND COMPUTATION OF THE NETWORK, THE IMPROVED MOBILENETV2 CONSTRUCTED BY THE GROUPED SANDGLASS BLOCK IS USED AS THE BACKBONE TO EXTRACT SUFFICIENT FEATURE INFORMATION. TO EFFECTIVELY IMPROVE THE DETECTION ACCURACY OF THE NETWORK, THE SIMPLE ATTENTION MODULE IS EMBEDDED IN THE FEATURE FUSION NETWORK TO STRENGTHEN THE FEATURE FUSION PROCESS, AND THE ORIENTED SPATIAL PYRAMID POOLING-FAST IS PROPOSED TO CAPTURE LONG-DISTANCE DEPENDENCIES. THE EXPERIMENTAL RESULTS ON THE DOTA SHIP DATASET SHOW THAT THE AVERAGE PRECISION AND FRAMES PER SECOND OF THE LIGHTWEIGHT OBJECT DETECTION NETWORK REACHED 80.59\% AND 112, RESPECTIVELY, ACHIEVING A GOOD BALANCE. MOREOVER, THE OVERALL OBJECT DETECTION NETWORK ACHIEVED EXCELLENT DETECTION RESULTS ON LARGE-SCALE REMOTE SENSING IMAGES.",NA,NA,NA,0,NA
"10.1109/jstars.2024.3417414",2024,"CHEN C;ZHANG X;ZHOU Y;CHANG Y;ZENG W","HGM: A GENERAL HIGH-ORDER SPATIAL AND SPECTRAL GLOBAL FEATURE FUSION MODULE FOR VISUAL MULTITASKING","IEEE JOURNAL OF SELECTED TOPICS IN APPLIED EARTH OBSERVATIONS AND REMOTE SENSING","RECENT COMPUTER VISION RESEARCH HAS MAINLY FOCUSED ON DESIGNING EFFICIENT NETWORK ARCHITECTURES, WITH LIMITED EXPLORATION OF HIGH- AND LOW-FREQUENCY INFORMATION IN THE HIGH-ORDER FREQUENCY DOMAIN. THIS STUDY INTRODUCES A NOVEL APPROACH UTILIZING SPATIAL AND FREQUENCY DOMAIN INFORMATION TO DESIGN A HIGH-ORDER GLOBAL FEATURE FUSION MODULE (HGM) AND DEVELOP A SPECIALIZED REMOTE SENSING DETECTION NETWORK, HGNET. HGM LEVERAGES CYCLIC CONVOLUTION TO ACHIEVE ARBITRARY HIGH-ORDER FEATURES, OVERCOMING THE SECOND-ORDER LIMITATION OF TRANSFORMERS. FURTHERMORE, HGM INTEGRATES CYCLIC CONVOLUTION AND FAST FOURIER TRANSFORM, UTILIZING THE FORMER TO CAPTURE INTERACTION INFORMATION BETWEEN HIGH-ORDER SPATIAL AND CHANNEL DOMAINS AND THE LATTER TO TRANSFORM HIGH-ORDER FEATURES FROM SPATIAL TO FREQUENCY DOMAIN FOR GLOBAL INFORMATION EXTRACTION. THIS COMBINATION FUNDAMENTALLY ADDRESSES THE ISSUE OF LONG-DISTANCE DEPENDENCY IN CONVOLUTIONS AND AVOIDS QUADRATIC GROWTH IN COMPUTATIONAL COMPLEXITY. MOREOVER, WE HAVE CONSTRUCTED AN INFORMATION TRUNCATION GATE TO MINIMIZE HIGH-ORDER REDUNDANT FEATURES, ACHIEVING A ""WIN-WIN"" SCENARIO FOR NETWORK ACCURACY AND PARAMETER EFFICIENCY. IN ADDITION, HGM ACTS AS A PLUG-AND-PLAY MODULE, BOOSTING PERFORMANCE WHEN INTEGRATED INTO VARIOUS NETWORKS. EXPERIMENTAL FINDINGS REVEAL THAT HGNET ACHIEVES A 93.0% MAP(0.5) WITH JUST 12.1M PARAMETERS ON THE HRSID REMOTE SENSING SHIP DETECTION DATASET. IN ADDITION, APPLYING HGM ENHANCES A PERFORMANCE IN CIFAR100 CLASSIFICATION AND WHDLD REMOTE SENSING SEGMENTATION TASKS.","ARTICLE",NA,"CONVOLUTION; COMPUTATIONAL MODELING; TRANSFORMERS; FEATURE EXTRACTION; FREQUENCY-DOMAIN ANALYSIS; ACCURACY; TASK ANALYSIS; CONVOLUTIONAL NEURAL NETWORKS (CNNS); FEATURE AGGREGATION; GLOBAL FREQUENCY DOMAIN FEATURES; HIGH-ORDER FEATURE INTERACTION; REMOTE SENSING SHIP DETECTION; TRANSFORMER ARCHITECTURE",1,"ENGINEERING; PHYSICAL GEOGRAPHY; REMOTE SENSING; IMAGING SCIENCE & PHOTOGRAPHIC TECHNOLOGY"
"10.1109/jstars.2024.3417414",2024,"CHEN C;ZHANG X;ZHOU Y;CHANG Y;ZENG W","HGM: A GENERAL HIGH-ORDER SPATIAL AND SPECTRAL GLOBAL FEATURE FUSION MODULE FOR VISUAL MULTITASKING","IEEE JOURNAL OF SELECTED TOPICS IN APPLIED EARTH OBSERVATIONS AND REMOTE SENSING","RECENT COMPUTER VISION RESEARCH HAS MAINLY FOCUSED ON DESIGNING EFFICIENT NETWORK ARCHITECTURES, WITH LIMITED EXPLORATION OF HIGH- AND LOW-FREQUENCY INFORMATION IN THE HIGH-ORDER FREQUENCY DOMAIN. THIS STUDY INTRODUCES A NOVEL APPROACH UTILIZING SPATIAL AND FREQUENCY DOMAIN INFORMATION TO DESIGN A HIGH-ORDER GLOBAL FEATURE FUSION MODULE (HGM) AND DEVELOP A SPECIALIZED REMOTE SENSING DETECTION NETWORK, HGNET. HGM LEVERAGES CYCLIC CONVOLUTION TO ACHIEVE ARBITRARY HIGH-ORDER FEATURES, OVERCOMING THE SECOND-ORDER LIMITATION OF TRANSFORMERS. FURTHERMORE, HGM INTEGRATES CYCLIC CONVOLUTION AND FAST FOURIER TRANSFORM, UTILIZING THE FORMER TO CAPTURE INTERACTION INFORMATION BETWEEN HIGH-ORDER SPATIAL AND CHANNEL DOMAINS AND THE LATTER TO TRANSFORM HIGH-ORDER FEATURES FROM SPATIAL TO FREQUENCY DOMAIN FOR GLOBAL INFORMATION EXTRACTION. THIS COMBINATION FUNDAMENTALLY ADDRESSES THE ISSUE OF LONG-DISTANCE DEPENDENCY IN CONVOLUTIONS AND AVOIDS QUADRATIC GROWTH IN COMPUTATIONAL COMPLEXITY. MOREOVER, WE HAVE CONSTRUCTED AN INFORMATION TRUNCATION GATE TO MINIMIZE HIGH-ORDER REDUNDANT FEATURES, ACHIEVING A 'WIN-WIN' SCENARIO FOR NETWORK ACCURACY AND PARAMETER EFFICIENCY. IN ADDITION, HGM ACTS AS A PLUG-AND-PLAY MODULE, BOOSTING PERFORMANCE WHEN INTEGRATED INTO VARIOUS NETWORKS. EXPERIMENTAL FINDINGS REVEAL THAT HGNET ACHIEVES A 93.0% {MAP} {0.5}} WITH JUST 12.1M PARAMETERS ON THE HRSID REMOTE SENSING SHIP DETECTION DATASET. IN ADDITION, APPLYING HGM ENHANCES A PERFORMANCE IN CIFAR100 CLASSIFICATION AND WHDLD REMOTE SENSING SEGMENTATION TASKS. © 2024 THE AUTHORS.","ARTICLE",NA,"CONVOLUTIONAL NEURAL NETWORKS (CNNS); FEATURE AGGREGATION; GLOBAL FREQUENCY DOMAIN FEATURES; HIGH-ORDER FEATURE INTERACTION; REMOTE SENSING SHIP DETECTION; TRANSFORMER ARCHITECTURE",2,NA
"10.1109/jstars.2024.3437187",2024,"ALEXANDRE C;DEVILLERS R;MOUILLOT D;SEGUIN R;CATRY T","SHIP DETECTION WITH SAR C-BAND SATELLITE IMAGES: A SYSTEMATIC REVIEW","IEEE JOURNAL OF SELECTED TOPICS IN APPLIED EARTH OBSERVATIONS AND REMOTE SENSING","DETECTING AND TRACKING SHIPS REMOTELY IS NOW REQUIRED IN A WIDE RANGE OF CONTEXTS, FROM MILITARY SECURITY TO ILLEGAL IMMIGRATION CONTROL, AS WELL AS THE MANAGEMENT OF FISHERIES AND MARINE PROTECTED AREAS. AMONG THE AVAILABLE METHODS, RADAR REMOTE SENSING IS INCREASINGLY USED DUE TO ITS ADVANTAGES OF BEING RARELY AFFECTED BY CLOUD COVER AND ALLOWING IMAGE ACQUISITION DURING BOTH DAY AND NIGHT. THE GROWING AVAILABILITY OVER THE PAST DECADE OF FREE SYNTHETIC APERTURE RADAR (SAR) DATA, SUCH AS SENTINEL-1 IMAGES, ENABLED THE WIDESPREAD USE OF C-BAND IMAGES FOR SHIP DETECTION. THERE IS, HOWEVER, A BROAD RANGE OF SAR DATA PROCESSING METHODS PROPOSED IN THE LITERATURE, CHALLENGING THE SELECTION OF THE MOST APPROPRIATE ONE FOR A GIVEN APPLICATION. HERE, WE CONDUCTED A SYSTEMATIC REVIEW OF THE LITERATURE ON SHIP DETECTION METHODS USING C-BAND SAR DATA FROM 2015 TO 2022. THE REVIEW SHOWS A PARTITION BETWEEN TRADITIONAL AND DEEP LEARNING (DL) METHODS. EARLIER METHODS WERE MAINLY BASED ON CONSTANT FALSE ALARM RATE OR POLARIMETRY, WHICH REQUIRE LIMITED COMPUTING RESOURCES BUT CRITICALLY DEPEND ON SHIPS’ PHYSICAL ENVIRONMENT. THOSE APPROACHES ARE GRADUALLY REPLACED BY DL, DUE TO THE GROWTH OF COMPUTING CAPACITIES, THE WIDE AVAILABILITY OF SAR IMAGES, AND THE PUBLICATION OF DL TRAINING DATASETS. HOWEVER, ACCESS TO THESE COMPUTING CAPACITIES MAY NOT BE EASY FOR ALL USERS, WHICH COULD BECOME A MAJOR OBSTACLE TO THEIR DEVELOPMENT. WHILE BOTH METHODS HAVE THE SAME OBJECTIVE, THEY DIFFER BOTH TECHNICALLY AND IN THEIR APPROACHES TO THE PROBLEM. TRADITIONAL METHODS MAINLY FOCUS ON SHIP SIZE IN SPATIAL UNITS (METERS), WHEREAS DL METHODS ARE MAINLY BASED ON THE NUMBER OF SHIP PIXELS, REGARDLESS OF IMAGE RESOLUTION. THESE LATTER METHODS CAN RESULT IN A LACK OF INFORMATION ON SHIP SIZE AND, THEREFORE, A LACK OF KNOWLEDGE THAT COULD BE USEFUL TO SPECIFIC APPLICATIONS, SUCH AS FISHERIES AND PROTECTED AREA MANAGEMENT.",NA,NA,NA,0,NA
"10.1109/jstars.2024.3483253",2025,"HUANG Y;JIAO D;HUANG X;TANG T;GUI G","A HYBRID CNN-TRANSFORMER NETWORK FOR OBJECT DETECTION IN OPTICAL REMOTE SENSING IMAGES: INTEGRATING LOCAL AND GLOBAL FEATURE FUSION","IEEE JOURNAL OF SELECTED TOPICS IN APPLIED EARTH OBSERVATIONS AND REMOTE SENSING","REMOTE SENSING IMAGES (RSIS) OBJECT DETECTION IS IMPORTANT IN NATURAL DISASTER MANAGEMENT, URBAN PLANNING AND RESOURCE EXPLORATION. HOWEVER, DUE TO THE LARGE DIFFERENCES BETWEEN RSIS AND NATURAL IMAGES (NIS), MOST OF THE EXISTING OBJECT DETECTORS FOR NIS CANNOT BE DIRECTLY USED TO PROCESS RSIS. MOST EXISTING MODELS BASED ON CONVOLUTIONAL NEURAL NETWORKS (CNNS) REQUIRE ADDITIONAL DESIGN OF SPECIFIC ATTENTIONAL MODULES TO RELATE SMALL TARGETS IN RSIS TO GLOBAL POSITIONAL RELATIONSHIPS. IN CONTRAST, TRANSFORMER-BASED MODELS HAD TO ADD MODULES TO OBTAIN MORE DETAILED INFORMATION. THIS IMPOSES ADDITIONAL COMPUTATIONAL OVERHEADS FOR DEPLOYMENT ON EDGE DEVICES. TO SOLVE THE ABOVE-MENTIONED PROBLEM, WE PROPOSE A HYBRID CNN AND TRANSFORMER MODEL (DCONVTRANS-LKA) TO ENHANCE THE MODEL'S ABILITY TO ACQUIRE FEATURES AND DESIGN A FUSION OF LOCAL AND GLOBAL ATTENTION MECHANISMS TO FUSE LOCAL FEATURES AND GLOBAL LOCATION INFORMATION. TO BETTER FUSE THE FEATURE AND LOCATION INFORMATION EXTRACTED BY THE MODEL, WE INTRODUCE A FEATURE RESIDUAL PYRAMID NETWORK TO ENHANCE THE MODEL'S ABILITY TO FUSE MULTISCALE FEATURE MAPS. FINALLY, WE CONDUCT EXPERIMENTS IN THREE REPRESENTATIVE OPTICAL RSI DATASETS (NWPU VHR-10, HRRSD, AND DIOR) TO VERIFY THE EFFECTIVENESS OF OUR PROPOSED DCONVTRANS-LKA METHOD. THE EXPERIMENTAL RESULTS SHOW THAT OUR PROPOSED METHOD REACHES 61.7\%, 82.1\%, AND 61.3\% AT MAP AT 0.5, RESPECTIVELY, FURTHER DEMONSTRATING THE POTENTIAL OF OUR PROPOSED METHOD IN RSI OBJECT DETECTION TASKS.",NA,NA,NA,0,NA
"10.1109/jstars.2024.3486210",2024,"LIU Y;LIU J;LI X;WEI L;WU Z;HAN B;DAI W","EXPLOITING DISCRIMINATING FEATURES FOR FINE-GRAINED SHIP DETECTION IN OPTICAL REMOTE SENSING IMAGES","IEEE JOURNAL OF SELECTED TOPICS IN APPLIED EARTH OBSERVATIONS AND REMOTE SENSING","FINE-GRAINED REMOTE SENSING SHIP DETECTION IS CRUCIAL IN A VARIETY OF FIELDS, SUCH AS SHIP SAFETY, MARINE ENVIRONMENTAL PROTECTION, AND MARITIME TRAFFIC MANAGEMENT. DESPITE RECENT PROGRESS, CURRENT RESEARCH SUFFERS FROM THE FOLLOWING THREE MAJOR CHALLENGES: INSUFFICIENT FEATURES REPRESENTATION, CONFLICTS IN SHARED FEATURES, AND INAPPROPRIATE ANCHOR LABELING STRATEGY, WHICH SIGNIFICANTLY IMPEDE ACCURATE FINE-GRAINED SHIP DETECTION. TO ADDRESS THESE ISSUES, WE PROPOSE FINESHIPNET AS A SOLUTION. SPECIFICALLY, WE FIRST PROPOSE A NOVEL BLEND SYNCHRONIZATION MODULE, WHICH AIMS TO FACILITATE THE COUTILIZATION OF SEMANTIC INFORMATION FROM TOP-LEVEL AND BOTTOM-LEVEL FEATURES AND MINIMIZE INFORMATION REDUNDANCY. SUBSEQUENTLY, THE BLEND FEATURE MAPS ARE FED INTO A NOVEL POLARIZED FEATURE FOCUSING MODULE, WHICH DECOUPLES THE FEATURES USED IN CLASSIFICATION AND REGRESSION TO CREATE TASK-SPECIFIC DISCRIMINATING FEATURES MAPS. MEANWHILE, WE ADOPT THE ADAPTIVE HARMONY ANCHOR LABELING AND PROPOSE A NOVEL METRIC, HARMONY SCORE, TO CHOOSE HIGH-QUALITY ANCHORS THAT CAN EFFECTIVELY CAPTURE THE DISCRIMINATING FEATURES OF THE TARGET. EXTENSIVE EXPERIMENTS ON FOUR FINE-GRAINED REMOTE SENSING SHIP DATASETS (HRSC2016, DOSR, FGSD2021, AND SHIPRSIMAGENET) DEMONSTRATE THAT OUR FINESHIPNET OUTPERFORMS CURRENT STATE-OF-THE-ART OBJECT DETECTION METHODS, ACHIEVING SUPERIOR PERFORMANCE WITH MEAN AVERAGE PRECISION SCORES OF 81.3\%, 68.5\%, 85.7\%, AND 63.9\%, RESPECTIVELY.",NA,NA,NA,0,NA
"10.1109/jstars.2024.3488034",2024,"ZHANG W;CAI M;ZHANG T;LEI G;ZHUANG Y;MAO X","POPEYE: A UNIFIED VISUAL-LANGUAGE MODEL FOR MULTISOURCE SHIP DETECTION FROM REMOTE SENSING IMAGERY","IEEE JOURNAL OF SELECTED TOPICS IN APPLIED EARTH OBSERVATIONS AND REMOTE SENSING","SHIP DETECTION NEEDS TO IDENTIFY SHIP LOCATIONS FROM REMOTE SENSING SCENES. DUE TO DIFFERENT IMAGING PAYLOADS, VARIOUS APPEARANCES OF SHIPS, AND COMPLICATED BACKGROUND INTERFERENCE FROM THE BIRD'S EYE VIEW, IT IS DIFFICULT TO SETUP A UNIFIED PARADIGM FOR ACHIEVING MULTISOURCE SHIP DETECTION. TO ADDRESS THIS CHALLENGE, IN THIS ARTICLE, LEVERAGING THE LARGE LANGUAGE MODELS POWERFUL GENERALIZATION ABILITY, A UNIFIED VISUAL-LANGUAGE MODEL CALLED POPEYE IS PROPOSED FOR MULTISOURCE SHIP DETECTION FROM RS IMAGERY. SPECIFICALLY, TO BRIDGE THE INTERPRETATION GAP ACROSS THE MULTISOURCE IMAGES FOR SHIP DETECTION, A NOVEL UNIFIED LABELING PARADIGM IS DESIGNED TO INTEGRATE DIFFERENT VISUAL MODALITIES AND THE VARIOUS SHIP DETECTION WAYS, I.E., HORIZONTAL BOUNDING BOX AND ORIENTED BOUNDING BOX. SUBSEQUENTLY, THE HYBRID EXPERTS ENCODER IS DESIGNED TO REFINE MULTISCALE VISUAL FEATURES, THEREBY ENHANCING VISUAL PERCEPTION. THEN, A VISUAL-LANGUAGE ALIGNMENT METHOD IS DEVELOPED FOR POPEYE TO ENHANCE INTERACTIVE COMPREHENSION ABILITY BETWEEN VISUAL AND LANGUAGE CONTENT. FURTHERMORE, AN INSTRUCTION ADAPTION MECHANISM IS PROPOSED FOR TRANSFERRING THE PRETRAINED VISUAL-LANGUAGE KNOWLEDGE FROM THE NATURE SCENE INTO THE RS DOMAIN FOR MULTISOURCE SHIP DETECTION. IN ADDITION, THE SEGMENT ANYTHING MODEL IS ALSO SEAMLESSLY INTEGRATED INTO THE PROPOSED POPEYE TO ACHIEVE PIXEL-LEVEL SHIP SEGMENTATION WITHOUT ADDITIONAL TRAINING COSTS. FINALLY, EXTENSIVE EXPERIMENTS ARE CONDUCTED ON THE NEWLY CONSTRUCTED SHIP INSTRUCTION DATASET NAMED MMSHIP, AND THE RESULTS INDICATE THAT THE PROPOSED POPEYE OUTPERFORMS CURRENT SPECIALIST, OPEN-VOCABULARY, AND OTHER VISUAL-LANGUAGE MODELS IN ZERO-SHOT MULTISOURCE VARIOUS SHIP DETECTION TASKS.",NA,NA,NA,0,NA
"10.1109/jstars.2024.3514855",2025,"FENG Y;ZHANG Y;ZHANG X;WANG Y;MEI S","LARGE CONVOLUTION KERNEL NETWORK WITH EDGE SELF-ATTENTION FOR ORIENTED SAR SHIP DETECTION","IEEE JOURNAL OF SELECTED TOPICS IN APPLIED EARTH OBSERVATIONS AND REMOTE SENSING","SYNTHETIC APERTURE RADAR (SAR) SHIP DETECTION IS A POPULAR AREA IN REMOTE SENSING, WHICH HAS BROAD APPLICATIONS IN FISHERY MANAGEMENT, MARITIME RESCUE AND MARINE DETECTION. IN RECENT YEARS, DEEP LEARNING HAS BEEN SUCCESSFULLY APPLIED IN THIS FIELD, BUT SAR SHIP DETECTION STILL FACES SOME CHALLENGES, SUCH AS SPECKLE NOISE, STRONG SCATTERING INTERFERENCE FROM COMPLEX BACKGROUNDS, AND INSUFFICIENT USE OF SAR IMAGE CHARACTERISTICS. THESE ISSUES RESULT IN INACCURATE SHIP POSITIONING IN COMPLEX SCENES AND A HIGH RATE OF FALSE ALARMS. TO ADDRESS THE ABOVE CHALLENGES, WE PROPOSE A LARGE CONVOLUTION KERNEL NETWORK WITH EDGE SELF-ATTENTION FOR ORIENTED SAR SHIP DETECTION (LKE-DET), WHICH CAN ACCURATELY DETECT ARBITRARILY ROTATED SHIP TARGETS IN SAR IMAGES. FIRST, WE PROPOSE A BACKBONE NETWORK BASED ON LARGE CONVOLUTIONAL KERNELS, WHICH HAS A LARGE RECEPTIVE FIELD AND CAN ENHANCE THE LONG-RANGE DEPENDENCIES OF SHIPS. THE BACKBONE ADOPTS A BIFURCATED GATE UNIT STRUCTURE TO COMBINE THE MULTISCALE PARALLEL CONVOLUTION KERNEL MODULE AND THE LARGE CONVOLUTION KERNEL ATTENTION MODULE. THE STRUCTURE CAPTURES FEATURE INFORMATION OF DIFFERENT SCALES WHILE OBTAINING SUFFICIENT CONTEXT INFORMATION. SECOND, WE ADOPT AN EDGE SELF-ATTENTION MECHANISM, WHICH USES AN EDGE DETECTION ALGORITHM TO EXTRACT THE GRADIENT MATRIX OF THE IMAGE AND INTEGRATE IT INTO THE FEATURE PYRAMID STRUCTURE TO EFFECTIVELY ENHANCE THE CONTOUR INFORMATION OF SHIPS. THE EXTENSIVE EXPERIMENTS ON SSDD AND RSDD-SAR DATASETS DEMONSTRATE THAT OUR LKE-DET OUTPERFORMS THE STATE-OF-THE-ART METHODS.","ARTICLE",NA,"MARINE VEHICLES; FEATURE EXTRACTION; RADAR POLARIMETRY; KERNEL; CONVOLUTION; IMAGE EDGE DETECTION; RADAR IMAGING; RADAR; SYNTHETIC APERTURE RADAR; SCATTERING; DEEP LEARNING; EDGE SELF-ATTENTION; LARGE CONVOLUTION KERNEL; ORIENTED SHIP DETECTION; SYNTHETIC APERTURE RADAR (SAR)",14,"ENGINEERING; PHYSICAL GEOGRAPHY; REMOTE SENSING; IMAGING SCIENCE & PHOTOGRAPHIC TECHNOLOGY"
"10.1109/jstars.2024.3514855",2025,"FENG Y;ZHANG Y;ZHANG X;WANG Y;MEI S","LARGE CONVOLUTION KERNEL NETWORK WITH EDGE SELF-ATTENTION FOR ORIENTED SAR SHIP DETECTION","IEEE JOURNAL OF SELECTED TOPICS IN APPLIED EARTH OBSERVATIONS AND REMOTE SENSING","SYNTHETIC APERTURE RADAR (SAR) SHIP DETECTION IS A POPULAR AREA IN REMOTE SENSING, WHICH HAS BROAD APPLICATIONS IN FISHERY MANAGEMENT, MARITIME RESCUE AND MARINE DETECTION. IN RECENT YEARS, DEEP LEARNING HAS BEEN SUCCESSFULLY APPLIED IN THIS FIELD, BUT SAR SHIP DETECTION STILL FACES SOME CHALLENGES, SUCH AS SPECKLE NOISE, STRONG SCATTERING INTERFERENCE FROM COMPLEX BACKGROUNDS, AND INSUFFICIENT USE OF SAR IMAGE CHARACTERISTICS. THESE ISSUES RESULT IN INACCURATE SHIP POSITIONING IN COMPLEX SCENES AND A HIGH RATE OF FALSE ALARMS. TO ADDRESS THE ABOVE CHALLENGES, WE PROPOSE A LARGE CONVOLUTION KERNEL NETWORK WITH EDGE SELF-ATTENTION FOR ORIENTED SAR SHIP DETECTION (LKE-DET), WHICH CAN ACCURATELY DETECT ARBITRARILY ROTATED SHIP TARGETS IN SAR IMAGES. FIRST, WE PROPOSE A BACKBONE NETWORK BASED ON LARGE CONVOLUTIONAL KERNELS, WHICH HAS A LARGE RECEPTIVE FIELD AND CAN ENHANCE THE LONG-RANGE DEPENDENCIES OF SHIPS. THE BACKBONE ADOPTS A BIFURCATED GATE UNIT STRUCTURE TO COMBINE THE MULTISCALE PARALLEL CONVOLUTION KERNEL MODULE AND THE LARGE CONVOLUTION KERNEL ATTENTION MODULE. THE STRUCTURE CAPTURES FEATURE INFORMATION OF DIFFERENT SCALES WHILE OBTAINING SUFFICIENT CONTEXT INFORMATION. SECOND, WE ADOPT AN EDGE SELF-ATTENTION MECHANISM, WHICH USES AN EDGE DETECTION ALGORITHM TO EXTRACT THE GRADIENT MATRIX OF THE IMAGE AND INTEGRATE IT INTO THE FEATURE PYRAMID STRUCTURE TO EFFECTIVELY ENHANCE THE CONTOUR INFORMATION OF SHIPS. THE EXTENSIVE EXPERIMENTS ON SSDD AND RSDD-SAR DATASETS DEMONSTRATE THAT OUR LKE-DET OUTPERFORMS THE STATE-OF-THE-ART METHODS. © 2008-2012 IEEE.","ARTICLE",NA,"DEEP LEARNING; EDGE SELF-ATTENTION; LARGE CONVOLUTION KERNEL; ORIENTED SHIP DETECTION; SYNTHETIC APERTURE RADAR (SAR)",14,NA
"10.1109/jstars.2025.3541217",2025,"LI P;FENG C;FENG W;HU X","ORIENTED BOUNDING BOX REPRESENTATION BASED ON CONTINUOUS ENCODING IN ORIENTED SAR SHIP DETECTION","IEEE JOURNAL OF SELECTED TOPICS IN APPLIED EARTH OBSERVATIONS AND REMOTE SENSING","SHIP DETECTION OF SYNTHETIC APERTURE RADAR (SAR) IMAGES HOLDS SIGNIFICANT VALUE FOR BOTH CIVILIAN AND MILITARY APPLICATIONS. COMPARED TO HORIZONTAL SHIP DETECTION, ORIENTED SHIP DETECTION BASED ON ORIENTED BOUNDING BOXES CAN CAPTURE THE ORIENTATION AND ASPECT RATIO OF SHIPS, THUS RECEIVING INCREASING ATTENTION. HOWEVER, IN ORIENTED SHIP DETECTION, WHEN SHIPS ROTATE NEAR THE SPECIFIC ANGLES, THE ANGLE PREDICTION RESULT OBTAINED BY THE DEEP LEARNING NETWORK MAY HAVE A SEVERE MUTATION, WHICH IS THE WELL-KNOWN BOUNDARY DISCONTINUITY PROBLEM. TO ADDRESS THE ISSUE OF BOUNDARY DISCONTINUITY IN SAR SHIP DETECTION, RESEARCHERS HAVE PROPOSED NUMEROUS METHODS. HOWEVER, THROUGH OUR SYSTEMATIC ANALYSIS, WE FOUND THAT THESE METHODS DO NOT FUNDAMENTALLY SOLVE THE PROBLEM. TO THIS END, WE FIRST CLARIFIED THE REASONS FOR THE EXISTENCE OF BOUNDARY DISCONTINUITY AND HOW IT AFFECTS THE DETECTION NETWORK. BASED ON THIS, WE PROPOSED THE CONDITIONS THAT THE ENCODING METHODS AND LOSS FUNCTIONS OF THE DETECTION NETWORK MUST SATISFY TO ADDRESS THE ISSUE OF BOUNDARY DISCONTINUITY. IN LINE WITH THESE CONDITIONS, WE DESIGNED A CONTINUOUS ENCODING METHOD CALLED COORDINATE DECOMPOSITION METHOD (CDM). IN ADDITION, WE ALSO ANALYZED THE IMPACT OF DIFFERENT OPTIMIZATION METHODS ON THE DETECTION NETWORK AND, BASED ON THIS, PRESENTED A JOINT OPTIMIZATION PARADIGM BASED ON CONTINUOUS ENCODING. EXPERIMENTAL RESULTS ON TWO COMMONLY USED SAR SHIP DETECTION DATASETS DEMONSTRATE THAT OUR PROPOSED CDM ENCODING METHOD EFFECTIVELY ADDRESSES THE BOUNDARY DISCONTINUITY ISSUE AND ENHANCES THE DETECTION PERFORMANCE. COMPARED TO THE STATE-OF-THE-ART METHODS, THE FULLY CONVOLUTIONAL ONE-STAGE NETWORK USING THE CDM-BASED JOINT OPTIMIZATION ACHIEVES OPTIMAL DETECTION RESULTS WITHOUT EMPLOYING ANY ADDITIONAL TECHNIQUES.","ARTICLE",NA,"MARINE VEHICLES; ENCODING; OPTIMIZATION; SYNTHETIC APERTURE RADAR; MEASUREMENT; PREDICTIVE MODELS; ACCURACY; REMOTE SENSING; RADAR IMAGING; EARTH; BOUNDARY DISCONTINUITY; JOINT OPTIMIZATION; ORIENTED OBJECT DETECTION; SHIP DETECTION; SYNTHETIC APERTURE RADAR (SAR)",6,"ENGINEERING; PHYSICAL GEOGRAPHY; REMOTE SENSING; IMAGING SCIENCE & PHOTOGRAPHIC TECHNOLOGY"
"10.1109/jstars.2025.3541217",2025,"LI P;FENG C;FENG W;HU X","ORIENTED BOUNDING BOX REPRESENTATION BASED ON CONTINUOUS ENCODING IN ORIENTED SAR SHIP DETECTION","IEEE JOURNAL OF SELECTED TOPICS IN APPLIED EARTH OBSERVATIONS AND REMOTE SENSING","SHIP DETECTION OF SYNTHETIC APERTURE RADAR (SAR) IMAGES HOLDS SIGNIFICANT VALUE FOR BOTH CIVILIAN AND MILITARY APPLICATIONS. COMPARED TO HORIZONTAL SHIP DETECTION, ORIENTED SHIP DETECTION BASED ON ORIENTED BOUNDING BOXES CAN CAPTURE THE ORIENTATION AND ASPECT RATIO OF SHIPS, THUS RECEIVING INCREASING ATTENTION. HOWEVER, IN ORIENTED SHIP DETECTION, WHEN SHIPS ROTATE NEAR THE SPECIFIC ANGLES, THE ANGLE PREDICTION RESULT OBTAINED BY THE DEEP LEARNING NETWORK MAY HAVE A SEVERE MUTATION, WHICH IS THE WELL-KNOWN BOUNDARY DISCONTINUITY PROBLEM. TO ADDRESS THE ISSUE OF BOUNDARY DISCONTINUITY IN SAR SHIP DETECTION, RESEARCHERS HAVE PROPOSED NUMEROUS METHODS. HOWEVER, THROUGH OUR SYSTEMATIC ANALYSIS, WE FOUND THAT THESE METHODS DO NOT FUNDAMENTALLY SOLVE THE PROBLEM. TO THIS END, WE FIRST CLARIFIED THE REASONS FOR THE EXISTENCE OF BOUNDARY DISCONTINUITY AND HOW IT AFFECTS THE DETECTION NETWORK. BASED ON THIS, WE PROPOSED THE CONDITIONS THAT THE ENCODING METHODS AND LOSS FUNCTIONS OF THE DETECTION NETWORK MUST SATISFY TO ADDRESS THE ISSUE OF BOUNDARY DISCONTINUITY. IN LINE WITH THESE CONDITIONS, WE DESIGNED A CONTINUOUS ENCODING METHOD CALLED COORDINATE DECOMPOSITION METHOD (CDM). IN ADDITION, WE ALSO ANALYZED THE IMPACT OF DIFFERENT OPTIMIZATION METHODS ON THE DETECTION NETWORK AND, BASED ON THIS, PRESENTED A JOINT OPTIMIZATION PARADIGM BASED ON CONTINUOUS ENCODING. EXPERIMENTAL RESULTS ON TWO COMMONLY USED SAR SHIP DETECTION DATASETS DEMONSTRATE THAT OUR PROPOSED CDM ENCODING METHOD EFFECTIVELY ADDRESSES THE BOUNDARY DISCONTINUITY ISSUE AND ENHANCES THE DETECTION PERFORMANCE. COMPARED TO THE STATE-OF-THE-ART METHODS, THE FULLY CONVOLUTIONAL ONE-STAGE NETWORK USING THE CDM-BASED JOINT OPTIMIZATION ACHIEVES OPTIMAL DETECTION RESULTS WITHOUT EMPLOYING ANY ADDITIONAL TECHNIQUES. © 2008-2012 IEEE.","ARTICLE",NA,"BOUNDARY DISCONTINUITY; JOINT OPTIMIZATION; ORIENTED OBJECT DETECTION; SHIP DETECTION; SYNTHETIC APERTURE RADAR (SAR)",7,NA
"10.1109/jstars.2025.3570872",2025,"YANG Y;ZHANG Z;FENG P;YAN Y;HE G;LIU S;ZHANG P;GAO H","HMS-NET: A HIERARCHICAL MULTILABEL FINE-GRAINED SHIP DETECTION NETWORK IN REMOTE SENSING IMAGES","IEEE JOURNAL OF SELECTED TOPICS IN APPLIED EARTH OBSERVATIONS AND REMOTE SENSING","THE ADVENT OF DEEP LEARNING HAS SIGNIFICANTLY ADVANCED THE EFFICIENCY AND ACCURACY OF FINE-GRAINED SHIP DETECTION IN REMOTE SENSING IMAGES. HOWEVER, EXISTING METHODS OFTEN RELY ON FLATTENED LABEL SUPERVISION DURING TRAINING, NEGLECTING CRITICAL INTERCLASS RELATIONSHIPS AND HIERARCHICAL SEMANTIC INFORMATION, WHICH EXACERBATES THE CHALLENGES OF FINE-GRAINED SHIP DETECTION. TO ADDRESS THESE LIMITATIONS, THIS ARTICLE PROPOSES HIERARCHICAL MULTILABEL SHIP DETECTION NETWORK (HMS-NET), A NOVEL FRAMEWORK THAT INTEGRATES HIERARCHICAL MULTILABEL CLASSIFICATION WITH FINE-GRAINED SHIP DETECTION. HMS-NET INCORPORATES A PARALLEL MULTILEVEL SEMANTIC FEATURE EXTRACTION AND FUSION NETWORK, WHICH LEVERAGES THE MULTISCALE REGION FEATURE RE-EXTRACTION MODULE TO PERFORM EFFECTIVE FEATURE RE-EXTRACTION AT DIFFERENT SEMANTIC LEVELS. IN ADDITION, A TOP-DOWN FEATURE FUSION MECHANISM, COMBINED WITH THE FEATURE GUIDANCE MODULE, FACILITATES EFFICIENT KNOWLEDGE TRANSFER FROM UPPER LEVEL TO LOWER LEVEL FEATURES. FURTHERMORE, WE DESIGN A HIERARCHICAL RELATIONSHIP CONSTRAINT LOSS FUNCTION TO EXPLICITLY MODEL INTERCLASS RELATIONSHIPS AMONG SHIPS, OPTIMIZING FEATURE DISTANCE MEASUREMENTS BETWEEN DIFFERENT CLASSES. EXTENSIVE ABLATION AND COMPARATIVE EXPERIMENTS ON THE HRSC2016 AND SHIPRSIMAGENET DATASETS DEMONSTRATE THE SUPERIORITY OF HMS-NET. MOREOVER, OUR METHOD HAS BEEN SUCCESSFULLY APPLIED TO VARIOUS TWO-STAGE ORIENTED OBJECT DETECTION FRAMEWORKS, CONSISTENTLY ACHIEVING PERFORMANCE IMPROVEMENTS, THEREBY HIGHLIGHTING ITS PLUG-AND-PLAY VERSATILITY.","ARTICLE",NA,"MARINE VEHICLES; FEATURE EXTRACTION; SEMANTICS; OBJECT DETECTION; REMOTE SENSING; ACCURACY; TRANSFORMERS; TAXONOMY; SHAPE; MULTI LABEL CLASSIFICATION; DEEP LEARNING; FINE-GRAINED SHIP DETECTION; HIERARCHICAL MULTILABEL CLASSIFICATION; REMOTE SENSING IMAGES",1,"ENGINEERING; PHYSICAL GEOGRAPHY; REMOTE SENSING; IMAGING SCIENCE & PHOTOGRAPHIC TECHNOLOGY"
"10.1109/jstars.2025.3570872",2025,"YANG Y;ZHANG Z;FENG P;YAN Y;HE G;LIU S;ZHANG P;GAO H","HMS-NET: A HIERARCHICAL MULTILABEL FINE-GRAINED SHIP DETECTION NETWORK IN REMOTE SENSING IMAGES","IEEE JOURNAL OF SELECTED TOPICS IN APPLIED EARTH OBSERVATIONS AND REMOTE SENSING","THE ADVENT OF DEEP LEARNING HAS SIGNIFICANTLY ADVANCED THE EFFICIENCY AND ACCURACY OF FINE-GRAINED SHIP DETECTION IN REMOTE SENSING IMAGES. HOWEVER, EXISTING METHODS OFTEN RELY ON FLATTENED LABEL SUPERVISION DURING TRAINING, NEGLECTING CRITICAL INTERCLASS RELATIONSHIPS AND HIERARCHICAL SEMANTIC INFORMATION, WHICH EXACERBATES THE CHALLENGES OF FINE-GRAINED SHIP DETECTION. TO ADDRESS THESE LIMITATIONS, THIS ARTICLE PROPOSES HIERARCHICAL MULTILABEL SHIP DETECTION NETWORK (HMS-NET), A NOVEL FRAMEWORK THAT INTEGRATES HIERARCHICAL MULTILABEL CLASSIFICATION WITH FINE-GRAINED SHIP DETECTION. HMS-NET INCORPORATES A PARALLEL MULTILEVEL SEMANTIC FEATURE EXTRACTION AND FUSION NETWORK, WHICH LEVERAGES THE MULTISCALE REGION FEATURE RE-EXTRACTION MODULE TO PERFORM EFFECTIVE FEATURE RE-EXTRACTION AT DIFFERENT SEMANTIC LEVELS. IN ADDITION, A TOP-DOWN FEATURE FUSION MECHANISM, COMBINED WITH THE FEATURE GUIDANCE MODULE, FACILITATES EFFICIENT KNOWLEDGE TRANSFER FROM UPPER LEVEL TO LOWER LEVEL FEATURES. FURTHERMORE, WE DESIGN A HIERARCHICAL RELATIONSHIP CONSTRAINT LOSS FUNCTION TO EXPLICITLY MODEL INTERCLASS RELATIONSHIPS AMONG SHIPS, OPTIMIZING FEATURE DISTANCE MEASUREMENTS BETWEEN DIFFERENT CLASSES. EXTENSIVE ABLATION AND COMPARATIVE EXPERIMENTS ON THE HRSC2016 AND SHIPRSIMAGENET DATASETS DEMONSTRATE THE SUPERIORITY OF HMS-NET. MOREOVER, OUR METHOD HAS BEEN SUCCESSFULLY APPLIED TO VARIOUS TWO-STAGE ORIENTED OBJECT DETECTION FRAMEWORKS, CONSISTENTLY ACHIEVING PERFORMANCE IMPROVEMENTS, THEREBY HIGHLIGHTING ITS PLUG-AND-PLAY VERSATILITY. © 2008-2012 IEEE.","ARTICLE",NA,"DEEP LEARNING; FINE-GRAINED SHIP DETECTION; HIERARCHICAL MULTILABEL CLASSIFICATION; REMOTE SENSING IMAGES",1,NA
"10.1109/jstars.2025.3570872",2025,"YANG Y;ZHANG Z;FENG P;YAN Y;HE G;LIU S;ZHANG P;GAO H","HMS-NET: A HIERARCHICAL MULTILABEL FINE-GRAINED SHIP DETECTION NETWORK IN REMOTE SENSING IMAGES","IEEE JOURNAL OF SELECTED TOPICS IN APPLIED EARTH OBSERVATIONS AND REMOTE SENSING","THE ADVENT OF DEEP LEARNING HAS SIGNIFICANTLY ADVANCED THE EFFICIENCY AND ACCURACY OF FINE-GRAINED SHIP DETECTION IN REMOTE SENSING IMAGES. HOWEVER, EXISTING METHODS OFTEN RELY ON FLATTENED LABEL SUPERVISION DURING TRAINING, NEGLECTING CRITICAL INTERCLASS RELATIONSHIPS AND HIERARCHICAL SEMANTIC INFORMATION, WHICH EXACERBATES THE CHALLENGES OF FINE-GRAINED SHIP DETECTION. TO ADDRESS THESE LIMITATIONS, THIS ARTICLE PROPOSES HIERARCHICAL MULTILABEL SHIP DETECTION NETWORK (HMS-NET), A NOVEL FRAMEWORK THAT INTEGRATES HIERARCHICAL MULTILABEL CLASSIFICATION WITH FINE-GRAINED SHIP DETECTION. HMS-NET INCORPORATES A PARALLEL MULTILEVEL SEMANTIC FEATURE EXTRACTION AND FUSION NETWORK, WHICH LEVERAGES THE MULTISCALE REGION FEATURE RE-EXTRACTION MODULE TO PERFORM EFFECTIVE FEATURE RE-EXTRACTION AT DIFFERENT SEMANTIC LEVELS. IN ADDITION, A TOP-DOWN FEATURE FUSION MECHANISM, COMBINED WITH THE FEATURE GUIDANCE MODULE, FACILITATES EFFICIENT KNOWLEDGE TRANSFER FROM UPPER LEVEL TO LOWER LEVEL FEATURES. FURTHERMORE, WE DESIGN A HIERARCHICAL RELATIONSHIP CONSTRAINT LOSS FUNCTION TO EXPLICITLY MODEL INTERCLASS RELATIONSHIPS AMONG SHIPS, OPTIMIZING FEATURE DISTANCE MEASUREMENTS BETWEEN DIFFERENT CLASSES. EXTENSIVE ABLATION AND COMPARATIVE EXPERIMENTS ON THE HRSC2016 AND SHIPRSIMAGENET DATASETS DEMONSTRATE THE SUPERIORITY OF HMS-NET. MOREOVER, OUR METHOD HAS BEEN SUCCESSFULLY APPLIED TO VARIOUS TWO-STAGE ORIENTED OBJECT DETECTION FRAMEWORKS, CONSISTENTLY ACHIEVING PERFORMANCE IMPROVEMENTS, THEREBY HIGHLIGHTING ITS PLUG-AND-PLAY VERSATILITY.",NA,NA,NA,0,NA
"10.1109/jstars.2025.3592850",2025,"HU Z;FAN X;ZHAO Y;WU W;LIU J","MHOE-DETR: A SHIP DETECTION METHOD FOR SMALL AND FUZZY TARGETS BASED ON SATELLITE REMOTE SENSING IMAGE DATA","IEEE JOURNAL OF SELECTED TOPICS IN APPLIED EARTH OBSERVATIONS AND REMOTE SENSING","PINPOINTING ELUSIVE AND MINOR TARGET VESSELS FROM SATELLITE-BASED IMAGES IS RECOGNIZED AS A CONSIDERABLE OBSTACLE IN THE SPECIALIZED AREAS OF COMPUTER VISION AND THE EXAMINATION OF REMOTE SENSING IMAGERY. THE MAJORITY OF EXISTING METHODS ARE BASED ON THE YOLO ARCHITECTURE, WHICH RELIES ON MANUALLY DESIGNED ANCHOR POINTS AND NONMAXIMUM SUPPRESSION (NMS) POSTPROCESSING. THE DETECTION OF SMALL TARGETS IN A SINGLE SCENE, THE PHENOMENON OF “CATASTROPHIC FORGETTING” DUE TO THE STREAMING OF DATA, AND THE ISSUE OF AN “INFORMATION BOTTLENECK” PRESENT SIGNIFICANT CHALLENGES IN THIS FIELD. IN ORDER TO ADDRESS THESE ISSUES, WE PROPOSE THE FOLLOWING SOLUTIONS. A HYBRID EXPLICIT SPATIAL PRIOR MH-NET NETWORK BASED ON MANHATTAN DISTANCE IS DESIGNED. BY DECOMPOSING THE SELF-ATTENTION MATRIX AND THE SPATIAL ATTENUATION MATRIX, THE SPATIAL CORRELATIONS OF DIFFERENT DIRECTIONS AND POSITIONS ARE CAPTURED, THUS EFFECTIVELY ALLEVIATING THE PROBLEM OF CATASTROPHIC FORGETTING. WE PROPOSE AN ONLINE CONVOLUTIONAL REPARAMETERIZATION EFFICIENT LAYER AGGREGATION NETWORKS CROSS-STAGE FUSION NETWORK. THROUGH EQUIVALENT TRANSFORMATIONS, THE COMPLEX NETWORK ARCHITECTURE IS COMPRESSED INTO A SINGLE LINEAR LAYER. THE NETWORK GROUPS AND PROCESSES INPUT FEATURES IN PARALLEL, INTEGRATING BOTH LOW-DIMENSIONAL AND HIGH-DIMENSIONAL FEATURES TO ALLEVIATE THE INFORMATION BOTTLENECK PROBLEM. THE PREDICTION HEAD OF THE MODEL USES THE DINO DECODER AND APPLIES CONTRASTIVE DENOISING TO REMOVE USELESS PREDICTION BOXES. THIS ALLOWS THE PROPOSED MHOE-DETR MODEL TO AVOID THRESHOLDING AND NMS), REDUCING THE MODEL’S COMPUTATIONAL COMPLEXITY. THE EXPERIMENTAL RESULTS DEMONSTRATE THAT THE MHOE-DETR ALGORITHM, DESIGNED FOR THIS PURPOSE, MARKEDLY ENHANCES THE DETECTION PERFORMANCE OF SMALL AND INDISTINCT TARGETS IN PRIVATE REMOTE SENSING DATASETS. THE AVERAGE ACCURACY, RECALL, AND AP50 REACHED 96.3\%, 91.4\%, AND 95.4\%, RESPECTIVELY, WHILE MAINTAINING A LOW GFLOPS VALUE (54.4 G) AND PARAMETRIC COUNT (77.3 M). THESE FINDINGS OFFER SUBSTANTIAL TECHNICAL JUSTIFICATION FOR THE IMPLEMENTATION OF SEA AREA MANAGEMENT AND MARITIME SAFETY MONITORING STRATEGIES.",NA,NA,NA,0,NA
"10.1109/jstars.2025.3601579",2025,"OU J;SHEN Y;DU Y","DHLNET: A DYNAMIC HIERARCHICAL LIGHTWEIGHT NETWORK FOR ENHANCED SHIP DETECTION IN REMOTE SENSING IMAGES","IEEE JOURNAL OF SELECTED TOPICS IN APPLIED EARTH OBSERVATIONS AND REMOTE SENSING","SHIP DETECTION IN REMOTE SENSING IMAGES IS ESSENTIAL FOR MARITIME SURVEILLANCE AND ENVIRONMENTAL MONITORING. TRADITIONAL METHODS OFTEN STRUGGLE TO ACCURATELY IDENTIFY SHIPS IN COMPLEX SCENES OR WHEN TARGETS ARE SMALL, AND RECENT DEEP LEARNING APPROACHES, WHILE PROMISING, STILL FACE TRADEOFFS BETWEEN DETECTION ACCURACY, INFERENCE SPEED, AND COMPUTATIONAL COMPLEXITY. TO OVERCOME THESE LIMITATIONS, WE PROPOSE DYNAMIC HYBRID CONVOLUTIONAL NETWORK (DHLNET), A NOVEL DETECTION MODEL COMPRISING THREE SPECIALIZED MODULES. DHLNET INCLUDES A DYNAMIC HYBRID BLOCK MODULE THAT ADAPTIVELY SELECTS CONVOLUTIONAL KERNELS FOR MULTISCALE FEATURE EXTRACTION, A FASTER HIERARCHICAL ATTENTION FUSION BLOCK THAT INTEGRATES LOCAL DETAILS WITH GLOBAL CONTEXT THROUGH A MULTILEVEL ATTENTION MECHANISM, AND A LIGHTWEIGHT QUALITY ESTIMATION BN HEAD THAT BALANCES SPATIAL, CHANNEL, AND SCALE FEATURES FOR EFFICIENT DECODING. THESE INNOVATIONS COLLECTIVELY ENHANCE FEATURE REPRESENTATION AND IMPROVE DETECTION PERFORMANCE WITHOUT SIGNIFICANTLY INCREASING THE COMPUTATIONAL COST. EXTENSIVE EXPERIMENTS ON A SELF-COLLECTED SHIP DATASET AND PUBLIC BENCHMARKS (DOTA-SHIP AND VISDRONE2019) VALIDATE THE EFFECTIVENESS OF DHLNET. THE PROPOSED MODEL OUTPERFORMS STATE-OF-THE-ART DETECTORS (E.G., YOLOV8, YOLO-KAN, MAMBA) IN BOTH MAP50 AND F1-SCORE METRICS. FOR EXAMPLE, ON OUR DATASET, DHLNET ACHIEVES AN MAP50 OF 91.4\%, WHICH IS 2.7\% HIGHER THAN THAT OF YOLO-KAN. THESE RESULTS DEMONSTRATE THAT DHLNET EFFECTIVELY HANDLES COMPLEX BACKGROUNDS AND SMALL TARGETS, OFFERING SIGNIFICANT IMPROVEMENTS IN DETECTION ACCURACY AND EFFICIENCY FOR REMOTE SENSING-BASED SHIP DETECTION.",NA,NA,NA,0,NA
"10.1109/jstars.2025.3605017",2025,"QIU Y;ZOU B;ZHANG L;MALLORQUÍ J","AN ANCHOR-FREE FEATURE-ENHANCED NETWORK FOR ARBITRARY ORIENTED SHIP DETECTION IN HIGH RESOLUTION SAR IMAGES","IEEE JOURNAL OF SELECTED TOPICS IN APPLIED EARTH OBSERVATIONS AND REMOTE SENSING","SHIP DETECTION IN SYNTHETIC APERTURE RADAR (SAR) IMAGES PLAYS A CRUCIAL ROLE IN MARITIME TRANSPORTATION. HOWEVER, SAR SHIP DETECTION FACES CHALLENGES, SUCH AS DIVERSE SHIP SCALES, COMPLEX BACKGROUND ENVIRONMENTS, SEVERE NOISE INTERFERENCE, AND THE DIFFICULTY OF DISTINGUISHING DENSELY DOCKED SHIPS, ALL OF WHICH HINDER THE PRECISION OF SHIP TARGET DETECTION. TO ADDRESS THESE ISSUES, AN ANCHOR-FREE FEATURE-ENHANCED NETWORK FOR ARBITRARY-ORIENTED SHIP DETECTION (AFFE-AOSD) IS PROPOSED, WHICH SIGNIFICANTLY ENHANCES THE DETECTION PERFORMANCE FOR MULTISCALE SHIP TARGETS AND DENSELY DOCKED SHIP FORMATIONS, WHILE ALSO IMPROVING ANGLE ESTIMATION ACCURACY. FIRST, WE DESIGNED AN EFFICIENT FEATURE INTEGRATION MODULE TO ENRICH GRADIENT FLOWS, TAILORED SPECIFICALLY FOR THE SHIP TARGET DETECTION TASK. THIS IMPROVES THE DETECTION OF SMALL TARGETS. IN ADDITION, TO ENABLE MORE PRECISE ANGLE ESTIMATION, A TWO-STAGE ANGLE PREDICTION MODULE WITH TWO STAGE CIRCULAR SMOOTH LABEL IS INTRODUCED. FURTHERMORE, AN ANGLE-AWARE DYNAMIC SAMPLE ASSIGNMENT METHOD AND AN ASSOCIATED LOSS FUNCTION THAT CONSIDER ANGLES HAVE BEEN DEVISED TO IMPROVE THE NETWORK’S ACCURACY IN ROTATION PREDICTIONS. EXPERIMENTS ON SSDD+ AND RSDD DATASETS DEMONSTRATE SIGNIFICANT IMPROVEMENTS: AFFE-AOSD OUTPERFORMS THE BASELINE ON SSDD+, IMPROVING PRECISION BY 3%, F1 SCORE BY 5.1%, AND AP50 BY 4.7%, AND ACHIEVES THE BEST ANGLE PREDICTION ACCURACY ON RSDD WITH A MEAN ERROR OF 4.47° AND A MEDIAN ERROR OF 2°.MOREOVER, THE PROPOSED METHOD CONSISTENTLY ACHIEVES REAL-TIME INFERENCE SPEEDS EXCEEDING 55 FRAME PER SECOND ACROSS DIFFERENT SCENES, CONFIRMING ITS EFFECTIVENESS IN BALANCING ACCURACY AND EFFICIENCY FOR PRACTICAL MARITIME APPLICATIONS. © 2008-2012 IEEE.","ARTICLE",NA,"ANCHOR FREE; ARBITRARY-ORIENTED; DEEP LEARNING; SHIP DETECTION; SYNTHETIC APERTURE RADAR (SAR)",0,NA
"10.1109/jstars.2025.3616512",2025,"YANG D;WU F;QU G;LIU Y;CHENG Y;ARAMAYO A;ZHENG Z;YANG Z","LGM-DET: A LIGHTWEIGHT GEOMETRY-AWARE MULTISCALE DETECTOR FOR ORIENTED SHIP TARGET DETECTION IN SAR IMAGES","IEEE JOURNAL OF SELECTED TOPICS IN APPLIED EARTH OBSERVATIONS AND REMOTE SENSING","SHIP TARGET DETECTION IS OF GREAT SIGNIFICANCE IN SYNTHETIC APERTURE RADAR (SAR) IMAGE APPLICATIONS. HOWEVER, BALANCING DETECTION ACCURACY AND EFFICIENCY REMAINS A SIGNIFICANT CHALLENGE IN PRACTICAL SAR SHIP DETECTION TASKS. SHIP TARGETS IN SAR IMAGES OFTEN EXHIBIT SIGNIFICANT MULTISCALE VARIATIONS AND ARBITRARY ORIENTATIONS, AND ARE FREQUENTLY EMBEDDED IN COMPLEX BACKGROUND CLUTTER. THESE CHARACTERISTICS DEMAND ROBUST GEOMETRIC MODELING AND FEATURE REPRESENTATION CAPABILITIES. MEANWHILE, DEPLOYMENT IN RESOURCE-CONSTRAINED ENVIRONMENTS PLACES HIGHER DEMANDS ON THE LIGHTWEIGHT DESIGN OF DETECTION MODELS. TO ADDRESS THESE CHALLENGES, THIS ARTICLE PROPOSES A LIGHTWEIGHT GEOMETRY-AWARE MULTISCALE DETECTOR (LGM-DET) FOR ORIENTED SHIP TARGET DETECTION IN SAR IMAGES. SPECIFICALLY, THE BACKBONE STAGE EMPLOYS A LIGHTWEIGHT FEATURE PERCEPTION BACKBONE (LFP-BACKBONE), WHICH INCORPORATES MULTISCALE GATED CONTEXT-AWARE (MSGCA) MODULE AND ATTENTION-BASED INTRA-SCALE FEATURE INTERACTION (AIFI) MODULE TO ENHANCE SCALE SENSITIVITY AND DIRECTIONAL MODELING CAPACITY. IN THE FEATURE FUSION STAGE, WE INTRODUCE AN EFFICIENT LONG-SHORT ATTENTION COUPLING (ELSAC) MODULE, WHICH MITIGATES THE IMBALANCE BETWEEN LOCAL AND GLOBAL SEMANTIC MODELING INHERENT IN TRADITIONAL ATTENTION MECHANISMS BY COUPLING LONG-RANGE AND SHORT-RANGE ATTENTION, THEREBY IMPROVING FEATURE REPRESENTATION. IN THE DETECTION HEAD, WE CONSTRUCT THE CROSS-SCALE TASK-COUPLED HEAD (CSTC-HEAD), WHICH LEVERAGES SCALE-WISE NORMALIZATION AND INDEPENDENT BATCH NORMALIZATION STRATEGIES TO EFFECTIVELY ADDRESS THE INCONSISTENCY OF MULTISCALE INFORMATION AND FURTHER ENHANCE THE MODEL’S PERCEPTION OF ORIENTED SHIP TARGETS. LGM-DET ACHIEVES AP50 SCORES OF 98.8% ON SSDD+ AND 97.4% ON RSDD-SAR, WHILE MAINTAINING A COMPACT ARCHITECTURE WITH JUST 1.5 MILLION PARAMETERS AND 5.1 GFLOPS, DEMONSTRATING BOTH HIGH ACCURACY AND EFFICIENCY. © 2008-2012 IEEE.","ARTICLE",NA,"DEEP LEARNING; FEATURE FUSION; LIGHTWEIGHT; ORIENTED SAR SHIP DETECTION; SYNTHETIC APERTURE RADAR (SAR)",0,NA
"10.1109/jstars.2025.3629101",2026,"CUI Q;ZHOU Y;ZHOU G;LI J;ZHU X;IRAMPAYE R","MULTIDIRECTIONAL ROTATION-AWARE NETWORK FOR ORIENTED SHIP DETECTION FROM REMOTE SENSING IMAGERY","IEEE JOURNAL OF SELECTED TOPICS IN APPLIED EARTH OBSERVATIONS AND REMOTE SENSING","SHIP DETECTION IN REMOTE SENSING IMAGERY (RSI) PLAYS A VITAL ROLE IN MILITARY AND INDUSTRIAL APPLICATIONS. HOWEVER, THE EFFECTIVENESS OF DEEP-LEARNING-BASED DETECTORS IS OFTEN CONSTRAINED BY THE COMPLEX CHARACTERISTICS OF SHIPS. SPECIFICALLY, THE ARBITRARY DIRECTIONAL ALIGNMENT OF SHIPS RESULTS IN SUBSTANTIAL INTRACLASS FEATURE VARIABILITY, AND CONVENTIONAL SQUARE CONVOLUTION KERNELS STRUGGLE TO ACCOMMODATE THE ELONGATED GEOMETRIC STRUCTURES, SUCH AS SHIPS. TO OVERCOME THESE CHALLENGES, WE PROPOSED A NOVEL NETWORK CALLED MULTIDIRECTIONAL ROTATION-AWARE NETWORK (MDR-NET), WHICH CONSISTS OF THREE KEY MODULES. GATED PINWHEEL-SHAPED CONVOLUTION (GPC): THE GPC, RESEMBLING A WINDMILLLIKE PATTERN, ENHANCES THE DETECTION OF ELONGATED TARGETS ALIGNED ALONG HORIZONTAL AND VERTICAL AXES BY ADAPTIVELY FUSING RECEPTIVE FIELDS IN ORTHOGONAL DIRECTIONS. ROTATED CONVOLUTION MODULE WITH ATTENTION-GUIDED ROUTING (RCA): RCA INTRODUCES A MULTISCALE CONVOLUTIONAL ATTENTION MECHANISM TO CAPTURE ROTATION ANGLES AND WEIGHTS AS INPUTS OF THE ROTATED CONVOLUTION OPERATION FOR EFFECTIVE FEATURE ALIGNMENT. FEATURE-ALIGNED ORIENTED REGION PROPOSAL NETWORK (FAORPN): TO GENERATE PROPOSALS THAT MORE ACCURATELY LOCALIZE MULTIORIENTED AND ELONGATED TARGETS, FAORPN IS INTRODUCED BY INTEGRATING RCA AND GPC THROUGH WEIGHTED FUSION WITHIN THE ORPN. EXTENSIVE COMPARATIVE EXPERIMENTS WITH OVER TEN CLASSICAL AND STATE-OF-THE-ART MODELS ON THE RSSDD AND DOTA-V1.0 DATASETS DEMONSTRATE THAT THE MDR-NET ACHIEVES SUPERIOR PERFORMANCE, WITH AP(50) AND AP(75) IMPROVED BY 0.6% AND 0.8% ON RSSDD, BY 0.52% AND 2.19% ON DOTA-V1.0, RESPECTIVELY. VISUALIZATION RESULTS FURTHER CORROBORATE THE ENHANCED DETECTION CAPABILITIES OF OUR APPROACH, SUBSTANTIATING THE EFFECTIVENESS OF MDR-NET IN EXTRACTING ROBUST SHIP FEATURES.","ARTICLE",NA,"MARINE VEHICLES; CONVOLUTION; FEATURE EXTRACTION; REMOTE SENSING; KERNEL; SHAPE; ACCURACY; PROPOSALS; OBJECT DETECTION; ATTENTION MECHANISMS; ORIENTED OBJECT DETECTION; PINWHEEL-SHAPED CONVOLUTION; REMOTE SENSING; ROTATIONAL CONVOLUTION KERNEL; SHIP DETECTION",0,"ENGINEERING; PHYSICAL GEOGRAPHY; REMOTE SENSING; IMAGING SCIENCE & PHOTOGRAPHIC TECHNOLOGY"
"10.1109/jstars.2025.3629101",2026,"CUI Q;ZHOU Y;ZHOU G;LI J;ZHU X;IRAMPAYE R","MULTIDIRECTIONAL ROTATION-AWARE NETWORK FOR ORIENTED SHIP DETECTION FROM REMOTE SENSING IMAGERY","IEEE JOURNAL OF SELECTED TOPICS IN APPLIED EARTH OBSERVATIONS AND REMOTE SENSING","SHIP DETECTION IN REMOTE SENSING IMAGERY (RSI) PLAYS A VITAL ROLE IN MILITARY AND INDUSTRIAL APPLICATIONS. HOWEVER, THE EFFECTIVENESS OF DEEP-LEARNING-BASED DETECTORS IS OFTEN CONSTRAINED BY THE COMPLEX CHARACTERISTICS OF SHIPS. SPECIFICALLY, THE ARBITRARY DIRECTIONAL ALIGNMENT OF SHIPS RESULTS IN SUBSTANTIAL INTRACLASS FEATURE VARIABILITY, AND CONVENTIONAL SQUARE CONVOLUTION KERNELS STRUGGLE TO ACCOMMODATE THE ELONGATED GEOMETRIC STRUCTURES, SUCH AS SHIPS. TO OVERCOME THESE CHALLENGES, WE PROPOSED A NOVEL NETWORK CALLED MULTIDIRECTIONAL ROTATION-AWARE NETWORK (MDR-NET), WHICH CONSISTS OF THREE KEY MODULES. GATED PINWHEEL-SHAPED CONVOLUTION (GPC): THE GPC, RESEMBLING A WINDMILLLIKE PATTERN, ENHANCES THE DETECTION OF ELONGATED TARGETS ALIGNED ALONG HORIZONTAL AND VERTICAL AXES BY ADAPTIVELY FUSING RECEPTIVE FIELDS IN ORTHOGONAL DIRECTIONS. ROTATED CONVOLUTION MODULE WITH ATTENTION-GUIDED ROUTING (RCA): RCA INTRODUCES A MULTISCALE CONVOLUTIONAL ATTENTION MECHANISM TO CAPTURE ROTATION ANGLES AND WEIGHTS AS INPUTS OF THE ROTATED CONVOLUTION OPERATION FOR EFFECTIVE FEATURE ALIGNMENT. FEATURE-ALIGNED ORIENTED REGION PROPOSAL NETWORK (FAORPN): TO GENERATE PROPOSALS THAT MORE ACCURATELY LOCALIZE MULTIORIENTED AND ELONGATED TARGETS, FAORPN IS INTRODUCED BY INTEGRATING RCA AND GPC THROUGH WEIGHTED FUSION WITHIN THE ORPN. EXTENSIVE COMPARATIVE EXPERIMENTS WITH OVER TEN CLASSICAL AND STATE-OF-THE-ART MODELS ON THE RSSDD AND DOTA-V1.0 DATASETS DEMONSTRATE THAT THE MDR-NET ACHIEVES SUPERIOR PERFORMANCE, WITH AP<INF>50</INF> AND AP<INF>75</INF> IMPROVED BY 0.6% AND 0.8% ON RSSDD, BY 0.52% AND 2.19% ON DOTA-V1.0, RESPECTIVELY. VISUALIZATION RESULTS FURTHER CORROBORATE THE ENHANCED DETECTION CAPABILITIES OF OUR APPROACH, SUBSTANTIATING THE EFFECTIVENESS OF MDR-NET IN EXTRACTING ROBUST SHIP FEATURES. © 2008-2012 IEEE.","ARTICLE",NA,"ORIENTED OBJECT DETECTION; PINWHEEL-SHAPED CONVOLUTION; REMOTE SENSING; ROTATIONAL CONVOLUTION KERNEL; SHIP DETECTION",0,NA
"10.1109/jstars.2025.3630995",2025,"CHEN Z;ZHANG P;LIU P;LI M","MSCF-NET: A LIGHTWEIGHT MULTISCALE SAR IMAGE ORIENTED SHIP DETECTION ALGORITHM IN COMPLEX SCENES","IEEE JOURNAL OF SELECTED TOPICS IN APPLIED EARTH OBSERVATIONS AND REMOTE SENSING","TO ADDRESS THE CHALLENGES IN SYNTHETIC APERTURE RADAR (SAR) SHIP DETECTION, INCLUDING COMPLEX TARGET BACKGROUNDS, MULTISCALE SHIPS, AND DIVERSE ORIENTATIONS, WHILE ALSO MEETING THE LIGHTWEIGHT REQUIREMENTS FOR SATELLITE-BASED APPLICATIONS, WE PROPOSE A LIGHTWEIGHT MULTISCALE FEATURE FUSION NETWORK-MSCF-NET. FIRST, WE DESIGN A LIGHTWEIGHT DILATION-WISE RESIDUAL C2F (DRC2F) MODULE THAT ENHANCES THE NETWORK'S MULTISCALE FEATURE EXTRACTION CAPABILITY THROUGH A TWO-STAGE RESIDUAL MECHANISM AND MULTISCALE DEPTH-WISE SEPARABLE DILATED CONVOLUTIONS. SECOND, TO OVERCOME THE LIMITATIONS OF TRADITIONAL FEATURE FUSION METHODS IN SAR SHIP DETECTION, WE PROPOSE A MULTISCALE CHANNEL FEATURE FUSION PYRAMID NETWORK, MSCF-FPN, WHICH EFFECTIVELY SUPPRESSES BACKGROUND NOISE INTERFERENCE WHILE HIGHLIGHTING FOREGROUND TARGET FEATURES THROUGH MULTIMODAL POOLING AND DYNAMIC FEATURE CALIBRATION MECHANISMS. FINALLY, TO FURTHER IMPROVE DETECTION ACCURACY ON SAR IMAGES CHARACTERIZED BY LOW TARGET-BACKGROUND DISCRIMINABILITY AND DIVERSE TARGET ORIENTATIONS, WE PROPOSE A MULTIBRANCH DECOUPLED DETECTION HEAD INTEGRATED WITH RECEPTIVE-FIELD ATTENTION TO IMPROVE THE DETECTION HEAD'S CAPACITY TO PERCEIVE SPATIAL AS WELL AS ORIENTATION INFORMATION. EXPERIMENTAL RESULTS DEMONSTRATE THAT MSCF-NET ACHIEVES DETECTION ACCURACIES OF 79.1% (+4.9%) AND 92.1% (+2%) ON THE SRSDD-V1.0 AND HIGH-RESOLUTION SAR IMAGES DATASET (HRSID), RESPECTIVELY, WITH MEAN AVERAGE PRECISIONS OF 71.7% (+5.8%) AND 93.3% (+0.2%). FURTHERMORE, THE NUMBER OF MODEL PARAMETERS IS DECREASED FROM 10.89M TO 4.66M, A REDUCTION OF APPROXIMATELY 57.2%, STRIKING AN EFFECTIVE BALANCE BETWEEN DETECTION PERFORMANCE AND MODEL EFFICIENCY. IN ADDITION, MSCF-NET EXHIBITS ROBUST GENERALIZATION CAPABILITIES ON LARGE-SCENE SAR IMAGES, RENDERING IT WELL-SUITED FOR APPLICATION IN COMPLICATED REAL-WORLD SCENARIOS.","ARTICLE",NA,"ARBITRARY-ORIENTED DETECTION; DEEP LEARNING; FEATURE FUSION; FEATURE FUSION; LIGHT-WEIGHT NETWORK; LIGHT-WEIGHT NETWORK; SYNTHETIC APERTURE RADAR (SAR) OBJECT DETECTION; SYNTHETIC APERTURE RADAR (SAR) OBJECT DETECTION; SYNTHETIC APERTURE RADAR (SAR) OBJECT DETECTION",0,"ENGINEERING; PHYSICAL GEOGRAPHY; REMOTE SENSING; IMAGING SCIENCE & PHOTOGRAPHIC TECHNOLOGY"
"10.1109/jstars.2025.3630995",2025,"CHEN Z;ZHANG P;LIU P;LI M","MSCF-NET: A LIGHTWEIGHT MULTISCALE SAR IMAGE ORIENTED SHIP DETECTION ALGORITHM IN COMPLEX SCENES","IEEE JOURNAL OF SELECTED TOPICS IN APPLIED EARTH OBSERVATIONS AND REMOTE SENSING","TO ADDRESS THE CHALLENGES IN SYNTHETIC APERTURE RADAR (SAR) SHIP DETECTION, INCLUDING COMPLEX TARGET BACKGROUNDS, MULTISCALE SHIPS, AND DIVERSE ORIENTATIONS, WHILE ALSO MEETING THE LIGHTWEIGHT REQUIREMENTS FOR SATELLITE-BASED APPLICATIONS, WE PROPOSE A LIGHTWEIGHT MULTISCALE FEATURE FUSION NETWORK—MSCF-NET. FIRST, WE DESIGN A LIGHTWEIGHT DILATION-WISE RESIDUAL C2F (DRC2F) MODULE THAT ENHANCES THE NETWORK’S MULTISCALE FEATURE EXTRACTION CAPABILITY THROUGH A TWO-STAGE RESIDUAL MECHANISM AND MULTISCALE DEPTH-WISE SEPARABLE DILATED CONVOLUTIONS. SECOND, TO OVERCOME THE LIMITATIONS OF TRADITIONAL FEATURE FUSION METHODS IN SAR SHIP DETECTION, WE PROPOSE A MULTISCALE CHANNEL FEATURE FUSION PYRAMID NETWORK, MSCF-FPN, WHICH EFFECTIVELY SUPPRESSES BACKGROUND NOISE INTERFERENCE WHILE HIGHLIGHTING FOREGROUND TARGET FEATURES THROUGH MULTIMODAL POOLING AND DYNAMIC FEATURE CALIBRATION MECHANISMS. FINALLY, TO FURTHER IMPROVE DETECTION ACCURACY ON SAR IMAGES CHARACTERIZED BY LOW TARGET-BACKGROUND DISCRIMINABILITY AND DIVERSE TARGET ORIENTATIONS, WE PROPOSE A MULTIBRANCH DECOUPLED DETECTION HEAD INTEGRATED WITH RECEPTIVE-FIELD ATTENTION TO IMPROVE THE DETECTION HEAD’S CAPACITY TO PERCEIVE SPATIAL AS WELL AS ORIENTATION INFORMATION. EXPERIMENTAL RESULTS DEMONSTRATE THAT MSCF-NET ACHIEVES DETECTION ACCURACIES OF 79.1% (+4.9%) AND 92.1% (+2%) ON THE SRSDD-V1.0 AND HIGH-RESOLUTION SAR IMAGES DATASET (HRSID), RESPECTIVELY, WITH MEAN AVERAGE PRECISIONS OF 71.7% (+5.8%) AND 93.3% (+0.2%). FURTHERMORE, THE NUMBER OF MODEL PARAMETERS IS DECREASED FROM 10.89M TO 4.66M, A REDUCTION OF APPROXIMATELY 57.2%, STRIKING AN EFFECTIVE BALANCE BETWEEN DETECTION PERFORMANCE AND MODEL EFFICIENCY. IN ADDITION, MSCF-NET EXHIBITS ROBUST GENERALIZATION CAPABILITIES ON LARGE-SCENE SAR IMAGES, RENDERING IT WELL-SUITED FOR APPLICATION IN COMPLICATED REAL-WORLD SCENARIOS. © 2008-2012 IEEE.","ARTICLE",NA,"ARBITRARY-ORIENTED DETECTION; DEEP LEARNING; FEATURE FUSION; LIGHT-WEIGHT NETWORK; SYNTHETIC APERTURE RADAR (SAR) OBJECT DETECTION",0,NA
"10.1109/jstars.2025.3631549",2026,"SONG Y;YUAN S;TIAN T;TIAN J;ZHAO T;LIU Y","A ROTATIONALLY EQUIVARIANT ATTENTION FRAMEWORK FOR INTEGRATED INSHORE SHIP DETECTION AND FINE-GRAINED CLASSIFICATION","IEEE JOURNAL OF SELECTED TOPICS IN APPLIED EARTH OBSERVATIONS AND REMOTE SENSING","DETECTING AND FINELY CLASSIFYING INSHORE SHIPS IN OPTICAL REMOTE SENSING IMAGERY IS CHALLENGING. THIS DIFFICULTY ARISES DUE TO COMPLEX BACKGROUNDS, ARBITRARY SHIP ORIENTATIONS, AND SUBTLE DIFFERENCES BETWEEN CLASSES. EXISTING METHODS OFTEN TREAT DETECTION AND CLASSIFICATION SEPARATELY, AND STRUGGLE WITH ROTATIONAL VARIABILITY AND FEATURE CONFLICTS. WE PROPOSE A NOVEL END-TO-END FRAMEWORK FOR SHIP DETECTION AND CLASSIFICATION. THE FRAMEWORK INTEGRATES CONTEXTUAL ATTENTION, ROTATIONALLY EQUIVARIANT FEATURE EXTRACTION, AND DECOUPLED DETECTION-CLASSIFICATION MODULES. A CONTEXTUAL ATTENTION ENHANCEMENT MODULE SUPPRESSES BACKGROUND INTERFERENCE AND HIGHLIGHTS SHIP REGIONS IN DIVERSE COASTAL SCENARIOS. A ROTATIONAL EQUIVARIANT NETWORK BACKBONE, COMBINED WITH GLOBAL AND LOCAL ROTATION-INVARIANT POOLING, CAPTURES ORIENTATION-ROBUST FEATURES FOR BOTH DETECTION AND FINE-GRAINED CLASSIFICATION. A MULTILEVEL FEATURE FUSION MODULE CONSOLIDATES GLOBAL AND LOCAL REPRESENTATIONS THROUGH ATTENTION GUIDANCE. IN ADDITION, A DETECTION-CLASSIFICATION DECOUPLING MODULE RESOLVES TASK CONFLICTS AND ENABLES UNIFIED TRAINING. OUR FRAMEWORK DEMONSTRATES COMPETITIVE RESULTS IN OPTICAL SHIP DATASETS, PARTICULARLY IN ROTATIONAL ROBUSTNESS AND BACKGROUND SUPPRESSION. THE INTEGRATED MODULES ENHANCE DETECTION RECALL, AND EXHIBITING STRONG ROBUSTNESS TO ROTATION, BACKGROUND CLUTTER, AND INTERCLASS SIMILARITY. © 2008-2012 IEEE.","ARTICLE",NA,"CONTEXTUAL ATTENTION; END-TO-END FRAMEWORK; FINE-GRAINED CLASSIFICATION; INSHORE SHIP DETECTION; ROTATION-INVARIANT POOLING; ROTATIONAL EQUIVARIANCE",0,NA
"10.1109/lgrs.2020.3038901",2022,"LI Y;ZHANG S;WANG W","A LIGHTWEIGHT FASTER R-CNN FOR SHIP DETECTION IN SAR IMAGES","IEEE GEOSCIENCE AND REMOTE SENSING LETTERS","DEEP LEARNING ALGORITHMS HAVE BEEN WIDELY UTILIZED FOR SYNTHETIC APERTURE RADAR (SAR) TARGET DETECTION. NEVERTHELESS, THE TRADITIONAL FEATURE EXTRACTION METHODS AND DEEP LEARNING METHODS ACHIEVE IMPROVED SHIP DETECTION ACCURACY AT A COST OF INCREASED COMPLEXITY AND LOWER DETECTION SPEED. AS DETECTION SPEED ALSO IS MEANINGFUL, ESPECIALLY IN REAL-TIME MARITIME RESCUE AND EMERGENCY MILITARY DECISION-MAKING APPLICATIONS, WE PROPOSE A NEW FRAMEWORK OF FASTER REGION-BASED CONVOLUTIONAL NEURAL NETWORK (R-CNN) DETECTION METHOD TO HANDLE THIS PROBLEM. A NEW LIGHTWEIGHT BASIC NETWORK WITH FEATURE RELAY AMPLIFICATION AND MULTISCALE FEATURE JUMP CONNECTION STRUCTURE IS DESIGNED TO EXTRACT THE FEATURES OF EACH SCALE TARGET IN THE SAR IMAGES, SO AS TO IMPROVE ITS RECOGNITION AND LOCALIZATION TASK NETWORK. MOREOVER, THE K-MEANS METHOD IS USED TO OBTAIN THE DISTRIBUTION OF THE TARGET SCALE, WHICH ENABLES TO SELECT MORE APPROPRIATE PRESET ANCHOR BOXES TO REDUCE THE DIFFICULTY OF NETWORK LEARNING. FINALLY, ROIALIGN INSTEAD OF REGION OF INTEREST (ROI) POOLING IS USED TO REDUCE THE QUANTIZATION ERROR DURING POSITIONING. EXPERIMENTAL RESULTS SHOW THAT THE DETECTION PERFORMANCE OF THE PROPOSED METHOD ACHIEVES 0.898 AVERAGE PRECISION (AP), WHICH IS 2.78\% BETTER THAN THE CONVENTIONAL FASTER R-CNN AND 800\% FASTER DETECTION SPEED.",NA,NA,NA,0,NA
"10.1109/lgrs.2020.3043746",2022,"ZHOU G;ZHANG Y;SHI S","A TARGET-ORIENTED MULTISOURCE ASSOCIATION MODEL BASED ON TRIPLE-UNIT-GRAPH AND FEATURE CONSTRAINT REPRESENTATION LEARNING FOR SAR TARGET DETECTION TASKS","IEEE GEOSCIENCE AND REMOTE SENSING LETTERS","WHEN IT COMES TO MULTISOURCE COLLABORATION ISSUES, PREVIOUS REGISTRATION-BASED STUDIES ALWAYS ATTEMPT TO BUILD RELIABLE CONNECTIONS BETWEEN TWO SOURCES. HOWEVER, THESE PIXEL-ORIENTED ALGORITHMS OFTEN HIGHLY RELY ON MAPPING FUNCTIONS OR REQUIRE OTHER AUXILIARY DATA. IN THIS LETTER, A TARGET-ORIENTED MULTISOURCE ASSOCIATION MODEL (TOMSAM) IS PROPOSED. IT IS A NEW PERSPECTIVE OF MULTIINFORMATION INTEGRATION DRIVEN BY PRACTICAL APPLICATIONS IN REMOTE SENSING. THE TWO MAIN PARTS IN TOMSAM GRADUALLY USE THE SIMILARITY INFORMATION IN PIXEL AND FEATURE LEVEL. FIRST, TO COVER THE COMPREHENSIVE PRIOR INFORMATION, A TRIPLE-UNIT-GRAPH IS BUILT. THEN, A FEATURE-CONSTRAINT DEEP NEURAL NETWORKS FOR GRAPH REPRESENTATIONS (FC_DNGRS) MODEL IS ADOPTED TO AUTOMATICALLY LEARN THE COMPRESSED REPRESENTATION. SO FAR, THE HETEROGENEOUS SAMPLES ARE UNIFIED IN A NEW FEATURE SPACE. THESE NEW ABSTRACTIONS ASSOCIATED WITH THE SOURCE DOMAIN CAN SOLVE THE PROBLEM OF INSUFFICIENT SAMPLES IN THE TARGET DOMAIN. REAL REMOTE SENSING IMAGES ACQUIRED BY SYNTHETIC APERTURE RADAR (SAR) AND OPTICAL SATELLITES ARE UTILIZED TO CONDUCT EXPERIMENTS ON AIRPLANE AND VESSEL DETECTION TASKS. EXPERIMENTAL RESULTS SHOW THAT THE REPRESENTATION OBTAINED BY TOMSAM OUTPERFORMED THE BASELINE REPRESENTATIONS. THE SUPPORT VECTOR MACHINE (SVM) TRAINED BY ASSOCIATED FEATURES CAN COMPLETE THE DETECTION TASKS EVEN IN THE CASE OF LIMITED QUANTITY OF PRIOR SAMPLES IN THE TARGET DOMAIN. © 2004-2012 IEEE.","ARTICLE",NA,"DATA FUSION; NETWORK EMBEDDING (NE); REPRESENTATION LEARNING; SYNTHETIC APERTURE RADAR (SAR); TARGET DETECTION",1,NA
"10.1109/lgrs.2022.3144485",2022,"SU N;HUANG Z;YAN Y;ZHAO C;ZHOU S","DETECT LARGER AT ONCE: LARGE-AREA REMOTE-SENSING IMAGE ARBITRARY-ORIENTED SHIP DETECTION","IEEE GEOSCIENCE AND REMOTE SENSING LETTERS","SHIP DETECTION IS ONE OF THE MAIN PROBLEMS OF SATELLITE IMAGE ANALYSIS. SINCE SHIPS ARE SCATTERED ON THE SEA AND MAJOR PORTS, LARGE-AREA REMOTE-SENSING IMAGES NEED TO BE PROCESSED IN ORDER TO REALIZE THE DETECTION OF SHIPS. IN ADDITION, SINCE THE SATELLITE IS A TOP-DOWN VIEW, THE SHIP WITH ASPECT RATIOS CANNOT BE COVERED IN COMPLEX BACKGROUNDS BY A HORIZONTAL BOUNDING BOX VERY WELL AND NEED A ROTATING BOUNDING BOX TO ACHIEVE THIS TASK. ALTHOUGH CONSIDERABLE PROGRESS HAS BEEN MADE IN OBJECT DETECTION TECHNIQUES, THERE ARE STILL CHALLENGES FOR FAST DETECTION OF SHIPS IN LARGE-AREA REMOTE-SENSING IMAGES. IN THIS LETTER, AN ARBITRARY-ORIENTED DETECTOR FOR LARGE-AREA REMOTE-SENSING IMAGES IS PROPOSED TO QUICKLY LOCATE SHIP POSITIONS. A NEW FEATURE EXTRACTION NETWORK DCNDARKNET25 BASED ON YOU ONLY LOOK ONCE (YOLO) IS DESIGNED BY REDUCING PARAMENTS AND ADDING DEFORMABLE CONVOLUTION (DCN) TO IMPROVE THE SPEED AND ACCURACY. AND THE ROTATION DETECTION CAPABILITY WITHOUT ANGLE REGRESSION IS ADDED TO THE YOLO DETECTION ALGORITHM FOR THE FIRST TIME. FINALLY, THANKS TO THE ADVANTAGES OF OUR FULLY CONVOLUTIONAL LIGHTWEIGHT NETWORK, A METHOD FOR DETECTING LARGE-AREA REMOTE-SENSING IMAGES AT ONCE IS PROPOSED. IN THE PUBLIC DATASET HRSC2016 AND OUR OWN LARGE-AREA REMOTE-SENSING (LARS) IMAGE DATASET, IT HAS ACHIEVED VERY GOOD ACCURACY AND SEVERAL TIMES THE SPEED OF OTHER ALGORITHMS.",NA,NA,NA,0,NA
"10.1109/lgrs.2022.3145039",2022,"ZHAO M;SHI J;WANG Y","ORIENTATION-AWARE FEATURE FUSION NETWORK FOR SHIP DETECTION IN SAR IMAGES","IEEE GEOSCIENCE AND REMOTE SENSING LETTERS","RECENTLY, DEEP LEARNING METHODS HAVE BEEN SUCCESSFULLY APPLIED TO THE SHIP DETECTION IN SYNTHETIC APERTURE RADAR (SAR) IMAGES. IT IS STILL A GREAT CHALLENGE TO DETECT SAR SHIPS, DUE TO THE EXTREMELY POOR IMAGE QUALITY AND COMPLEX BACKGROUND. TO SOLVE THE PROBLEMS, A NOVEL METHOD NAMED ORIENTATION-AWARE FEATURE FUSION NETWORK (OFF-NET) FOR SHIP DETECTION IN SAR IMAGES IS PROPOSED IN THIS LETTER. OFF-NET CONSISTS OF GLOBAL CONTEXT PATH AGGREGATION (GCPA) MODULE AND LOCAL ROTATED CONTRAST ENHANCE (LRCE) MODULE, WHICH FUSES THE GLOBAL AND LOCAL INFORMATION IN FEATURE EXTRACTION. FIRST, GCPA MODULE IS EXPLORED TO INTEGRATE THE GLOBAL CONTEXT BLOCK WITH PATH AGGREGATION NETWORK (PAN) TO LEARN THE GLOBAL BACKGROUND INFORMATION. SECOND, BY DESIGNING A ROTATION SCHEME BASED ON FEATURE MAP CYCLIC SHIFT WITH FOUR DIRECTIONS, LRCE MODULE IS DEVELOPED TO ENHANCE THE TARGETS AND SUPPRESS THE BACKGROUND CLUTTERS IN SAR IMAGES. FINALLY, A DECOUPLED ORIENTATION-AWARE HEAD IS PROPOSED TO HANDLE THE ARBITRARILY ROTATED SHIPS MORE ROBUSTLY AND ALLEVIATE THE CONFLICT BETWEEN CLASSIFICATION AND REGRESSION TASKS DURING DETECTION. IN ADDITION, A HIGH-RESOLUTION SAR-SHIP DETECTION DATASET (OBB-HRSDD) WITH ROTATABLE BOUNDING BOXES IS PROVIDED. THE DETECTION RESULTS ON THE SAR SHIP DETECTION DATASET (SSDD+) AND OBB-HRSDD ILLUSTRATE THAT OUR METHOD OUTPERFORMS ALL THE COMPARED METHODS. THE CODE AND OBB-HRSDD ARE RELEASED AT HTTPS://GITHUB.COM/SJX152/PAPERCODE © 2004-2012 IEEE.","ARTICLE",NA,"DEEP LEARNING; ORIENTATION-AWARE; SHIP DETECTION; SYNTHETIC APERTURE RADAR (SAR)",15,NA
"10.1109/lgrs.2022.3198681",2022,"QIN C;WANG X;LI G;HE Y","AN IMPROVED ATTENTION-GUIDED NETWORK FOR ARBITRARY-ORIENTED SHIP DETECTION IN OPTICAL REMOTE SENSING IMAGES","IEEE GEOSCIENCE AND REMOTE SENSING LETTERS","EXISTING SHIP DETECTION APPROACHES IN OPTICAL REMOTE SENSING IMAGES OFTEN SUFFER FROM BOTTLENECKS IN INSHORE SCENARIOS DUE TO THE SUBSTANTIAL INTERFERENCE. IN ADDITION, THE SHIP TARGETS WITH DIFFERENT ORIENTATION ANGLES AND LARGE ASPECT RATIOS INCREASE THE DIFFICULTY TO ACCURATELY PROFILE AND LOCATE THEM IN OPTICAL REMOTE SENSING IMAGES. TO ADDRESS THE AFOREMENTIONED ISSUES, A NOVEL DUAL SEPARATION ATTENTION NETWORK (DSA-NET) BASED ON THE SKEW COMPLETE INTERSECTION-OVER-UNION (SKEWCIOU) LOSS IS PROPOSED IN THIS LETTER. IN OUR DSA-NET, WE CONSTRUCT A CONTEXTUAL LOCATION MODULE (CLM) AS THE SPATIAL ATTENTION IN THE BACKBONE STAGE AND A GLOBAL CHANNEL MODULE (GCM) AS THE CHANNEL ATTENTION IN THE NECK STAGE, RESPECTIVELY. THE TWO SEPARATED ATTENTION MODULES ENHANCE THE DISCRIMINATION BETWEEN SHIP TARGETS AND COMPLEX INSHORE INTERFERENCES. MOREOVER, A SKEWCIOU LOSS CONSIDERING BOTH THE ANGLES AND ASPECT RATIOS OF SHIP TARGETS IS INTRODUCED TO OBTAIN A WELL-TRAINED NEURAL NETWORK WITH MORE ACCURATE DETECTION PERFORMANCE OF SLENDER SHIPS. EXPERIMENTS ON THE DATASET OF HIGH-RESOLUTION SHIP COLLECTION 2016 (HRSC2016) MANIFEST THE SUPERIORITY OF THE PROPOSED ALGORITHM IN COMPARISON TO THE EXISTING STATE-OF-THE-ART METHODS.",NA,NA,NA,0,NA
"10.1109/lgrs.2023.3239016",2023,"ZHUANG Y;LIU Y;ZHANG T;CHEN H","CONTOUR MODELING ARBITRARY-ORIENTED SHIP DETECTION FROM VERY HIGH-RESOLUTION OPTICAL REMOTE SENSING IMAGERY","IEEE GEOSCIENCE AND REMOTE SENSING LETTERS","UNDER THE MULTISCALE DISTRIBUTION, DUE TO DRAMATIC ASPECT RATIO VARIANCE LEADING TO PROMINENT ARBITRARY-ORIENTED CHARACTER OF SHIPS IN VERY HIGH-RESOLUTION (VHR) OPTICAL REMOTE SENSING IMAGERY, HOW TO GENERATE ACCURATE ORIENTED BOUNDING BOX (OBB) BECOMES A HOT RESEARCH TOPIC FOR ARBITRARY-ORIENTED SHIP DETECTION. CONSEQUENTLY, IN THIS LETTER, A CONCISE AND EFFECTIVE ONE-STAGE ANCHOR-FREE CONTOUR MODELING DETECTOR CALLED CMDET IS PROPOSED FOR ACCURATE ARBITRARY-ORIENTED SHIP DETECTION. DIFFERENT FROM CURRENTLY EXISTED METHODS VIA CAREFULLY DECOUPLING SEVERAL INDEPENDENTLY CHARACTERISTIC PARAMETERS FOR OBB MODELING AND REGRESSION, WE RESOLVE THE OBB MODELING BY JOINTLY REGRESSING THE CONTOUR INFORMATION. SPECIFICALLY, THE CONTOUR INFORMATION IS EXPRESSED AS A SERIES OF FOURIER TRANSFORM COEFFICIENTS, WHICH ARE GENERATED BY SETTING UP THE MAPPING RELATION OF 1-D FOURIER CONTOUR COEFFICIENTS AND SPATIAL OBB CONTOUR. IN ADDITION, A NEW INHERENT GEOMETRY LOSS IS DESIGNED TO MAKE DETECTOR BETTER LEARN THE GEOMETRY INFORMATION IN TRAINING PHASE. AFTER THAT, THE PROPOSED CMDET ONLY NEEDS TO PREDICT THE CORRECT CENTER POINT OF SHIPS AND REGRESS THE CORRESPONDING ENTIRE 1-D FOURIER CONTOUR COEFFICIENTS TO GENERATE ACCURATE OBB FOR SHIP DETECTION. FINALLY, EXTENSIVE EXPERIMENTS ARE CARRIED OUT ON TWO PUBLIC OBB SHIP DETECTION DATASETS (E.G., HRSC2016 AND DIOR-SHIP), AND COMPARISON RESULTS DEMONSTRATE THAT THE PROPOSED CMDET CAN OBTAIN THE COMPETITIVE RESULT THAN THE STATE-OF-THE-ART (SOTA) DETECTORS.",NA,NA,NA,0,NA
"10.1109/lgrs.2023.3324933",2023,"WANG H;LIU S;LV Y;LI S","SCATTERING INFORMATION FUSION NETWORK FOR ORIENTED SHIP DETECTION IN SAR IMAGES","IEEE GEOSCIENCE AND REMOTE SENSING LETTERS","SYNTHETIC APERTURE RADAR (SAR) IMAGE SHIP DETECTION IS A POPULAR AREA OF OCEAN REMOTE SENSING, WHICH HAS BROAD APPLICATION PROSPECTS IN OCEAN MONITORING, MARITIME RESCUE, AND OTHER TASKS. RECENTLY, DEEP LEARNING HAS BEEN USED IN THIS FIELD, BUT CONVOLUTIONAL NEURAL NETWORK (CNN)-BASED SAR SHIP DETECTION STILL FACES SOME CHALLENGES. FIRST, DUE TO THE CHARACTERISTIC OF CNN'S LOCAL CONVOLUTION, THE GLOBAL INFORMATION OF THE SHIP IS NOT SUFFICIENTLY LEARNED AND THE DETECTION IS VULNERABLE TO COMPLEX BACKGROUND INTERFERENCE. SECOND, SAR SHIP IMAGING VARIES GREATLY UNDER DIFFERENT IMAGING CONDITIONS AND POSTURES, SO CNN IS DIFFICULT TO ADAPT TO SCATTERING CHANGE IMAGING. TO SOLVE THESE PROBLEMS, WE PROPOSE A SCATTERING INFORMATION FUSION NETWORK (SIFNET) FOR ORIENTED SHIP DETECTION IN SAR IMAGES CONSISTING OF A MULTISCALE CONTEXTUAL SEMANTIC INFORMATION FUSION (MCSIF) MODULE AND A SCATTERING POINTS INFORMATION LEARNING (SPIL) MODULE. THE MCSIF MODULE ENHANCES THE ACQUISITION OF GLOBAL INFORMATION, ENABLING THE NETWORK TO EXTRACT MORE EFFICIENT FEATURE MAPS. THE SPIL MODULE TAKES ADVANTAGE OF THE FACT THAT SCATTERING POINTS CAN STABLY REPRESENT THE KEY FEATURES OF THE SHIP UNDER DIFFERENT IMAGING CONDITIONS TO MAKE DETECTION MORE ROBUST THROUGH SCATTERING INFORMATION LEARNING. EXPERIMENTS SHOW THAT OUR METHOD ACHIEVES THE HIGHEST F1-SCORE AND AP50 ON BOTH HIGH-RESOLUTION SAR IMAGES DATASET (HRSID) AND ROTATED SHIP DETECTION DATASET IN SAR IMAGE (RSDD-SAR) DATASETS.","ARTICLE",NA,"DEEP LEARNING; ORIENTED SHIP DETECTION; SCATTERING INFORMATION; SYNTHETIC APERTURE RADAR (SAR)",11,"GEOCHEMISTRY & GEOPHYSICS; ENGINEERING; REMOTE SENSING; IMAGING SCIENCE & PHOTOGRAPHIC TECHNOLOGY"
"10.1109/lgrs.2023.3324933",2023,"WANG H;LIU S;LV Y;LI S","SCATTERING INFORMATION FUSION NETWORK FOR ORIENTED SHIP DETECTION IN SAR IMAGES","IEEE GEOSCIENCE AND REMOTE SENSING LETTERS","SYNTHETIC APERTURE RADAR (SAR) IMAGE SHIP DETECTION IS A POPULAR AREA OF OCEAN REMOTE SENSING, WHICH HAS BROAD APPLICATION PROSPECTS IN OCEAN MONITORING, MARITIME RESCUE, AND OTHER TASKS. RECENTLY, DEEP LEARNING HAS BEEN USED IN THIS FIELD, BUT CONVOLUTIONAL NEURAL NETWORK (CNN)-BASED SAR SHIP DETECTION STILL FACES SOME CHALLENGES. FIRST, DUE TO THE CHARACTERISTIC OF CNN'S LOCAL CONVOLUTION, THE GLOBAL INFORMATION OF THE SHIP IS NOT SUFFICIENTLY LEARNED AND THE DETECTION IS VULNERABLE TO COMPLEX BACKGROUND INTERFERENCE. SECOND, SAR SHIP IMAGING VARIES GREATLY UNDER DIFFERENT IMAGING CONDITIONS AND POSTURES, SO CNN IS DIFFICULT TO ADAPT TO SCATTERING CHANGE IMAGING. TO SOLVE THESE PROBLEMS, WE PROPOSE A SCATTERING INFORMATION FUSION NETWORK (SIFNET) FOR ORIENTED SHIP DETECTION IN SAR IMAGES CONSISTING OF A MULTISCALE CONTEXTUAL SEMANTIC INFORMATION FUSION (MCSIF) MODULE AND A SCATTERING POINTS INFORMATION LEARNING (SPIL) MODULE. THE MCSIF MODULE ENHANCES THE ACQUISITION OF GLOBAL INFORMATION, ENABLING THE NETWORK TO EXTRACT MORE EFFICIENT FEATURE MAPS. THE SPIL MODULE TAKES ADVANTAGE OF THE FACT THAT SCATTERING POINTS CAN STABLY REPRESENT THE KEY FEATURES OF THE SHIP UNDER DIFFERENT IMAGING CONDITIONS TO MAKE DETECTION MORE ROBUST THROUGH SCATTERING INFORMATION LEARNING. EXPERIMENTS SHOW THAT OUR METHOD ACHIEVES THE HIGHEST F1-SCORE AND AP50 ON BOTH HIGH-RESOLUTION SAR IMAGES DATASET (HRSID) AND ROTATED SHIP DETECTION DATASET IN SAR IMAGE (RSDD-SAR) DATASETS. © 2004-2012 IEEE.","ARTICLE",NA,"DEEP LEARNING; ORIENTED SHIP DETECTION; SCATTERING INFORMATION; SYNTHETIC APERTURE RADAR (SAR)",17,NA
"10.1109/lgrs.2024.3361150",2024,"YAN Y;HE Y;SU N;HE G;FU H","PNBT-CR: A CLOUD REMOVAL METHOD FOR SHIP DETECTION","IEEE GEOSCIENCE AND REMOTE SENSING LETTERS","IN THE SHIP DETECTION OF REMOTE SENSING IMAGES, CLOUD OCCLUSION COULD BLUR THE BOUNDARIES BETWEEN SHIPS AND BACKGROUNDS, MAKING IT MORE CHALLENGING TO DISTINGUISH THEM. CLOUD OCCLUSION CAN ALSO RESULT IN PARTIAL OR COMPLETE OCCLUSION OF TARGET, MAKING IT DIFFICULT FOR MODELS TO DETECT SHIPS IN THEIR ENTIRETY. THEREFORE, THE USE OF CLOUD REMOVAL TECHNIQUES IS ESSENTIAL TO ENHANCE THE ACCURACY AND ROBUSTNESS OF TARGET DETECTION. HOWEVER, EXISTING CLOUD REMOVAL PROCESSES ARE APPLIED TO ENTIRE IMAGES, PROVIDING LIMITED IMPROVEMENTS FOR SPECIFIC OBJECT DETECTION. IN THIS LETTER, A PERLIN NOISE-BASED THIN CLOUD REMOVAL (PNBT-CR) NETWORK IS PROPOSED FOR SHIP DETECTION. THE PROPOSED ALGORITHM INTRODUCES A PERLIN NOISE MIST MIX MODULE, WHICH CAN IMPROVE THE CLOUD REMOVAL EFFECT OF THE NETWORK EFFECTIVELY. IT DESIGNED A TARGET-ORIENTED STRUCTURAL SIMILARITY (TOSS) LOSS FUNCTION THAT ENHANCES THE NETWORK'S ABILITY TO BOOST THE CONFIDENCE OF DETECTED SHIPS IN THE RESULTS. EXPERIMENTAL RESULTS DEMONSTRATE THE EFFICACY OF THIS APPROACH IN RESTORING TEXTURE DETAILS IN SHIPS AND ENHANCING THE ACCURACY OF SHIP DETECTION IN REMOTE SENSING IMAGERY. MOREOVER, THE IMAGES PROCESSED USING OUR METHOD CAN HAVE 89.86% STRUCTURAL SIMILARITY (SSIM) COMPARED TO THE ORIGINAL IMAGES, AND WHEN USED FOR SHIP DETECTION, THERE CAN BE A MAXIMUM IMPROVEMENT OF 11.7% F1-SCORE.","ARTICLE",NA,"MARINE VEHICLES; CLOUDS; IMAGE RESTORATION; TRAINING; DECODING; FEATURE EXTRACTION; TESTING; CLOUD OCCLUSION; CLOUD REMOVAL; DEEP LEARNING; IMAGE RESTORATION; SHIP DETECTION",7,"GEOCHEMISTRY & GEOPHYSICS; ENGINEERING; REMOTE SENSING; IMAGING SCIENCE & PHOTOGRAPHIC TECHNOLOGY"
"10.1109/lgrs.2024.3361150",2024,"YAN Y;HE Y;SU N;HE G;FU H","PNBT-CR: A CLOUD REMOVAL METHOD FOR SHIP DETECTION","IEEE GEOSCIENCE AND REMOTE SENSING LETTERS","IN THE SHIP DETECTION OF REMOTE SENSING IMAGES, CLOUD OCCLUSION COULD BLUR THE BOUNDARIES BETWEEN SHIPS AND BACKGROUNDS, MAKING IT MORE CHALLENGING TO DISTINGUISH THEM. CLOUD OCCLUSION CAN ALSO RESULT IN PARTIAL OR COMPLETE OCCLUSION OF TARGET, MAKING IT DIFFICULT FOR MODELS TO DETECT SHIPS IN THEIR ENTIRETY. THEREFORE, THE USE OF CLOUD REMOVAL TECHNIQUES IS ESSENTIAL TO ENHANCE THE ACCURACY AND ROBUSTNESS OF TARGET DETECTION. HOWEVER, EXISTING CLOUD REMOVAL PROCESSES ARE APPLIED TO ENTIRE IMAGES, PROVIDING LIMITED IMPROVEMENTS FOR SPECIFIC OBJECT DETECTION. IN THIS LETTER, A PERLIN NOISE-BASED THIN CLOUD REMOVAL (PNBT-CR) NETWORK IS PROPOSED FOR SHIP DETECTION. THE PROPOSED ALGORITHM INTRODUCES A PERLIN NOISE MIST MIX MODULE, WHICH CAN IMPROVE THE CLOUD REMOVAL EFFECT OF THE NETWORK EFFECTIVELY. IT DESIGNED A TARGET-ORIENTED STRUCTURAL SIMILARITY (TOSS) LOSS FUNCTION THAT ENHANCES THE NETWORK'S ABILITY TO BOOST THE CONFIDENCE OF DETECTED SHIPS IN THE RESULTS. EXPERIMENTAL RESULTS DEMONSTRATE THE EFFICACY OF THIS APPROACH IN RESTORING TEXTURE DETAILS IN SHIPS AND ENHANCING THE ACCURACY OF SHIP DETECTION IN REMOTE SENSING IMAGERY. MOREOVER, THE IMAGES PROCESSED USING OUR METHOD CAN HAVE 89.86% STRUCTURAL SIMILARITY (SSIM) COMPARED TO THE ORIGINAL IMAGES, AND WHEN USED FOR SHIP DETECTION, THERE CAN BE A MAXIMUM IMPROVEMENT OF 11.7% F1 -SCORE. © 2004-2012 IEEE.","ARTICLE",NA,"CLOUD OCCLUSION; CLOUD REMOVAL; DEEP LEARNING; IMAGE RESTORATION; SHIP DETECTION",7,NA
"10.1109/mapr63514.2024.10661071",2024,"DO T;TO T;NGUYEN T;LE D;MONTH = A","THE U-REACH MODEL FOR SHIP DETECTION OVER SATELLITE IMAGERY",NA,"THIS PAPER PRESENTS A NEW HYBRID DEEP-LEARNING MODEL, U-REACH, FOR DETECTING SHIPS OVER SATELLITE IMAGES. SPECIFICALLY, THE NEW U-REACH MODEL COMBINES TWO WELL-KNOWN DEEP LEARNING MODELS, UNET AND RESNET. HOWEVER, APPLYING A DEEP-LEARNING MODEL STRAIGHT INTO SATELLITE IMAGERY-RELATED TASKS USUALLY LEADS TO POOR PERFORMANCE DUE TO DATA IMBALANCE. AN AUXILIARY CLASSIFICATION HEAD IS ADDED AT THE END OF THE FEATURE EXTRACTION STAGE TO OVERCOME THE ISSUE. BESIDES, A NEW LOSS FUNCTION IS USED TO HANDLE THE PROBLEM OF IMBALANCED DATA. THE EXPERIMENT RESULTS WERE EXECUTED ON THE AIRBUS SHIP DATASET, INCLUDING 192,556 SATELLITE IMAGES, WHICH SHOWED THE PROMISE OF THE NEW APPROACH.",NA,NA,NA,2770,NA
"10.1109/mgrs.2023.3312347",2023,"ZHANG X;ZHANG T;WANG G;ZHU P;TANG X;JIA X;JIAO L","REMOTE SENSING OBJECT DETECTION MEETS DEEP LEARNING: A METAREVIEW OF CHALLENGES AND ADVANCES","IEEE GEOSCIENCE AND REMOTE SENSING MAGAZINE","REMOTE SENSING OBJECT DETECTION (RSOD), ONE OF THE MOST FUNDAMENTAL AND CHALLENGING TASKS IN THE REMOTE SENSING FIELD, HAS RECEIVED LONG-STANDING ATTENTION. IN RECENT YEARS, DEEP LEARNING TECHNIQUES HAVE DEMONSTRATED ROBUST FEATURE REPRESENTATION CAPABILITIES AND LED TO A BIG LEAP IN THE DEVELOPMENT OF RSOD TECHNIQUES. IN THIS ERA OF RAPID TECHNICAL EVOLUTION, THIS ARTICLE AIMS TO PRESENT A COMPREHENSIVE REVIEW OF THE RECENT ACHIEVEMENTS IN DEEP LEARNING-BASED RSOD METHODS. MORE THAN 300 PAPERS ARE COVERED IN THIS REVIEW. WE IDENTIFY FIVE MAIN CHALLENGES IN RSOD, INCLUDING MULTISCALE OBJECT DETECTION, ROTATED OBJECT DETECTION, WEAK OBJECT DETECTION, TINY OBJECT DETECTION, AND OBJECT DETECTION WITH LIMITED SUPERVISION, AND SYSTEMATICALLY REVIEW THE CORRESPONDING METHODS DEVELOPED IN A HIERARCHICAL DIVISION MANNER. WE ALSO REVIEW THE WIDELY USED BENCHMARK DATASETS AND EVALUATION METRICS WITHIN THE FIELD OF RSOD AS WELL AS THE APPLICATION SCENARIOS FOR RSOD. FUTURE RESEARCH DIRECTIONS ARE PROVIDED FOR FURTHER PROMOTING THE RESEARCH IN RSOD.","ARTICLE; EARLY ACCESS",NA,"OBJECT DETECTION; FEATURE EXTRACTION; REMOTE SENSING; DATA AUGMENTATION; DETECTORS; SENSORS; TASK ANALYSIS",86,"GEOCHEMISTRY & GEOPHYSICS; REMOTE SENSING; IMAGING SCIENCE & PHOTOGRAPHIC TECHNOLOGY"
"10.1109/oncon60463.2023.10431262",2023,"YANG J;HAO L;LIU Y;ZHANG Y;MONTH = D","SLT-NET: ENHANCED MASK RCNN NETWORK FOR SHIP LONG-TAILED DETECTION",NA,"SIGNIFICANT PROGRESS HAS BEEN MADE IN CLASS-BALANCED BENCHMARKS FOR SHIP DETECTION. NONETHELESS, THEIR PERFORMANCE IN REAL-WORLD SCENARIOS IS SUBPAR, EVEN FALLING SHORT OF EXPECTATIONS. THIS IS PRIMARILY ATTRIBUTED TO THE LONG-TAILED DISTRIBUTION OF CATEGORIES. TO ADDRESS THE AFOREMENTIONED CHALLENGES, THIS PAPER PROPOSES A SHIP LONG-TAILED NETWORK, NAMED SLT-NET, FOR FINE-GRAINED DETECTION OF SHIPS IN OPTICAL REMOTE SENSING IMAGES. IN PARTICULAR, SLT-NET EMPLOYS RESLT AS THE BACKBONE NETWORK, COMBINED WITH MUTUAL INFORMATION (MI) LOSS TO ENHANCE THE DETECTION PERFORMANCE. FIRSTLY, RESLT TAKES INTO ACCOUNT THE PARAMETER SPACE AND AIMS TO RESERVE SPECIFIC CAPACITY FOR TAIL CLASSES, THEREBY REBALANCING THE REPRESENTATION OF HEAD AND TAIL CLASSES. THEN, MI LOSS, INSTEAD OF CROSS-ENTROPY, IS EMPLOYED TO MINIMIZE THE DISCREPANCY BETWEEN THE REAL PROBABILITY DISTRIBUTION AND THE PREDICTED PROBABILITY DISTRIBUTION BY FITTING MUTUAL INFORMATION. EXPERIMENTAL RESULTS ON THE SHIPRSIMAGENET DATASET DEMONSTRATE THAT SLT-NET OUTPERFORMS EXISTING SOTA NETWORKS, SHOWCASING THE BEST PERFORMANCE IN TERMS OF SHIP DETECTION.",NA,NA,NA,0,NA
"10.1109/rast.2019.8767844",2019,"KARTAL M;DUMAN O;MONTH = J","SHIP DETECTION FROM OPTICAL SATELLITE IMAGES WITH DEEP LEARNING",NA,"THE EFFECTIVE USE AND CONTROL OF MARITIME ROUTES IN THE COMMERCIAL/MILITARY AREA IS AN INCREASING AND IMPORTANT NEED FOR STATES. THERE ARE SOME MOTIVATIONS FOR THIS PURPOSE: SAFE TRAFFIC OF THE SHIPS IN NARROW CANALS, AVOIDING ILLEGAL USAGE OF ANCHORING AREAS OF SHIPS, MONITORING FISHING ACTIVITIES TO AVOID ILLEGAL FISHING OR PROTECT FISH POPULATION, DETECTION OF LOST SHIPS, BOATS OR DEBRIS IN THE OCEAN, DETECTION AND IDENTIFICATION OF WARSHIPS (INTELLIGENCE, DEFENSE, OFFENSIVE, ETC.). THIS PAPER PROPOSED AN OPEN SOURCE, FAST RUNNING SHIP DETECTION SYSTEM FROM OPTICAL SATELLITE IMAGES WITH THE DEEP LEARNING ALGORITHM. THE SYSTEM DOES NOT NEED ANY COMPREHENSIVE HARDWARE, EVEN CAN WORK ON AN AVERAGE LAPTOP. TENSORFLOW OBJECT DETECTION APPLICATION PROGRAMMING INTERFACE (API)IS TRAINED BY OPTICAL SATELLITE IMAGES WITH SHIPS AND USED AS OBJECT DETECTION API.",NA,NA,NA,0,NA
"10.1109/taes.2024.3358781",2024,"WANG L;YANG Y;LIU Z","MULTIRESOLUTION SAR TARGET RECOGNITION BASED ON PHYSICAL ATTENTION ENHANCEMENT AND SCALE DISTILLATION","IEEE TRANSACTIONS ON AEROSPACE AND ELECTRONIC SYSTEMS","THE FEATURE REPRESENTATION OF SYNTHETIC APERTURE RADAR (SAR) TARGETS IS SENSITIVE TO DIFFERENT SENSOR ATTRIBUTES DUE TO THE COHERENT IMAGING MODE. INFLUENCED BY DIFFERENT SENSOR CONFIGURATIONS, THE CHARACTERIZATIONS WITHIN RESOLUTION CELLS OF SAR TARGETS FROM MULTISOURCE ARE SIGNIFICANTLY DIFFERENT. THEREFORE, THE INTEGRATION OF MULTISOURCE REMOTE SENSING DATA ACROSS RESOLUTIONS IS OF GREAT SIGNIFICANCE TO IMPROVE THE PERFORMANCE OF SAR AUTOMATIC TARGET RECOGNITION (ATR). IN THIS ARTICLE, WE PROPOSE A MULTIRESOLUTION SAR ATR METHOD BASED ON PHYSICAL ATTENTION (PA) AND SCALE DISTILLATION. FIRST, THE PA ENHANCEMENT MODULE WITH INCOHERENT ENTROPY (IE) IS DESIGNED, WHICH ASSIGNS RELATIVE SALIENT WEIGHTS TO TARGETS FROM THE SENSOR PERSPECTIVE. IN THIS WAY, PA IS ESTABLISHED TO CHARACTERIZE THE ROBUST PROPERTIES OF SAR TARGETS. THEN DUAL ATTENTION IS CONSTITUTED BY COMBINING PA AND VISUAL ATTENTION; THEY INTEGRATE BOTTOM-UP ROBUST REPRESENTATIONS AND TOP-DOWN TASK-ORIENTED FEATURES. FINALLY, SCALE KNOWLEDGE DISTILLATION IS PROPOSED TO TRANSFER MULTISCALE FEATURES, THEREBY COMPLEMENTING DISCRIMINATIVE KNOWLEDGE BEYOND LABEL SUPERVISION FOR SAR ATR. EXTENSIVE EXPERIMENTS ON MULTIRESOLUTION DATASETS OF FUSAR-SHIP AND OPENSARSHIP VALIDATE OUR METHOD WHEN COMPARED WITH NOVEL DEEP LEARNING ATR MODELS, TRANSFER LEARNING, AND KNOWLEDGE DISTILLATION METHODS.","ARTICLE",NA,"SYNTHETIC APERTURE RADAR; RADAR POLARIMETRY; TASK ANALYSIS; ENTROPY; FREQUENCY-DOMAIN ANALYSIS; SENSOR PHENOMENA AND CHARACTERIZATION; DATA MODELS; AUTOMATIC TARGET RECOGNITION (ATR); CROSS-RESOLUTION FEATURE LEARNING; MULTISOURCE DATA FUSION; PHYSICAL ATTENTION; SYNTHETIC APERTURE RADAR (SAR)",6,"ENGINEERING; TELECOMMUNICATIONS"
"10.1109/taes.2024.3358781",2024,"WANG L;YANG Y;LIU Z","MULTIRESOLUTION SAR TARGET RECOGNITION BASED ON PHYSICAL ATTENTION ENHANCEMENT AND SCALE DISTILLATION","IEEE TRANSACTIONS ON AEROSPACE AND ELECTRONIC SYSTEMS","THE FEATURE REPRESENTATION OF SYNTHETIC APERTURE RADAR (SAR) TARGETS IS SENSITIVE TO DIFFERENT SENSOR ATTRIBUTES DUE TO THE COHERENT IMAGING MODE. INFLUENCED BY DIFFERENT SENSOR CONFIGURATIONS, THE CHARACTERIZATIONS WITHIN RESOLUTION CELLS OF SAR TARGETS FROM MULTISOURCE ARE SIGNIFICANTLY DIFFERENT. THEREFORE, THE INTEGRATION OF MULTISOURCE REMOTE SENSING DATA ACROSS RESOLUTIONS IS OF GREAT SIGNIFICANCE TO IMPROVE THE PERFORMANCE OF SAR AUTOMATIC TARGET RECOGNITION (ATR). IN THIS ARTICLE, WE PROPOSE A MULTIRESOLUTION SAR ATR METHOD BASED ON PHYSICAL ATTENTION (PA) AND SCALE DISTILLATION. FIRST, THE PA ENHANCEMENT MODULE WITH INCOHERENT ENTROPY (IE) IS DESIGNED, WHICH ASSIGNS RELATIVE SALIENT WEIGHTS TO TARGETS FROM THE SENSOR PERSPECTIVE. IN THIS WAY, PA IS ESTABLISHED TO CHARACTERIZE THE ROBUST PROPERTIES OF SAR TARGETS. THEN DUAL ATTENTION IS CONSTITUTED BY COMBINING PA AND VISUAL ATTENTION; THEY INTEGRATE BOTTOM-UP ROBUST REPRESENTATIONS AND TOP-DOWN TASK-ORIENTED FEATURES. FINALLY, SCALE KNOWLEDGE DISTILLATION IS PROPOSED TO TRANSFER MULTISCALE FEATURES, THEREBY COMPLEMENTING DISCRIMINATIVE KNOWLEDGE BEYOND LABEL SUPERVISION FOR SAR ATR. EXTENSIVE EXPERIMENTS ON MULTIRESOLUTION DATASETS OF FUSAR-SHIP AND OPENSARSHIP VALIDATE OUR METHOD WHEN COMPARED WITH NOVEL DEEP LEARNING ATR MODELS, TRANSFER LEARNING, AND KNOWLEDGE DISTILLATION METHODS. © 1965-2011 IEEE.","ARTICLE",NA,"AUTOMATIC TARGET RECOGNITION (ATR); CROSS-RESOLUTION FEATURE LEARNING; MULTISOURCE DATA FUSION; PHYSICAL ATTENTION; SYNTHETIC APERTURE RADAR (SAR)",7,NA
"10.1109/tgrs.2020.2981203",2020,"ZHU Y;DU J;WU X","ADAPTIVE PERIOD EMBEDDING FOR REPRESENTING ORIENTED OBJECTS IN AERIAL IMAGES","IEEE TRANSACTIONS ON GEOSCIENCE AND REMOTE SENSING","WE PROPOSE A NOVEL METHOD FOR REPRESENTING ORIENTED OBJECTS IN AERIAL IMAGES NAMED ADAPTIVE PERIOD EMBEDDING (APE). ALTHOUGH TRADITIONAL OBJECT DETECTION METHODS REPRESENT OBJECTS USING HORIZONTAL BOUNDING BOXES, THE OBJECTS IN AERIAL IMAGES ARE ORIENTED. CALCULATING THE ANGLE OF THE OBJECT IS A YET CHALLENGING TASK. ALMOST ALL PREVIOUS OBJECT DETECTORS FOR AERIAL IMAGES DIRECTLY REGRESS THE ANGLE OF OBJECTS, THEY USE COMPLEX RULES TO CALCULATE THE ANGLE, AND THEIR PERFORMANCE IS LIMITED BY THE RULE DESIGN. IN CONTRAST, OUR METHOD IS BASED ON THE ANGULAR PERIODICITY OF ORIENTED OBJECTS. THE ANGLE IS REPRESENTED BY TWO 2-D PERIODIC VECTORS THE PERIODS OF WHICH ARE DIFFERENT, SO THE VECTOR IS CONTINUOUS AS THE SHAPE CHANGES. THE LABEL GENERATION RULE IS SIMPLER AND MORE REASONABLE COMPARED WITH PREVIOUS METHODS. THE PROPOSED METHOD IS GENERAL AND CAN BE APPLIED TO OTHER ORIENTED DETECTOR. BESIDES, WE PROPOSE A NOVEL INTERSECTION OVER UNION (IOU) CALCULATION METHOD FOR LONG OBJECTS NAMED LENGTH-INDEPENDENT IOU (LIIOU). WE INTERCEPT PART OF THE LONG SIDE OF THE TARGET BOX TO GET THE MAXIMUM IOU BETWEEN THE PROPOSED BOX AND INTERCEPTED TARGET BOX. THEREBY, SOME LONG BOXES WILL HAVE CORRESPONDING POSITIVE SAMPLES. OUR METHOD REACHES THE FIRST PLACE OF DOAI2019 COMPETITION TASK1 (ORIENTED OBJECT) HELD IN A WORKSHOP ON DETECTING OBJECTS IN AERIAL IMAGES IN CONJUNCTION WITH IEEE CVPR 2019.","ARTICLE",NA,"OBJECT DETECTION; DETECTORS; FEATURE EXTRACTION; TASK ANALYSIS; MARINE VEHICLES; IMAGE SEGMENTATION; REMOTE SENSING; AERIAL IMAGES; CONVOLUTIONAL NEURAL NETWORKS (CNN); DEEP LEARNING; INTERSECTION OVER UNION (IOU); ORIENTED OBJECT DETECTION",84,"GEOCHEMISTRY & GEOPHYSICS; ENGINEERING; REMOTE SENSING; IMAGING SCIENCE & PHOTOGRAPHIC TECHNOLOGY"
"10.1109/tgrs.2020.2995477",2021,"LI L;ZHOU Z;WANG B;MIAO L;ZONG H;MONTH = J","A NOVEL CNN-BASED METHOD FOR ACCURATE SHIP DETECTION IN HR OPTICAL REMOTE SENSING IMAGES VIA ROTATED BOUNDING BOX","IEEE TRANSACTIONS ON GEOSCIENCE AND REMOTE SENSING","CURRENTLY, RELIABLE AND ACCURATE SHIP DETECTION IN OPTICAL REMOTE SENSING IMAGES IS STILL CHALLENGING. EVEN THE STATE-OF-THE-ART CONVOLUTIONAL NEURAL NETWORK (CNN)-BASED METHODS CANNOT OBTAIN VERY SATISFACTORY RESULTS. TO MORE ACCURATELY LOCATE THE SHIPS IN DIVERSE ORIENTATIONS, SOME RECENT METHODS CONDUCT THE DETECTION VIA THE ROTATED BOUNDING BOX. HOWEVER, IT FURTHER INCREASES THE DIFFICULTY OF DETECTION BECAUSE AN ADDITIONAL VARIABLE OF SHIP ORIENTATION MUST BE ACCURATELY PREDICTED IN THE ALGORITHM. IN THIS ARTICLE, A NOVEL CNN-BASED SHIP-DETECTION METHOD IS PROPOSED BY OVERCOMING SOME COMMON DEFICIENCIES OF CURRENT CNN-BASED METHODS IN SHIP DETECTION. SPECIFICALLY, TO GENERATE ROTATED REGION PROPOSALS, CURRENT METHODS HAVE TO PREDEFINE MULTIORIENTED ANCHORS AND PREDICT ALL UNKNOWN VARIABLES TOGETHER IN ONE REGRESSION PROCESS, LIMITING THE QUALITY OF OVERALL PREDICTION. BY CONTRAST, WE ARE ABLE TO PREDICT THE ORIENTATION AND OTHER VARIABLES INDEPENDENTLY, AND YET MORE EFFECTIVELY, WITH A NOVEL DUAL-BRANCH REGRESSION NETWORK, BASED ON THE OBSERVATION THAT THE SHIP TARGETS ARE NEARLY ROTATION-INVARIANT IN REMOTE SENSING IMAGES. NEXT, A SHAPE-ADAPTIVE POOLING METHOD IS PROPOSED TO OVERCOME THE LIMITATION OF A TYPICAL REGULAR REGION OF INTEREST (ROI) POOLING IN EXTRACTING THE FEATURES OF THE SHIPS WITH VARIOUS ASPECT RATIOS. FURTHERMORE, WE PROPOSE TO INCORPORATE MULTILEVEL FEATURES VIA THE SPATIALLY VARIANT ADAPTIVE POOLING. THIS NOVEL APPROACH, CALLED MULTILEVEL ADAPTIVE POOLING, LEADS TO A COMPACT FEATURE REPRESENTATION MORE QUALIFIED FOR THE SIMULTANEOUS SHIP CLASSIFICATION AND LOCALIZATION. FINALLY, A DETAILED ABLATION STUDY PERFORMED ON THE PROPOSED APPROACHES IS PROVIDED, ALONG WITH SOME USEFUL INSIGHTS. EXPERIMENTAL RESULTS DEMONSTRATE THE GREAT SUPERIORITY OF THE PROPOSED METHOD IN SHIP DETECTION.",NA,NA,NA,0,NA
"10.1109/tgrs.2020.3002850",2021,"LIU Q;XIANG X;YANG Z;HU Y;HONG Y;MONTH = F","ARBITRARY DIRECTION SHIP DETECTION IN REMOTE-SENSING IMAGES BASED ON MULTITASK LEARNING AND MULTIREGION FEATURE FUSION","IEEE TRANSACTIONS ON GEOSCIENCE AND REMOTE SENSING","SHIP DETECTION IN REMOTE SENSING PLAYS AN IMPORTANT ROLE IN CIVIL AND MILITARY FIELDS. OWING TO THE COMPLEX BACKGROUND AND UNCERTAIN DIRECTION, SHIP DETECTION IS FULL OF CHALLENGE BY USING THE COMMONLY USED OBJECT-DETECTION METHODS. IN THIS ARTICLE, A NEW FRAMEWORK FOR DETECTING THE ARBITRARY DIRECTION SHIPS IS PROPOSED BASED ON THE IMPROVEMENT IN THE FASTER REGION-BASED CONVOLUTIONAL NETWORK (R-CNN), IN WHICH THE SHAPE OF THE BOUNDING BOX IS DESCRIBED BY THREE SIDES, NAMELY, VERTICAL SIDE, HORIZONTAL SIDE, AND SHORT SIDE, RESPECTIVELY. THE INCLINATION OF THE SHIP IS OBTAINED BY CALCULATING THE ARC-TANGENT VALUE OF THE VERTICAL SIDE TO THE HORIZONTAL SIDE. FIRST, THE BETTER PERFORMING RESNET-101 IS ADOPTED TO EXTRACT FEATURES OVER AN ENTIRE IMAGE, WHICH ARE SHARED BY THE REGION PROPOSAL NETWORK (RPN) AND THE HEAD NETWORK. THEN, THE MULTIDIRECTION PROPOSAL REGIONS THAT MAY CONTAIN SHIPS ARE GENERATED BY THE RPN. NEXT, THE GLOBAL AND LOCAL FEATURES OF THE PROPOSAL REGIONS ARE COMBINED AS THE WHOLE FEATURES OF THE REGIONS BY A MULTIREGION FEATURE-FUSION (MFF) MODULE, WHICH CAN PROVIDE MORE DETAILED INFORMATION OF THE REGIONS. FINALLY, THE HEAD NETWORK USES THE WHOLE FEATURES OF THE PROPOSAL REGIONS FOR BOUNDING-BOX RECOGNITION THROUGH MULTITASK LEARNING, INCLUDING CLASSIFICATION, REGRESSION, AND INCLINE DIRECTION PREDICTION (LEFT OR RIGHT). THE PROPOSED METHOD IS TESTED AND COMPARED WITH OTHER STATE-OF-THE-ART SHIP-DETECTION METHODS ON TWO OPEN REMOTE-SENSING DATA SETS AND SOME LARGE-SCALE AND REAL IMAGES. THE EXPERIMENTAL RESULTS VALIDATE THAT THE PROPOSED APPROACH HAS ACHIEVED BETTER PERFORMANCE.",NA,NA,NA,0,NA
"10.1109/tgrs.2020.3014195",2021,"YOU Y;RAN B;MENG G;LI Z;LIU F;LI Z","OPD-NET: PROW DETECTION BASED ON FEATURE ENHANCEMENT AND IMPROVED REGRESSION MODEL IN OPTICAL REMOTE SENSING IMAGERY","IEEE TRANSACTIONS ON GEOSCIENCE AND REMOTE SENSING","ACCURATE PROW DETECTION (I.E., SHIP HEADING PREDICTION) IS IMPORTANT IN MANY APPLICATIONS THAT RELY ON OPTICAL REMOTE SENSING IMAGERY, SUCH AS TRACK FORECASTING AND MARITIME NAVIGATION. IN RECENT YEARS, MANY ADVANCED METHODS BASED ON DEEP CONVOLUTION NEURAL NETWORKS (DCNNS) HAVE SUCCEEDED IN DETECTING MULTIDIRECTIONAL SHIPS. HOWEVER, THESE METHODS ARE NOT EFFECTIVE AT DETERMINING THE PROW ORIENTATION, PRIMARILY DUE TO THREE LIMITATIONS: WEAK ADAPTABILITY TO GEOMETRIC TRANSFORMATIONS OF SHIP TARGETS, CONFUSING THE SEMANTIC INFORMATION BETWEEN THE PROW AND OTHER PARTS OF SHIPS, AND THE BOUNDARY DISCONTINUITY PROBLEM. TO ADDRESS THESE PROBLEMS, WE PROPOSE AN OMNIDIRECTIONAL PROW DETECTION NETWORK (OPD-NET) BASED ON FEATURE ENHANCEMENT AND AN IMPROVED REGRESSION MODEL. OPD-NET CONSISTS OF A FEATURE REFINEMENT NETWORK (FRN), A PROW ATTENTION NETWORK (PAN), AND A COMPLEX PLANE COORDINATES REGRESSION MODEL (CPCRM). FIRST, THE FRN BALANCES THE LOW-LEVEL LOCATION INFORMATION AND HIGH-LEVEL SEMANTIC INFORMATION FROM MULTISCALE FEATURE MAPS AND THEN FITS VARIOUS GEOMETRIC TRANSFORMATIONS REGARDING SHIP TARGETS THROUGH DEFORMABLE BLOCKS. NEXT, THE PAN, WHICH IS BASED ON SUPERVISED LEARNING, IS USED TO ENHANCE THE SHIP PROW FEATURE AS WELL AS SUPPRESS BACKGROUND NOISE, WHICH IMPROVES THE ACCURACY OF SHIP HEADING PREDICTIONS. FINALLY, THE CPCRM IS DESIGNED TO EFFECTIVELY SOLVE THE BOUNDARY DISCONTINUITY PROBLEM AND CORRECTLY ACHIEVE PROW DETECTION IN ARBITRARY ORIENTATIONS. EXPERIMENTS ON OPTICAL REMOTE SENSING IMAGE DATA SETS DEMONSTRATE THE ROBUSTNESS AND SUPERIORITY OF OUR METHOD FOR PROW DETECTION. MOREOVER, OUR APPROACH IS ALSO COMPETITIVE WHEN USED ONLY FOR SHIP DETECTION.","ARTICLE",NA,"MARINE VEHICLES; FEATURE EXTRACTION; REMOTE SENSING; DETECTORS; PROPOSALS; OPTICAL IMAGING; OPTICAL SENSORS; DEEP LEARNING; FEATURE ENHANCEMENT; PROW DETECTION; REGRESSION MODEL; REMOTE SENSING",21,"GEOCHEMISTRY & GEOPHYSICS; ENGINEERING; REMOTE SENSING; IMAGING SCIENCE & PHOTOGRAPHIC TECHNOLOGY"
"10.1109/tgrs.2020.3014195",2021,"YOU Y;RAN B;MENG G;LI Z;LIU F;LI Z","OPD-NET: PROW DETECTION BASED ON FEATURE ENHANCEMENT AND IMPROVED REGRESSION MODEL IN OPTICAL REMOTE SENSING IMAGERY","IEEE TRANSACTIONS ON GEOSCIENCE AND REMOTE SENSING","ACCURATE PROW DETECTION (I.E., SHIP HEADING PREDICTION) IS IMPORTANT IN MANY APPLICATIONS THAT RELY ON OPTICAL REMOTE SENSING IMAGERY, SUCH AS TRACK FORECASTING AND MARITIME NAVIGATION. IN RECENT YEARS, MANY ADVANCED METHODS BASED ON DEEP CONVOLUTION NEURAL NETWORKS (DCNNS) HAVE SUCCEEDED IN DETECTING MULTIDIRECTIONAL SHIPS. HOWEVER, THESE METHODS ARE NOT EFFECTIVE AT DETERMINING THE PROW ORIENTATION, PRIMARILY DUE TO THREE LIMITATIONS: WEAK ADAPTABILITY TO GEOMETRIC TRANSFORMATIONS OF SHIP TARGETS, CONFUSING THE SEMANTIC INFORMATION BETWEEN THE PROW AND OTHER PARTS OF SHIPS, AND THE BOUNDARY DISCONTINUITY PROBLEM. TO ADDRESS THESE PROBLEMS, WE PROPOSE AN OMNIDIRECTIONAL PROW DETECTION NETWORK (OPD-NET) BASED ON FEATURE ENHANCEMENT AND AN IMPROVED REGRESSION MODEL. OPD-NET CONSISTS OF A FEATURE REFINEMENT NETWORK (FRN), A PROW ATTENTION NETWORK (PAN), AND A COMPLEX PLANE COORDINATES REGRESSION MODEL (CPCRM). FIRST, THE FRN BALANCES THE LOW-LEVEL LOCATION INFORMATION AND HIGH-LEVEL SEMANTIC INFORMATION FROM MULTISCALE FEATURE MAPS AND THEN FITS VARIOUS GEOMETRIC TRANSFORMATIONS REGARDING SHIP TARGETS THROUGH DEFORMABLE BLOCKS. NEXT, THE PAN, WHICH IS BASED ON SUPERVISED LEARNING, IS USED TO ENHANCE THE SHIP PROW FEATURE AS WELL AS SUPPRESS BACKGROUND NOISE, WHICH IMPROVES THE ACCURACY OF SHIP HEADING PREDICTIONS. FINALLY, THE CPCRM IS DESIGNED TO EFFECTIVELY SOLVE THE BOUNDARY DISCONTINUITY PROBLEM AND CORRECTLY ACHIEVE PROW DETECTION IN ARBITRARY ORIENTATIONS. EXPERIMENTS ON OPTICAL REMOTE SENSING IMAGE DATA SETS DEMONSTRATE THE ROBUSTNESS AND SUPERIORITY OF OUR METHOD FOR PROW DETECTION. MOREOVER, OUR APPROACH IS ALSO COMPETITIVE WHEN USED ONLY FOR SHIP DETECTION. © 1980-2012 IEEE.","ARTICLE",NA,"DEEP LEARNING; FEATURE ENHANCEMENT; PROW DETECTION; REGRESSION MODEL; REMOTE SENSING",24,NA
"10.1109/tgrs.2020.3018106",2021,"ZHANG X;WANG G;ZHU P;ZHANG T;LI C;JIAO L;MONTH = A","GRS-DET: AN ANCHOR-FREE ROTATION SHIP DETECTOR BASED ON GAUSSIAN-MASK IN REMOTE SENSING IMAGES","IEEE TRANSACTIONS ON GEOSCIENCE AND REMOTE SENSING","SHIP DETECTION IS A SIGNIFICANT AND CHALLENGING TASK IN REMOTE SENSING. DUE TO THE ARBITRARY-ORIENTED PROPERTY AND LARGE ASPECT RATIO OF SHIPS, MOST OF THE EXISTING DETECTORS ADOPT ROTATION BOXES TO REPRESENT SHIPS. HOWEVER, MANUAL-DESIGNED ROTATION ANCHORS ARE NEEDED IN THESE DETECTORS, WHICH CAUSES MULTIPLIED COMPUTATIONAL COST AND INACCURATE BOX REGRESSION. TO ADDRESS THE ABOVEMENTIONED PROBLEMS, AN ANCHOR-FREE ROTATION SHIP DETECTOR, NAMED GRS-DET, IS PROPOSED, WHICH MAINLY CONSISTS OF A FEATURE EXTRACTION NETWORK WITH SELECTIVE CONCATENATION MODULE (SCM), A ROTATION GAUSSIAN-MASK MODEL, AND A FULLY CONVOLUTIONAL NETWORK-BASED DETECTION MODULE. FIRST, A U-SHAPE NETWORK WITH SCM IS USED TO EXTRACT MULTISCALE FEATURE MAPS. WITH THE HELP OF SCM, THE CHANNEL UNBALANCE PROBLEM BETWEEN DIFFERENT-LEVEL FEATURES IN FEATURE FUSION IS SOLVED. THEN, A ROTATION GAUSSIAN-MASK IS DESIGNED TO MODEL THE SHIP BASED ON ITS GEOMETRY CHARACTERISTICS, WHICH AIMS AT SOLVING THE MISLABELING PROBLEM OF ROTATION BOUNDING BOXES. MEANWHILE, THE GAUSSIAN-MASK LEVERAGES CONTEXT INFORMATION TO STRENGTHEN THE PERCEPTION OF SHIPS. FINALLY, MULTISCALE FEATURE MAPS ARE FED TO THE DETECTION MODULE FOR CLASSIFICATION AND REGRESSION OF EACH PIXEL. OUR PROPOSED METHOD, EVALUATED ON SHIP DETECTION BENCHMARKS, INCLUDING HRSC2016 AND DOTA SHIP DATA SETS, ACHIEVES STATE-OF-THE-ART RESULTS.",NA,NA,NA,0,NA
"10.1109/tgrs.2020.3040273",2022,"YU Y;YANG X;LI J;GAO X","A CASCADE ROTATED ANCHOR-AIDED DETECTOR FOR SHIP DETECTION IN REMOTE SENSING IMAGES","IEEE TRANSACTIONS ON GEOSCIENCE AND REMOTE SENSING","AUTOMATIC SHIP DETECTION IN HIGH-RESOLUTION REMOTE SENSING IMAGES HAS ATTRACTED INCREASING RESEARCH INTEREST DUE TO ITS NUMEROUS PRACTICAL APPLICATIONS. HOWEVER, THERE STILL EXIST CHALLENGES WHEN DIRECTLY APPLYING STATE-OF-THE-ART OBJECT DETECTION METHODS TO REAL SHIP DETECTION, WHICH GREATLY LIMITS THE DETECTION ACCURACY. IN THIS ARTICLE, WE PROPOSE A NOVEL CASCADE ROTATED ANCHOR-AIDED DETECTION NETWORK TO ACHIEVE HIGH-PRECISION PERFORMANCE FOR DETECTING ARBITRARY-ORIENTED SHIPS. FIRST, WE DEVELOP A DATA PREPROCESSING EMBEDDED CASCADE STRUCTURE TO REDUCE LARGE AMOUNTS OF FALSE POSITIVES GENERATED ON BLANK AREAS IN LARGE-SIZE REMOTE SENSING IMAGES. SECOND, TO ACHIEVE ACCURATE ARBITRARY-ORIENTED SHIP DETECTION, WE DESIGN A ROTATED ANCHOR-AIDED DETECTION MODULE. THIS DETECTION MODULE ADOPTS A COARSE-TO-FINE ARCHITECTURE WITH A CASCADE REFINEMENT MODULE (CRM) TO REFINE THE ROTATED BOXES PROGRESSIVELY. MEANWHILE, IT UTILIZES AN ANCHOR-AIDED STRATEGY SIMILAR TO ANCHOR-FREE, THUS BREAKING THROUGH THE BOTTLENECKS OF ANCHOR-BASED METHODS AND LEADING TO A MORE FLEXIBLE DETECTION MANNER. BESIDES, A ROTATED ALIGN CONVOLUTION LAYER IS INTRODUCED IN CRM TO EXTRACT FEATURES FROM ROTATED REGIONS ACCURATELY. EXPERIMENTAL RESULTS ON THE CHALLENGING DOTA AND HRSC2016 DATA SETS SHOW THAT THE PROPOSED METHOD ACHIEVES 84.12\% AND 90.79\% AP, RESPECTIVELY, OUTPERFORMING OTHER STATE-OF-THE-ART METHODS.",NA,NA,NA,0,NA
"10.1109/tgrs.2020.3042554",2022,"CHEN J;WANG S;CHEN L;CAI H;QIAN Y","INCREMENTAL DETECTION OF REMOTE SENSING OBJECTS WITH FEATURE PYRAMID AND KNOWLEDGE DISTILLATION","IEEE TRANSACTIONS ON GEOSCIENCE AND REMOTE SENSING","WHEN A DETECTION MODEL THAT HAS BEEN WELL-TRAINED ON A SET OF CLASSES FACES NEW CLASSES, INCREMENTAL LEARNING IS ALWAYS NECESSARY TO ADAPT THE MODEL TO DETECT THE NEW CLASSES. IN MOST SCENARIOS, IT IS REQUIRED TO PRESERVE THE LEARNED KNOWLEDGE OF THE OLD CLASSES DURING INCREMENTAL LEARNING RATHER THAN REUSING THE TRAINING DATA FROM THE OLD CLASSES. SINCE THE OBJECTS IN REMOTE SENSING IMAGES OFTEN APPEAR IN VARIOUS SIZES, ARBITRARY DIRECTIONS, AND DENSE DISTRIBUTION, IT FURTHER MAKES INCREMENTAL LEARNING-BASED OBJECT DETECTION MORE DIFFICULT. IN THIS ARTICLE, A NEW ARCHITECTURE FOR INCREMENTAL OBJECT DETECTION IS PROPOSED BASED ON FEATURE PYRAMID AND KNOWLEDGE DISTILLATION. ESPECIALLY, BY MEANS OF A FEATURE PYRAMID NETWORK (FPN), THE OBJECTS WITH VARIOUS SCALES ARE DETECTED IN THE DIFFERENT LAYERS OF THE FEATURE PYRAMID. MOTIVATED BY LEARNING WITHOUT FORGETTING (LWF), A NEW BRANCH IS EXPENDED IN THE LAST LAYER OF FPN, AND KNOWLEDGE DISTILLATION IS APPLIED TO THE OUTPUTS OF THE OLD BRANCH TO MAINTAIN THE OLD LEARNING CAPABILITY FOR THE OLD CLASSES. MULTITASK LEARNING IS ADOPTED TO JOINTLY OPTIMIZE THE LOSSES FROM TWO BRANCHES. EXPERIMENTS ON TWO WIDELY USED REMOTE SENSING DATA SETS SHOW OUR PROMISING PERFORMANCE COMPARED WITH STATE-OF-THE-ART INCREMENTAL OBJECT DETECTION METHODS.","ARTICLE",NA,"FEATURE EXTRACTION; REMOTE SENSING; TRAINING; OBJECT DETECTION; ADAPTATION MODELS; PROPOSALS; DETECTORS; DEEP LEARNING; INCREMENTAL LEARNING; OBJECT DETECTION; REMOTE SENSING",24,"GEOCHEMISTRY & GEOPHYSICS; ENGINEERING; REMOTE SENSING; IMAGING SCIENCE & PHOTOGRAPHIC TECHNOLOGY"
"10.1109/tgrs.2021.3053311",2021,"CUI Z;LENG J;LIU Y;ZHANG T;QUAN P;ZHAO W;MONTH = O","SKNET: DETECTING ROTATED SHIPS AS KEYPOINTS IN OPTICAL REMOTE SENSING IMAGES","IEEE TRANSACTIONS ON GEOSCIENCE AND REMOTE SENSING","DETECTING ROTATED SHIPS IS DIFFICULT IN OPTICAL REMOTE SENSING IMAGES DUE TO THE CHALLENGES OF COMPLEX SCENES. EXISTING ADVANCED ROTATED SHIP DETECTORS ARE TYPICALLY ANCHOR-BASED ALGORITHMS THAT REQUIRE PLENTY OF PREDEFINED ANCHORS. HOWEVER, THE USE OF ANCHORS BRINGS THREE CRITICAL PROBLEMS: 1) A LARGE NUMBER OF ANCHORS BRING A HUGE AMOUNT OF CALCULATION; 2) THE ATTRIBUTES (E.G., SIZE AND ASPECT RATIOS) OF ANCHORS ARE DESIGNED VIA AD HOC HEURISTICS; AND 3) ONLY A TINY FRACTION OF ANCHORS THAT OVERLAP WITH GROUND-TRUTH BOUNDING BOXES OF SHIPS TIGHTLY CAN BE CONSIDERED AS POSITIVE SAMPLES, WHICH CAUSES AN EXTREME IMBALANCE BETWEEN POSITIVE AND NEGATIVE SAMPLES. AS A RESULT, THE DETECTION ACCURACY WILL BE INFLUENCED SERIOUSLY WHEN THE DESIGN OF ANCHORS IS NOT SUITABLE. TO ADDRESS THE ABOVE PROBLEMS, THIS ARTICLE PROPOSES A NOVEL ANCHOR-FREE ROTATED SHIP DETECTION FRAMEWORK, CALLED SKNET, WHICH DETECTS ROTATED SHIPS AS KEYPOINTS IN OPTICAL REMOTE SENSING IMAGES. IN SKNET, A SHIP TARGET IS MODELED AS ITS CENTER KEYPOINT AND MORPHOLOGICAL SIZES, INCLUDING THE WIDTH, HEIGHT, AND ROTATION ANGLE. ACCORDINGLY, WE DESIGN TWO CUSTOMIZED MODULES: ORTHOGONAL POOLING AND SOFT-ROTATE-NONMAXIMUM SUPPRESSION (NMS), WHERE THE FORMER IS TO IMPROVE THE PREDICTION ACCURACY OF THE CENTER KEYPOINT AND THE MORPHOLOGICAL SIZE, AND THE LATTER IS TO EFFECTIVELY REMOVE REDUNDANT ROTATED SHIP DETECTION RESULTS. EXTENSIVE EXPERIMENTS ARE CONDUCTED TO DEMONSTRATE THE EFFECTIVENESS OF SKNET ON THREE OPTICAL REMOTE SENSING IMAGE DATA SETS: HRSC2016, DOTA-SHIP, AND HPDM-OSOD, WHICH IS COLLECTED BY OURSELVES AND PUBLISHED IN THIS ARTICLE. EMPIRICAL STUDIES SHOW THAT SKNET ACHIEVES STATE-OF-THE-ART DETECTION PERFORMANCE WHILE BEING TIME-EFFICIENT. OVERALL, SKNET ACHIEVES THE BEST SPEED–ACCURACY TRADEOFF.",NA,NA,NA,0,NA
"10.1109/tgrs.2021.3095186",2022,"MING Q;MIAO L;ZHOU Z;DONG Y","CFC-NET: A CRITICAL FEATURE CAPTURING NETWORK FOR ARBITRARY-ORIENTED OBJECT DETECTION IN REMOTE-SENSING IMAGES","IEEE TRANSACTIONS ON GEOSCIENCE AND REMOTE SENSING","OBJECT DETECTION IN OPTICAL REMOTE-SENSING IMAGES IS AN IMPORTANT AND CHALLENGING TASK. IN RECENT YEARS, THE METHODS BASED ON CONVOLUTIONAL NEURAL NETWORKS (CNNS) HAVE MADE GOOD PROGRESS. HOWEVER, DUE TO THE LARGE VARIATION IN OBJECT SCALE, ASPECT RATIO, AS WELL AS THE ARBITRARY ORIENTATION, THE DETECTION PERFORMANCE IS DIFFICULT TO BE FURTHER IMPROVED. IN THIS ARTICLE, WE DISCUSS THE ROLE OF DISCRIMINATIVE FEATURES IN OBJECT DETECTION, AND THEN PROPOSE A CRITICAL FEATURE CAPTURING NETWORK (CFC-NET) TO IMPROVE DETECTION ACCURACY FROM THREE ASPECTS: BUILDING POWERFUL FEATURE REPRESENTATION, REFINING PRESET ANCHORS, AND OPTIMIZING LABEL ASSIGNMENT. SPECIFICALLY, WE FIRST DECOUPLE THE CLASSIFICATION AND REGRESSION FEATURES, AND THEN CONSTRUCT ROBUST CRITICAL FEATURES ADAPTED TO THE RESPECTIVE TASKS OF CLASSIFICATION AND REGRESSION THROUGH THE POLARIZATION ATTENTION MODULE (PAM). WITH THE EXTRACTED DISCRIMINATIVE REGRESSION FEATURES, THE ROTATION ANCHOR REFINEMENT MODULE (R-ARM) PERFORMS LOCALIZATION REFINEMENT ON PRESET HORIZONTAL ANCHORS TO OBTAIN SUPERIOR ROTATION ANCHORS. NEXT, THE DYNAMIC ANCHOR LEARNING (DAL) STRATEGY IS GIVEN TO ADAPTIVELY SELECT HIGH-QUALITY ANCHORS BASED ON THEIR ABILITY TO CAPTURE CRITICAL FEATURES. THE PROPOSED FRAMEWORK CREATES MORE POWERFUL SEMANTIC REPRESENTATIONS FOR OBJECTS IN REMOTE-SENSING IMAGES AND ACHIEVES HIGH-PERFORMANCE REAL-TIME OBJECT DETECTION. EXPERIMENTAL RESULTS ON THREE REMOTE-SENSING DATASETS INCLUDING HRSC2016, DOTA, AND UCAS-AOD SHOW THAT OUR METHOD ACHIEVES SUPERIOR DETECTION PERFORMANCE COMPARED WITH MANY STATE-OF-THE-ART APPROACHES. CODE AND MODELS ARE AVAILABLE AT HTTPS://GITHUB.COM/MING71/CFC-NET.","ARTICLE",NA,"FEATURE EXTRACTION; OBJECT DETECTION; REMOTE SENSING; TASK ANALYSIS; DETECTORS; MARINE VEHICLES; LOCATION AWARENESS; CONVOLUTIONAL NEURAL NETWORKS (CNNS); CRITICAL FEATURES; DEEP LEARNING; OBJECT DETECTION",189,"GEOCHEMISTRY & GEOPHYSICS; ENGINEERING; REMOTE SENSING; IMAGING SCIENCE & PHOTOGRAPHIC TECHNOLOGY"
"10.1109/tgrs.2021.3095386",2022,"ZHANG J;XING M;SUN G;LI N","ORIENTED GAUSSIAN FUNCTION-BASED BOX BOUNDARY-AWARE VECTORS FOR ORIENTED SHIP DETECTION IN MULTIRESOLUTION SAR IMAGERY","IEEE TRANSACTIONS ON GEOSCIENCE AND REMOTE SENSING","AS AN IMPORTANT REMOTE SENSING MEANS, SYNTHETIC APERTURE RADAR (SAR) HAS MANY SUPERIORITIES TO OTHER SENSORS. HOW TO EFFECTIVELY DETECT AND LOCATE SHIPS IN SAR IMAGES IS ALSO A POPULAR FIELD. IN PREVIOUS SHIP DETECTION RESEARCH, MOST ALGORITHMS FOCUS ON DETECTING THE HORIZONTAL BOUNDING BOX OF SHIP TARGETS, WHICH IGNORE THE ROTATION ANGLE OF EACH SHIPS. THUS, TOO MUCH BACKGROUND NOISE IN THE HORIZONTAL DETECTION RESULTS MAKES THEM DIFFICULT TO DESCRIBE EACH SHIP ACCURATELY. INSPIRED BY THE POWERFUL FEATURE REPRESENTATION ABILITY OF CONVOLUTIONAL NEURAL NETWORKS (CNNS), A NOVEL ANCHOR-FREE AND KEYPOINT-BASED DEEP LEARNING METHOD IS PROPOSED FOR ORIENTED SHIP DETECTION IN MULTIRESOLUTION SAR IMAGES. OUR DETECTOR FIRST EXTRACTS MULTILEVEL FEATURES FROM THE INPUT SAR IMAGE WITH A BACKBONE NETWORK AND FEATURE PYRAMID NETWORK. NEXT, CONSIDERING MULTISCALE SHIPS IN MULTIRESOLUTION SAR IMAGES, WE DETECT DIFFERENT SIZES OF SHIPS ON DIFFERENT LEVELS OF FEATURE MAPS WITH IDENTICAL HEAD NETWORK STRUCTURES. IN EACH HEAD NETWORK, THE CLASSIFICATION SUBNETWORK DETERMINES EACH PIXEL IN FEATURE MAPS AS THE CENTRAL PIXEL OF THIS SHIP OR NOT, AND THE REGRESSION SUBNETWORK REGRESSES THE ORIENTED BOUNDING BOX FOR EACH SHIP. IN THE TRAINING PROCESS, THE PROPOSED ORIENTED NONNORMALIZED GAUSSIAN FUNCTION IS USED TO DESCRIBE THE CENTER POINT OF SHIP TARGETS, WHILE THE NONUNIFORM WEIGHTING OF THE DIFFERENT LEVEL LOSS FUNCTIONS IS USED TO SUPPRESS THE IMBALANCED SAMPLE DISTRIBUTION. EXPERIMENTAL RESULTS ON TWO AUTHORITATIVE SAR-ORIENTED SHIP DETECTION DATASETS AND TWO GAOFEN-3 IMAGES DEMONSTRATE THE EFFECTIVENESS AND ROBUSTNESS OF THE PROPOSED METHODS.","ARTICLE",NA,"MARINE VEHICLES; FEATURE EXTRACTION; RADAR POLARIMETRY; DETECTORS; SYNTHETIC APERTURE RADAR; OBJECT DETECTION; HEAD; ANCHOR-FREE DETECTOR; CONVOLUTIONAL NEURAL NETWORK (CNN); ORIENTED OBJECT DETECTION; SHIP DETECTION; SYNTHETIC APERTURE RADAR (SAR)",38,"GEOCHEMISTRY & GEOPHYSICS; ENGINEERING; REMOTE SENSING; IMAGING SCIENCE & PHOTOGRAPHIC TECHNOLOGY"
"10.1109/tgrs.2021.3095386",2022,"ZHANG J;XING M;SUN G;LI N","ORIENTED GAUSSIAN FUNCTION-BASED BOX BOUNDARY-AWARE VECTORS FOR ORIENTED SHIP DETECTION IN MULTIRESOLUTION SAR IMAGERY","IEEE TRANSACTIONS ON GEOSCIENCE AND REMOTE SENSING","AS AN IMPORTANT REMOTE SENSING MEANS, SYNTHETIC APERTURE RADAR (SAR) HAS MANY SUPERIORITIES TO OTHER SENSORS. HOW TO EFFECTIVELY DETECT AND LOCATE SHIPS IN SAR IMAGES IS ALSO A POPULAR FIELD. IN PREVIOUS SHIP DETECTION RESEARCH, MOST ALGORITHMS FOCUS ON DETECTING THE HORIZONTAL BOUNDING BOX OF SHIP TARGETS, WHICH IGNORE THE ROTATION ANGLE OF EACH SHIPS. THUS, TOO MUCH BACKGROUND NOISE IN THE HORIZONTAL DETECTION RESULTS MAKES THEM DIFFICULT TO DESCRIBE EACH SHIP ACCURATELY. INSPIRED BY THE POWERFUL FEATURE REPRESENTATION ABILITY OF CONVOLUTIONAL NEURAL NETWORKS (CNNS), A NOVEL ANCHOR-FREE AND KEYPOINT-BASED DEEP LEARNING METHOD IS PROPOSED FOR ORIENTED SHIP DETECTION IN MULTIRESOLUTION SAR IMAGES. OUR DETECTOR FIRST EXTRACTS MULTILEVEL FEATURES FROM THE INPUT SAR IMAGE WITH A BACKBONE NETWORK AND FEATURE PYRAMID NETWORK. NEXT, CONSIDERING MULTISCALE SHIPS IN MULTIRESOLUTION SAR IMAGES, WE DETECT DIFFERENT SIZES OF SHIPS ON DIFFERENT LEVELS OF FEATURE MAPS WITH IDENTICAL HEAD NETWORK STRUCTURES. IN EACH HEAD NETWORK, THE CLASSIFICATION SUBNETWORK DETERMINES EACH PIXEL IN FEATURE MAPS AS THE CENTRAL PIXEL OF THIS SHIP OR NOT, AND THE REGRESSION SUBNETWORK REGRESSES THE ORIENTED BOUNDING BOX FOR EACH SHIP. IN THE TRAINING PROCESS, THE PROPOSED ORIENTED NONNORMALIZED GAUSSIAN FUNCTION IS USED TO DESCRIBE THE CENTER POINT OF SHIP TARGETS, WHILE THE NONUNIFORM WEIGHTING OF THE DIFFERENT LEVEL LOSS FUNCTIONS IS USED TO SUPPRESS THE IMBALANCED SAMPLE DISTRIBUTION. EXPERIMENTAL RESULTS ON TWO AUTHORITATIVE SAR-ORIENTED SHIP DETECTION DATASETS AND TWO GAOFEN-3 IMAGES DEMONSTRATE THE EFFECTIVENESS AND ROBUSTNESS OF THE PROPOSED METHODS. © 1980-2012 IEEE.","ARTICLE",NA,"ANCHOR-FREE DETECTOR; CONVOLUTIONAL NEURAL NETWORK (CNN); ORIENTED OBJECT DETECTION; SHIP DETECTION; SYNTHETIC APERTURE RADAR (SAR)",51,NA
"10.1109/tgrs.2021.3120411",2022,"ZHANG F;WANG X;ZHOU S;WANG Y;HOU Y","ARBITRARY-ORIENTED SHIP DETECTION THROUGH CENTER-HEAD POINT EXTRACTION","IEEE TRANSACTIONS ON GEOSCIENCE AND REMOTE SENSING","SHIP DETECTION IN REMOTE SENSING IMAGES PLAYS A CRUCIAL ROLE IN VARIOUS APPLICATIONS AND HAS DRAWN INCREASING ATTENTION IN RECENT YEARS. HOWEVER, EXISTING ARBITRARY-ORIENTED SHIP DETECTION METHODS ARE GENERALLY DEVELOPED ON A SET OF PREDEFINED ROTATED ANCHOR BOXES. THESE PREDEFINED BOXES NOT ONLY LEAD TO INACCURATE ANGLE PREDICTIONS BUT ALSO INTRODUCE EXTRA HYPERPARAMETERS AND HIGH COMPUTATIONAL COST. MOREOVER, THE PRIOR KNOWLEDGE OF SHIP SIZE HAS NOT BEEN FULLY EXPLOITED BY EXISTING METHODS, WHICH HINDERS THE IMPROVEMENT OF THEIR DETECTION ACCURACY. AIMING AT SOLVING THE ABOVE ISSUES, IN THIS ARTICLE, WE PROPOSE A CENTER-HEAD POINT EXTRACTION-BASED DETECTOR (CHPDET) TO ACHIEVE ARBITRARY-ORIENTED SHIP DETECTION IN REMOTE SENSING IMAGES. OUR CHPDET FORMULATES ARBITRARY-ORIENTED SHIPS AS ROTATED BOXES WITH HEAD POINTS THAT ARE USED TO DETERMINE THE DIRECTION. ALSO, A ROTATED GAUSSIAN KERNEL IS USED TO MAP THE ANNOTATIONS INTO TARGET HEATMAPS. KEYPOINT ESTIMATION IS PERFORMED TO FIND THE CENTER OF SHIPS. THEN, THE SIZE AND HEAD POINT OF THE SHIPS ARE REGRESSED. THE ORIENTATION-INVARIANT MODEL (OIM) IS ALSO USED TO PRODUCE ORIENTATION-INVARIANT FEATURE MAPS. FINALLY, WE USE THE TARGET SIZE AS PRIOR TO FINE-TUNE THE RESULTS. MOREOVER, WE INTRODUCE A NEW DATASET FOR MULTICLASS ARBITRARY-ORIENTED SHIP DETECTION IN REMOTE SENSING IMAGES AT A FIXED GROUND SAMPLE DISTANCE (GSD) THAT IS NAMED FGSD2021. EXPERIMENTAL RESULTS ON FGSD2021 AND TWO OTHER WIDELY USED DATASETS, I.E., HRSC2016 AND UCAS-AOD, DEMONSTRATE THAT OUR CHPDET ACHIEVES THE STATE-OF-THE-ART PERFORMANCE AND CAN WELL DISTINGUISH BETWEEN BOW AND STERN. CODE AND FGSD2021 DATASET ARE AVAILABLE AT HTTPS://GITHUB.COM/ZF020114/CHPDET.",NA,NA,NA,0,NA
"10.1109/tgrs.2021.3123666",2022,"HAN Y;YANG X;PU T;PENG Z","FINE-GRAINED RECOGNITION FOR ORIENTED SHIP AGAINST COMPLEX SCENES IN OPTICAL REMOTE SENSING IMAGES","IEEE TRANSACTIONS ON GEOSCIENCE AND REMOTE SENSING","REMOTE SENSING SHIP RECOGNITION IS WIDELY USED IN CIVIL AND MILITARY APPLICATIONS, SUCH AS NATIONAL DEFENSE CONSTRUCTION, FISHERY MANAGEMENT, AND NAVIGATION SUPERVISION. UNFORTUNATELY, LIMITED BY THE LACK OF PUBLIC DATASETS FOR FINE-GRAINED SHIP RECOGNITION, CURRENT STUDIES MAINLY FOCUS ON SHIP DETECTION OR COARSE-GRAINED SHIP RECOGNITION, WHEREAS FINE-GRAINED RECOGNITION TASK IS LEFT OUT. THE MAIN CHALLENGES FOR FINE-GRAINED SHIP RECOGNITION INCLUDE: 1) COMPLEX SCENES AND 2) SHIP CHARACTERISTICS OF ARBITRARY ORIENTATION, DENSE DISTRIBUTION, AND HUGE SCALE AND APPEARANCE VARIATION. AIMING AT THE CHALLENGES ABOVE, WE PROPOSE A NOVEL EFFICIENT INFORMATION REUSE NETWORK (EIRNET) AND ESTABLISH A PUBLIC 20-CLASS DATASET FOR ORIENTED SHIP RECOGNITION (DOSR). IN OUR EIRNET, CONSIDERING RECOGNITION ROBUSTNESS TO MULTISCALE SHIPS, A DENSE FEATURE FUSION NETWORK (DFF-NET) WITH TWO FUSION DIRECTIONS IS DESIGNED TO MAXIMIZE THE UTILIZATION OF MULTILAYER INFORMATION AND REDUCE INFORMATION REDUNDANCY. THEN, THE FUSED FEATURE MAPS ARE REFINED BY A DUAL-MASK ATTENTION MODULE (DMAM) TO IMPROVE PERFORMANCE IN DENSE AND CLUTTER SCENES BY ENHANCING THE DISTINCTION BETWEEN SHIPS AND SUPPRESSING CLUTTER. FURTHERMORE, MASK-RPN IMPROVES THE EFFICIENCY OF GENERATING PROPOSALS BY REUSING THE ATTENTION MASK. FINALLY, WE INTRODUCE A CONCEPT OF UPPER LEVEL CLASS TO MINE INTERCLASS RELATIONSHIPS, WHICH FURTHER IMPROVES THE RECOGNITION ACCURACY. EXTENSIVE EXPERIMENTS DEMONSTRATE THAT OUR EIRNET ACHIEVES STATE-OF-THE-ART PERFORMANCE ON DOSR AND ANOTHER POPULAR PUBLIC DATASET CALLED HRSC2016.",NA,NA,NA,0,NA
"10.1109/tgrs.2021.3128989",2022,"XUE F;JIN W;QIU S;YANG J","RETHINKING AUTOMATIC SHIP WAKE DETECTION: STATE-OF-THE-ART CNN-BASED WAKE DETECTION VIA OPTICAL IMAGES","IEEE TRANSACTIONS ON GEOSCIENCE AND REMOTE SENSING","MOST EXISTING WAKE DETECTION ALGORITHMS USE RADON TRANSFORM (RT) DUE TO THE LONG STREAK FEATURES OF SHIP WAKES IN SYNTHETIC APERTURE RADAR IMAGES. THE HIGH FALSE ALARM RATE OF RT REQUIRES THAT THE ALGORITHMS HAVE SIGNIFICANT HUMAN INTERVENTION FOR IMAGE PREPROCESSING. WHEN PROCESSING OPTICAL IMAGES, THESE ALGORITHMS ARE GREATLY CHALLENGED BECAUSE IT IS NOT ONLY SEA CLUTTER THAT INTERFERES WITH THE WAKE DETECTION IN THE OPTICAL WAVEBAND BUT ALSO MANY OTHER ENVIRONMENTAL FACTORS. THEREFORE, IN THIS ARTICLE, WE ADDRESS THE AUTOMATIC SHIP WAKE DETECTION TASK IN OPTICAL IMAGES FROM THE IDEA OF THE CONVOLUTIONAL NEURAL NETWORK (CNN)-BASED OBJECT DETECTION AND DESIGN AN END-TO-END DETECTOR NAMED WAKENET AS A NOVEL METHOD. WAKENET PROCESSES ALL THE WAKE TEXTURES CLAMPED BY THE V-SHAPED KELVIN ARMS AS THE OBJECT AND CONDUCTS DETECTION VIA THE ORIENTED BOUNDING BOX; THE ADDITIONAL REGRESSION OF WAKE TIP COORDINATES AND KELVIN ARM DIRECTION CAN IMPROVE THE HARD WAKE DETECTION PERFORMANCE WHILE PREDICTING THE WAKE HEADING. ACCORDING TO THE X-SHAPED WAKE SPECTRAL PATTERN AND THE WAKE EDGE ENHANCEMENT PRINCIPLE IN ADJACENT SCALES, SPECTRAL ATTENTION AND MULTISCALE ATTENTION MODULES ARE ALSO USED. FURTHERMORE, MORE THAN 11.6K WAKE OPTICAL IMAGES ARE COLLECTED AND ANNOTATED, PROVIDING A BENCHMARK DATASET. THE EXPERIMENTAL RESULTS ON THE DATASET SHOW THAT THE PROPOSED METHOD HAS A BETTER PERFORMANCE THAN OTHER CNN-BASED METHODS, AND THE DETECTION RESULTS OF THE YACHT WAKE POLARIZATION IMAGES FURTHER VERIFY ITS PRACTICAL VALUE. THIS ARTICLE DEMONSTRATES THAT THE DEEP LEARNING-BASED METHOD HAS CONSIDERABLE ADVANTAGES OVER THE TRADITIONAL RT-BASED METHODS IN WAKE DETECTION.","ARTICLE",NA,"OPTICAL SENSORS; OPTICAL IMAGING; MARINE VEHICLES; OPTICAL REFLECTION; KELVIN; FEATURE EXTRACTION; SYNTHETIC APERTURE RADAR; BENCHMARK DATASET; CONVOLUTIONAL NEURAL NETWORK (CNN); RADON TRANSFORM (RT); SHIP WAKE",28,"GEOCHEMISTRY & GEOPHYSICS; ENGINEERING; REMOTE SENSING; IMAGING SCIENCE & PHOTOGRAPHIC TECHNOLOGY"
"10.1109/tgrs.2021.3128989",2022,"XUE F;JIN W;QIU S;YANG J","RETHINKING AUTOMATIC SHIP WAKE DETECTION: STATE-OF-THE-ART CNN-BASED WAKE DETECTION VIA OPTICAL IMAGES","IEEE TRANSACTIONS ON GEOSCIENCE AND REMOTE SENSING","MOST EXISTING WAKE DETECTION ALGORITHMS USE RADON TRANSFORM (RT) DUE TO THE LONG STREAK FEATURES OF SHIP WAKES IN SYNTHETIC APERTURE RADAR IMAGES. THE HIGH FALSE ALARM RATE OF RT REQUIRES THAT THE ALGORITHMS HAVE SIGNIFICANT HUMAN INTERVENTION FOR IMAGE PREPROCESSING. WHEN PROCESSING OPTICAL IMAGES, THESE ALGORITHMS ARE GREATLY CHALLENGED BECAUSE IT IS NOT ONLY SEA CLUTTER THAT INTERFERES WITH THE WAKE DETECTION IN THE OPTICAL WAVEBAND BUT ALSO MANY OTHER ENVIRONMENTAL FACTORS. THEREFORE, IN THIS ARTICLE, WE ADDRESS THE AUTOMATIC SHIP WAKE DETECTION TASK IN OPTICAL IMAGES FROM THE IDEA OF THE CONVOLUTIONAL NEURAL NETWORK (CNN)-BASED OBJECT DETECTION AND DESIGN AN END-TO-END DETECTOR NAMED WAKENET AS A NOVEL METHOD. WAKENET PROCESSES ALL THE WAKE TEXTURES CLAMPED BY THE V-SHAPED KELVIN ARMS AS THE OBJECT AND CONDUCTS DETECTION VIA THE ORIENTED BOUNDING BOX; THE ADDITIONAL REGRESSION OF WAKE TIP COORDINATES AND KELVIN ARM DIRECTION CAN IMPROVE THE HARD WAKE DETECTION PERFORMANCE WHILE PREDICTING THE WAKE HEADING. ACCORDING TO THE X-SHAPED WAKE SPECTRAL PATTERN AND THE WAKE EDGE ENHANCEMENT PRINCIPLE IN ADJACENT SCALES, SPECTRAL ATTENTION AND MULTISCALE ATTENTION MODULES ARE ALSO USED. FURTHERMORE, MORE THAN 11.6K WAKE OPTICAL IMAGES ARE COLLECTED AND ANNOTATED, PROVIDING A BENCHMARK DATASET. THE EXPERIMENTAL RESULTS ON THE DATASET SHOW THAT THE PROPOSED METHOD HAS A BETTER PERFORMANCE THAN OTHER CNN-BASED METHODS, AND THE DETECTION RESULTS OF THE YACHT WAKE POLARIZATION IMAGES FURTHER VERIFY ITS PRACTICAL VALUE. THIS ARTICLE DEMONSTRATES THAT THE DEEP LEARNING-BASED METHOD HAS CONSIDERABLE ADVANTAGES OVER THE TRADITIONAL RT-BASED METHODS IN WAKE DETECTION. © 1980-2012 IEEE.","ARTICLE",NA,"BENCHMARK DATASET; CONVOLUTIONAL NEURAL NETWORK (CNN); RADON TRANSFORM (RT); SHIP WAKE",39,NA
"10.1109/tgrs.2021.3128989",2022,"XUE F;JIN W;QIU S;YANG J","RETHINKING AUTOMATIC SHIP WAKE DETECTION: STATE-OF-THE-ART CNN-BASED WAKE DETECTION VIA OPTICAL IMAGES","IEEE TRANSACTIONS ON GEOSCIENCE AND REMOTE SENSING","MOST EXISTING WAKE DETECTION ALGORITHMS USE RADON TRANSFORM (RT) DUE TO THE LONG STREAK FEATURES OF SHIP WAKES IN SYNTHETIC APERTURE RADAR IMAGES. THE HIGH FALSE ALARM RATE OF RT REQUIRES THAT THE ALGORITHMS HAVE SIGNIFICANT HUMAN INTERVENTION FOR IMAGE PREPROCESSING. WHEN PROCESSING OPTICAL IMAGES, THESE ALGORITHMS ARE GREATLY CHALLENGED BECAUSE IT IS NOT ONLY SEA CLUTTER THAT INTERFERES WITH THE WAKE DETECTION IN THE OPTICAL WAVEBAND BUT ALSO MANY OTHER ENVIRONMENTAL FACTORS. THEREFORE, IN THIS ARTICLE, WE ADDRESS THE AUTOMATIC SHIP WAKE DETECTION TASK IN OPTICAL IMAGES FROM THE IDEA OF THE CONVOLUTIONAL NEURAL NETWORK (CNN)-BASED OBJECT DETECTION AND DESIGN AN END-TO-END DETECTOR NAMED WAKENET AS A NOVEL METHOD. WAKENET PROCESSES ALL THE WAKE TEXTURES CLAMPED BY THE V-SHAPED KELVIN ARMS AS THE OBJECT AND CONDUCTS DETECTION VIA THE ORIENTED BOUNDING BOX; THE ADDITIONAL REGRESSION OF WAKE TIP COORDINATES AND KELVIN ARM DIRECTION CAN IMPROVE THE HARD WAKE DETECTION PERFORMANCE WHILE PREDICTING THE WAKE HEADING. ACCORDING TO THE X-SHAPED WAKE SPECTRAL PATTERN AND THE WAKE EDGE ENHANCEMENT PRINCIPLE IN ADJACENT SCALES, SPECTRAL ATTENTION AND MULTISCALE ATTENTION MODULES ARE ALSO USED. FURTHERMORE, MORE THAN 11.6K WAKE OPTICAL IMAGES ARE COLLECTED AND ANNOTATED, PROVIDING A BENCHMARK DATASET. THE EXPERIMENTAL RESULTS ON THE DATASET SHOW THAT THE PROPOSED METHOD HAS A BETTER PERFORMANCE THAN OTHER CNN-BASED METHODS, AND THE DETECTION RESULTS OF THE YACHT WAKE POLARIZATION IMAGES FURTHER VERIFY ITS PRACTICAL VALUE. THIS ARTICLE DEMONSTRATES THAT THE DEEP LEARNING-BASED METHOD HAS CONSIDERABLE ADVANTAGES OVER THE TRADITIONAL RT-BASED METHODS IN WAKE DETECTION.",NA,NA,NA,0,NA
"10.1109/tgrs.2021.3130117",2022,"SUN Y;SUN X;WANG Z;FU K","ORIENTED SHIP DETECTION BASED ON STRONG SCATTERING POINTS NETWORK IN LARGE-SCALE SAR IMAGES","IEEE TRANSACTIONS ON GEOSCIENCE AND REMOTE SENSING","SHIP DETECTION HAS BROAD APPLICATIONS IN MANY AREAS, INCLUDING FISHERY MANAGEMENT, MARITIME RESCUE, AND MARITIME MONITORING. RECENTLY, NUMEROUS DETECTORS BASED ON DEEP LEARNING HAVE BEEN CARRIED IN SHIP DETECTION IN SYNTHETIC APERTURE RADAR (SAR) IMAGES. HOWEVER, DETECTING THE INSHORE SHIPS FACES ENORMOUS CHALLENGES BECAUSE OF THE STRONG SCATTERING INTERFERENCE OF THE INLAND AREA. IN ORDER TO ADDRESS SUCH ISSUES, A NOVEL METHOD NAMED STRONG SCATTERING POINTS NETWORK FOR SHIP DETECTION IS PROPOSED IN THIS ARTICLE. FIRST, ACCORDING TO THE SAR IMAGING MECHANISM, THE SHIPS USUALLY APPEAR STRONG SCATTERING PHENOMENON IN THE SAR IMAGES. THEREFORE, THE PROPOSED METHOD DETECTS THE STRONG SCATTERING POINTS ON THE SHIP AND THEN AGGREGATES THEIR POSITIONS TO OBTAIN THE SHIP'S ARBITRARY ORIENTATION BOX. SECOND, OUR METHOD DESIGNS AN EMBEDDING VECTOR TO CLUSTER THESE POINTS AS AN INDIVIDUAL OBJECT TO REGRESS THE ORIENTED BOUNDING BOX. THIRD, IN ORDER TO DISTINGUISH THE STRONG SCATTERING POINTS ON LAND, A SHIP ATTENTION MODULE IS EMPLOYED TO EXTRACT THE IMAGE TEXTURE FEATURES AND REPRESENTATIONS OF LOCAL FEATURES. IT CAN SUPPRESS THE FALSE ALARM CAUSED BY LAND INTERFERENCE IN THE DETECTION PROCESS. FURTHERMORE, TO DEMONSTRATE THE EFFECTIVENESS OF THE PROPOSED ALGORITHM, THIS ARTICLE INTRODUCES A NEW SHIP DATASET FOR ORIENTED SHIP DETECTION NAMED LARGE-SCALE DATASET FOR SHIP DETECTION IN SAR IMAGES (LDSD). MOREOVER, THE PUBLIC SAR SHIP DETECTION DATASET (SSDD) IS UTILIZED TO VERIFY THE ROBUSTNESS AND GENERALIZATION ABILITY OF THE DETECTOR. THE EXPERIMENTAL RESULTS ON TWO DATASETS SHOW THAT OUR METHOD HAS A STRONG ANTI-INTERFERENCE ABILITY IN THE INSHORE BACKGROUND AND ACHIEVES STATE-OF-THE-ART DETECTION PERFORMANCE. © 1980-2012 IEEE.","ARTICLE",NA,"DEEP LEARNING; IMAGING MECHANISM; SHIP DETECTION; STRONG SCATTERING; SYNTHETIC APERTURE RADAR (SAR)",59,NA
"10.1109/tgrs.2022.3192256",2022,"CHEN J;CHEN K;CHEN H;LI W;ZOU Z;SHI Z","CONTRASTIVE LEARNING FOR FINE-GRAINED SHIP CLASSIFICATION IN REMOTE SENSING IMAGES","IEEE TRANSACTIONS ON GEOSCIENCE AND REMOTE SENSING","FINE-GRAINED IMAGE CLASSIFICATION CAN BE CONSIDERED AS A DISCRIMINATIVE LEARNING PROCESS WHERE IMAGES OF DIFFERENT SUBCLASSES ARE SEPARATED FROM EACH OTHER WHILE THE SAME SUBCLASS IMAGES ARE CLUSTERED. MOST EXISTING METHODS PERFORM SYNCHRONOUS DISCRIMINATIVE LEARNING IN THEIR APPROACHES. ALTHOUGH ACHIEVING PROMISING RESULTS IN FINE-GRAINED VISUAL CLASSIFICATION (FGVC) IN NATURAL IMAGES, THESE METHODS MAY FAIL IN FINE-GRAINED SHIP CLASSIFICATION (FGSC) PROBLEM IN REMOTE SENSING (RS) IMAGES DUE TO THE HIGHLY “IMBALANCED FINENESS” AND “IMBALANCED APPEARANCES” OF SHIPS AMONG SUBCLASSES. TO TACKLE THE ISSUE, WE PROPOSE AN ASYNCHRONOUS CONTRASTIVE LEARNING-BASED METHOD FOR EFFECTIVE FGSC. THE PROPOSED METHOD, WHICH WE REFER TO AS “PUSH-AND-PULL NETWORK (P2NET)”, INCLUDES A “PUSH-OUT STAGE” AND A “PULL-IN STAGE”, WHERE THE FIRST STAGE FORCES ALL THE INSTANCES TO BE DECORRELATED AND THEN THE SECOND ONE GROUPS THEM INTO EACH SUBCLASS. A DUAL-BRANCH NETWORK IS DESIGNED TO SEPARATE/DECORRELATE THE IMAGES WITH EACH OTHER, WHILE AN INTEGRATION MODULE IS DESIGNED TO AGGREGATE THE DECORRELATED IMAGES INTO THEIR CORRESPONDING SUBCLASS TOGETHER WITH A PROXY-BASED MODULE DESIGNED FOR ACCELERATION. IN THIS WAY, THE CORRELATION BETWEEN SUBCLASSES CAN BE DECOUPLED, WHICH IN TURN MAKES THE FINAL CLASSIFICATION MUCH EASIER. OUR METHOD CAN BE TRAINED END-TO-END AND REQUIRES NO ADDITIONAL ANNOTATIONS OTHER THAN CATEGORY INFORMATION. EXTENSIVE EXPERIMENTS ARE CONDUCTED ON TWO LARGE-SCALE FGSC DATASETS (FGSC-23 AND FGSCR-42). OUR METHOD OUTPERFORMS OTHER STATE-OF-THE-ART APPROACHES. ABLATION EXPERIMENTS ALSO SUGGEST THE EFFECTIVENESS OF OUR DESIGN. OUR CODE IS AVAILABLE AT HTTPS://GITHUB.COM/WINDVCHEN/PUSH-AND-PULL-NETWORK.",NA,NA,NA,0,NA
"10.1109/tgrs.2022.3227938",2022,"LIU Z;XU J;LI J;PLAZA A;ZHANG S;WANG L","MOVING SHIP OPTIMAL ASSOCIATION FOR MARITIME SURVEILLANCE: FUSING AIS AND SENTINEL-2 DATA","IEEE TRANSACTIONS ON GEOSCIENCE AND REMOTE SENSING","NOWADAYS, A VARIETY OF DIFFERENT SOURCES CAN BE COMBINED TOGETHER TO MEASURE AND MONITOR MARITIME HUMAN ACTIVITIES. RELIABLE DATA FUSION TECHNIQUES ARE ESSENTIAL TO ASSOCIATE THE TARGETS FROM DIFFERENT SYSTEMS FOR MARITIME SURVEILLANCE. IN PARTICULAR, THE FUSION OF DATA FROM SENTINEL-2 SATELLITES AND THE AUTOMATIC IDENTIFICATION SYSTEM (AIS) HAS ATTRACTED WIDE ATTENTION DUE TO THEIR PUBLIC AVAILABILITY AND COMPLEMENTARITY. HOWEVER, MOST TRADITIONAL METHODS FOR TARGET ASSOCIATION ARE NOT SUITABLE FOR THIS PARTICULAR CASE, DUE TO THE TIME LAG PHENOMENON OF SENTINEL-2 DATA. IN THIS STUDY, WE FIRST CONSTRUCT TWO NEW DATASETS FOR THE DETECTION OF MOVING SHIPS AND THEIR WAKES BASED ON SENTINEL-2 IMAGES. COMBINED WITH THE DETECTION RESULTS OBTAINED BY THE YOU ONLY LOOK ONCE (YOLOV5) MODEL, THE POSITION AND COURSE INFORMATION OF THE DETECTED SHIPS ARE FIRST EXTRACTED. AFTER CAREFULLY ANALYZING THE TIME LAG PHENOMENON OF SENTINEL-2 DATA, WE DEVELOP A NEW DOMAIN ADAPTATION-BASED METHOD FOR TARGET ASSOCIATION BASED ON THE FUSION OF SENTINEL-2 AND AIS DATA, CALLED MOVING SHIP OPTIMAL ASSOCIATION (MSOA). DIFFERENT FROM STANDARD DOMAIN ADAPTATION METHODS ONLY FOR REPRESENTATION ALIGNMENT, THE PROPOSED MSOA IS ABLE TO ALIGN REPRESENTATION, TIME, AND POSITION SIMULTANEOUSLY. A CASE STUDY IS PROVIDED IN WHICH THE NEWLY PROPOSED METHOD IS TESTED OVER THE PORT OF LONG BEACH, USA. EXPERIMENTAL RESULTS DEMONSTRATE THAT BOTH MOVING SHIPS AND WAKES ARE WELL DETECTED. SPECIFICALLY, OUR NEWLY PROPOSED MSOA EXHIBITS MORE ACCURATE AND ROBUST PERFORMANCE WHEN COMPARED TO TRADITIONAL METHODS, AND THE DETECTED SHIPS WITHOUT CORRESPONDING AIS TRACKS CAN ALSO BE DETECTED BY OUR MSOA. MOREOVER, THE REAL SENSING TIME AND TIME LAG OF SENTINEL-2 DATA ARE DEDUCED WITH HIGH ACCURACY. OVERALL, IT CAN BE CONCLUDED THAT OUR MSOA PROVIDES A NEW PERSPECTIVE FOR ACCURATE TARGET ASSOCIATION BASED ON HETEROGENEOUS DATA FUSION.",NA,NA,NA,0,NA
"10.1109/tgrs.2023.3260883",2023,"WANG L;ZHANG J;TIAN J;LI J;ZHUO L;TIAN Q","EFFICIENT FINE-GRAINED OBJECT RECOGNITION IN HIGH-RESOLUTION REMOTE SENSING IMAGES FROM KNOWLEDGE DISTILLATION TO FILTER GRAFTING","IEEE TRANSACTIONS ON GEOSCIENCE AND REMOTE SENSING","WITH THE DEVELOPMENT OF HIGH-RESOLUTION REMOTE SENSING IMAGES (HR-RSIS) AND THE ESCALATING DEMAND FOR INTELLIGENT ANALYSIS, FINE-GRAINED RECOGNITION OF GEOSPATIAL OBJECTS HAS BECOME A MORE PRACTICAL AND CHALLENGING TASK. ALTHOUGH DEEP LEARNING-BASED OBJECT RECOGNITION HAS ACHIEVED SUPERIOR PERFORMANCE, IT IS INFLEXIBLE TO BE DIRECTLY UTILIZED TO THE FINE-GRAINED OBJECT RECOGNITION (FGOR) TASKS OF HR-RSIS UNDER THE LIMITATION OF THE SIZE OF GEOSPATIAL OBJECTS. AN EFFICIENT FINE-GRAINED OBJECT RECOGNITION METHOD IN HR-RSIS FROM KNOWLEDGE DISTILLATION (KL) TO FILTER GRAFTING IS PROPOSED. SPECIFICALLY, FINE-GRAINED OBJECT RECOGNITION CONSISTS OF TWO STAGES: STAGE 1 UTILIZES ORIENTED REGION CONVOLUTIONAL NEURAL NETWORK (ORIENTED R-CNN) TO ACCURATELY LOCATE AND PRELIMINARILY CLASSIFY GEOSPATIAL OBJECTS. AT THE SAME TIME, IT SERVES AS A TEACHER NETWORK TO GUIDE STUDENTS' EFFECTIVE LEARNING OF FINE-GRAINED OBJECT RECOGNITION; IN STAGE 2, WE DESIGN A COARSE-TO-FINE OBJECT RECOGNITION NETWORK (CF-ORNET), AS THE SECOND TEACHER NETWORK, WHICH REALIZES FINE-GRAINED RECOGNITION THROUGH FEATURE LEARNING AND CATEGORY CORRECTION. AFTER THAT, WE PROPOSE A LIGHTWEIGHT MODEL FROM KNOWLEDGE DISTILLATION TO FILTER GRAFTING ON TWO TEACHER NETWORKS TO ACHIEVE EFFICIENT FINE-GRAINED OBJECT RECOGNITION. THE EXPERIMENTAL RESULTS ON VEHICLE DETECTION IN AERIAL IMAGERY (VEDAI) AND HR SHIP COLLECTION 2016 (HRSC2016) DATASETS ACHIEVE COMPETITIVE PERFORMANCE.","ARTICLE",NA,"COARSE-TO-FINE OBJECT RECOGNITION NETWORK (CF-ORNET); FILTER GRAFTING; FINE-GRAINED OBJECT RECOGNITION (FGOR); HIGH-RESOLUTION REMOTE SENSING IMAGE (HR-RSI); KNOWLEDGE DISTILLATION",12,"GEOCHEMISTRY & GEOPHYSICS; ENGINEERING; REMOTE SENSING; IMAGING SCIENCE & PHOTOGRAPHIC TECHNOLOGY"
"10.1109/tgrs.2023.3260883",2023,"WANG L;ZHANG J;TIAN J;LI J;ZHUO L;TIAN Q","EFFICIENT FINE-GRAINED OBJECT RECOGNITION IN HIGH-RESOLUTION REMOTE SENSING IMAGES FROM KNOWLEDGE DISTILLATION TO FILTER GRAFTING","IEEE TRANSACTIONS ON GEOSCIENCE AND REMOTE SENSING","WITH THE DEVELOPMENT OF HIGH-RESOLUTION REMOTE SENSING IMAGES (HR-RSIS) AND THE ESCALATING DEMAND FOR INTELLIGENT ANALYSIS, FINE-GRAINED RECOGNITION OF GEOSPATIAL OBJECTS HAS BECOME A MORE PRACTICAL AND CHALLENGING TASK. ALTHOUGH DEEP LEARNING-BASED OBJECT RECOGNITION HAS ACHIEVED SUPERIOR PERFORMANCE, IT IS INFLEXIBLE TO BE DIRECTLY UTILIZED TO THE FINE-GRAINED OBJECT RECOGNITION (FGOR) TASKS OF HR-RSIS UNDER THE LIMITATION OF THE SIZE OF GEOSPATIAL OBJECTS. AN EFFICIENT FINE-GRAINED OBJECT RECOGNITION METHOD IN HR-RSIS FROM KNOWLEDGE DISTILLATION (KL) TO FILTER GRAFTING IS PROPOSED. SPECIFICALLY, FINE-GRAINED OBJECT RECOGNITION CONSISTS OF TWO STAGES: STAGE 1 UTILIZES ORIENTED REGION CONVOLUTIONAL NEURAL NETWORK (ORIENTED R-CNN) TO ACCURATELY LOCATE AND PRELIMINARILY CLASSIFY GEOSPATIAL OBJECTS. AT THE SAME TIME, IT SERVES AS A TEACHER NETWORK TO GUIDE STUDENTS' EFFECTIVE LEARNING OF FINE-GRAINED OBJECT RECOGNITION; IN STAGE 2, WE DESIGN A COARSE-TO-FINE OBJECT RECOGNITION NETWORK (CF-ORNET), AS THE SECOND TEACHER NETWORK, WHICH REALIZES FINE-GRAINED RECOGNITION THROUGH FEATURE LEARNING AND CATEGORY CORRECTION. AFTER THAT, WE PROPOSE A LIGHTWEIGHT MODEL FROM KNOWLEDGE DISTILLATION TO FILTER GRAFTING ON TWO TEACHER NETWORKS TO ACHIEVE EFFICIENT FINE-GRAINED OBJECT RECOGNITION. THE EXPERIMENTAL RESULTS ON VEHICLE DETECTION IN AERIAL IMAGERY (VEDAI) AND HR SHIP COLLECTION 2016 (HRSC2016) DATASETS ACHIEVE COMPETITIVE PERFORMANCE. © 1980-2012 IEEE.","ARTICLE",NA,"COARSE-TO-FINE OBJECT RECOGNITION NETWORK (CF-ORNET); FILTER GRAFTING; FINE-GRAINED OBJECT RECOGNITION (FGOR); HIGH-RESOLUTION REMOTE SENSING IMAGE (HR-RSI); KNOWLEDGE DISTILLATION",23,NA
"10.1109/tgrs.2023.3268330",2023,"PAN C;LI R;LIU W;LU W;NIU C;BAO Q","REMOTE SENSING IMAGE SHIP DETECTION BASED ON DYNAMIC ADJUSTING LABELS STRATEGY","IEEE TRANSACTIONS ON GEOSCIENCE AND REMOTE SENSING","REMOTE SENSING SHIP DETECTION IS A HOTSPOT IN COMPUTER VISION, WHICH IS VITAL IN BOTH MILITARY AND CIVILIAN FIELDS. NEVERTHELESS, THE ARBITRARY ORIENTATION AND DENSE ARRANGEMENT OF SHIP TARGETS IMPOSE SIGNIFICANT CHALLENGES IN HIGH-PRECISION DETECTION. ALTHOUGH RESEARCH ON THIS PROBLEM HAS PROGRESSED, HIGH-PRECISION DETECTION IS STILL LIMITED BY ANGULAR PREDICTION ACCURACY. TO TACKLE THIS ISSUE, WE START WITH ANGLE PREDICTION AND PROPOSE A DYNAMIC ADJUSTING LABELS (DAL) STRATEGY BASED ON BINARY CODED LABEL (BCL). DAL STRATEGY DYNAMICALLY ADJUSTS THE GROUND-TRUTH CODED LABELS IN THE TRAINING PROCESS TO GUIDE ANGLE CODING FOR TENDENCY LEARNING. THIS STRENGTHENS THE COUPLING BETWEEN THE ANGLE CODING BITS AND IMPROVES THE PERFORMANCE OF SMALL GRANULARITY INTERVALS. DUE TO THE ANGLE INTERVAL GRANULARITY DIFFERENCE, THE LEARNING DIFFICULTY OF THE CODING LAYERS AND THE CONVERGENCE SPEED VARY SIGNIFICANTLY. AIMING AT THIS PROBLEM, WE ADD A GRADIENT TRUNCATION MECHANISM TO EACH CODING BIT LOSS. THE MECHANISM CAN EFFECTIVELY BALANCE THE CODING LAYERS' LEARNING STRENGTH AND ENHANCE THE MODEL'S TRAINING EMPHASIS ON CODING BITS CORRESPONDING TO SMALL GRANULARITY INTERVALS, THUS AVOIDING THE EFFECT OF CODING BITS LEARNING IMBALANCE ON ANGLE PREDICTION. EXTENSIVE EXPERIMENTS BASED ON THREE PUBLIC DATASETS DEMONSTRATE OUR METHOD'S SUPERIORITY IN HIGH-PRECISION DETECTION AND THE STATE-OF-THE-ART PERFORMANCE.","ARTICLE",NA,"ENCODING; FEATURE EXTRACTION; MARINE VEHICLES; REMOTE SENSING; DETECTORS; PROGRAMMABLE LOGIC ARRAYS; OBJECT DETECTION; ANGLE CODING BITS; ARBITRARY ORIENTATION; DENSE ARRANGEMENT; GRADIENT TRUNCATION MECHANISM; REMOTE SENSING IMAGES; SHIP DETECTION",10,"GEOCHEMISTRY & GEOPHYSICS; ENGINEERING; REMOTE SENSING; IMAGING SCIENCE & PHOTOGRAPHIC TECHNOLOGY"
"10.1109/tgrs.2023.3268330",2023,"PAN C;LI R;LIU W;LU W;NIU C;BAO Q","REMOTE SENSING IMAGE SHIP DETECTION BASED ON DYNAMIC ADJUSTING LABELS STRATEGY","IEEE TRANSACTIONS ON GEOSCIENCE AND REMOTE SENSING","REMOTE SENSING SHIP DETECTION IS A HOTSPOT IN COMPUTER VISION, WHICH IS VITAL IN BOTH MILITARY AND CIVILIAN FIELDS. NEVERTHELESS, THE ARBITRARY ORIENTATION AND DENSE ARRANGEMENT OF SHIP TARGETS IMPOSE SIGNIFICANT CHALLENGES IN HIGH-PRECISION DETECTION. ALTHOUGH RESEARCH ON THIS PROBLEM HAS PROGRESSED, HIGH-PRECISION DETECTION IS STILL LIMITED BY ANGULAR PREDICTION ACCURACY. TO TACKLE THIS ISSUE, WE START WITH ANGLE PREDICTION AND PROPOSE A DYNAMIC ADJUSTING LABELS (DAL) STRATEGY BASED ON BINARY CODED LABEL (BCL). DAL STRATEGY DYNAMICALLY ADJUSTS THE GROUND-TRUTH CODED LABELS IN THE TRAINING PROCESS TO GUIDE ANGLE CODING FOR TENDENCY LEARNING. THIS STRENGTHENS THE COUPLING BETWEEN THE ANGLE CODING BITS AND IMPROVES THE PERFORMANCE OF SMALL GRANULARITY INTERVALS. DUE TO THE ANGLE INTERVAL GRANULARITY DIFFERENCE, THE LEARNING DIFFICULTY OF THE CODING LAYERS AND THE CONVERGENCE SPEED VARY SIGNIFICANTLY. AIMING AT THIS PROBLEM, WE ADD A GRADIENT TRUNCATION MECHANISM TO EACH CODING BIT LOSS. THE MECHANISM CAN EFFECTIVELY BALANCE THE CODING LAYERS' LEARNING STRENGTH AND ENHANCE THE MODEL'S TRAINING EMPHASIS ON CODING BITS CORRESPONDING TO SMALL GRANULARITY INTERVALS, THUS AVOIDING THE EFFECT OF CODING BITS LEARNING IMBALANCE ON ANGLE PREDICTION. EXTENSIVE EXPERIMENTS BASED ON THREE PUBLIC DATASETS DEMONSTRATE OUR METHOD'S SUPERIORITY IN HIGH-PRECISION DETECTION AND THE STATE-OF-THE-ART PERFORMANCE. OUR CODE IS AVAILABLE AT HTTPS://GITHUB.COM/LIRUNSHENG2008/SDALS. © 1980-2012 IEEE.","ARTICLE",NA,"ANGLE CODING BITS; ARBITRARY ORIENTATION; DENSE ARRANGEMENT; GRADIENT TRUNCATION MECHANISM; REMOTE SENSING IMAGES; SHIP DETECTION",10,NA
"10.1109/tgrs.2023.3280973",2023,"LIANG Y;FENG J;ZHANG X;ZHANG J;JIAO L","MIDNET: AN ANCHOR-AND-ANGLE-FREE DETECTOR FOR ORIENTED SHIP DETECTION IN AERIAL IMAGES","IEEE TRANSACTIONS ON GEOSCIENCE AND REMOTE SENSING","SHIP DETECTION IN AERIAL IMAGES REMAINS AN ACTIVE YET CHALLENGING TASK DUE TO ITS ARBITRARY OBJECT ORIENTATION AND VARIOUS ASPECT RATIOS FROM THE BIRD’S-EYE PERSPECTIVE. MOST EXISTING ORIENTED OBJECTION DETECTION METHODS RELY ON ANGULAR PREDICTION OR PREDEFINED ANCHOR BOXES, MAKING THESE METHODS HIGHLY SENSITIVE TO UNSTABLE ANGULAR REGRESSION AND EXCESSIVE HYPERPARAMETER SETTING. TO ADDRESS THESE ISSUES, WE REPLACE THE ANGULAR-BASED OBJECT ENCODING WITH AN ANCHOR-AND-ANGLE-FREE PARADIGM AND PROPOSE A NOVEL DETECTOR DEPLOYING A CENTER AND FOUR MIDPOINTS FOR ENCODING EACH ORIENTED OBJECT, NAMELY, MIDNET. MOREOVER, MIDNET DESIGNS A NOVEL SYMMETRICAL DEFORMABLE CONVOLUTION FOR ENHANCING THE FEATURES OF MIDPOINTS; THEN, THE CENTER AND MIDPOINTS FOR AN IDENTICAL SHIP ARE ADAPTIVELY MATCHED BY PREDICTING CORRESPONDING CENTRIPETAL SHIFT AND MATCHING RADIUS. FINALLY, A CONCISE ANALYTICAL GEOMETRY ALGORITHM IS PROPOSED TO CALCULATE THE SHIP ORIENTATION AND REFINE THE KEYPOINTS STEPWISELY FOR BUILDING PRECISE ORIENTED BOUNDING BOXES. ON TWO PUBLIC SHIP DETECTION DATASETS, HRSC2016 AND FGSD2021, MIDNET OUTPERFORMS THE STATE-OF-THE-ART DETECTORS BY ACHIEVING APS OF 90.52\% AND 86.50\%.",NA,NA,NA,0,NA
"10.1109/tgrs.2023.3312452",2023,"CHEN C;ZENG W;ZHANG X;ZHOU Y","CSNNET: A REMOTE SENSING DETECTION NETWORK BREAKING THE SECOND-ORDER LIMITATION OF TRANSFORMERS WITH RECURSIVE CONVOLUTIONS","IEEE TRANSACTIONS ON GEOSCIENCE AND REMOTE SENSING","IN RECENT YEARS, TRANSFORMER-BASED NETWORKS, KNOWN FOR THEIR ABILITY TO MODEL LONG-RANGE DEPENDENCIES, HAVE BEEN WIDELY USED IN DOWNSTREAM COMPUTER VISION TASKS, SURPASSING CERTAIN NEURAL NETWORK ARCHITECTURES. HOWEVER, TRANSFORMER-BASED NETWORKS SUFFER FROM ISSUES, SUCH AS LARGE PARAMETER SIZE, HIGH-COMPUTATIONAL COMPLEXITY (CC), AND DIFFICULTIES IN EXTENDING SPATIAL AND CHANNEL FEATURES TO THE THIRD OR EVEN HIGHER ORDERS, RESULTING IN CONVERGENCE CHALLENGES FOR SMALL-TO MEDIUM-SIZED DATASETS AND LIMITED EFFECTIVENESS IN EXTRACTING HIGH-ORDER DETAILED FEATURES. IN THIS ARTICLE, WE PRO -POSE A HIGH-ORDER SPATIAL AND CHANNEL CONTROLLABLE CONVOLUTION MODULE, NAMED CSN, WHICH CAN REPLACE STANDARD CONVOLUTIONS IN ANY CONVOLUTIONAL NETWORK. IN THE CONTEXT OF REMOTE SENSING SMALL OBJECT DETECTION, CSN DEMONSTRATES SUPERIOR PERFORMANCE COMPARED WITH SELF-ATTENTION STRUCTURES EMBEDDED IN NEURAL NETWORKS. MOREOVER, IT INTRODUCES LONG-RANGE DEPENDENCY RELA-TIONSHIPS AMONG PIXELS, SIMILAR TO SELF-ATTENTION, AND ADOPTS A CASCADED RECURSIVE APPROACH TO EXTEND SPATIAL AND CHANNEL FEATURES TO ARBITRARY HIGHER ORDERS WITHOUT INTRODUCING SIGNIF-ICANT ADDITIONAL COMPUTATION. THIS EXTENSION CAPTURES CRUCIAL INFORMATION FROM HIGH-ORDER SPATIAL AND CHANNEL DIMENSIONS, RESULTING IN IMPROVED ACCURACY FOR SMALL OBJECT DETECTION. IN ADDITION, WE CONSTRUCT A NOVEL, VERSATILE CSN-[FEATURE PYRAMID NETWORK (FPN) + PATH AGGREGATION NETWORK (PAN)] STRUCTURE FOR OBJECT DETECTION NETWORKS, REFERRED TO AS CS(N)NET. FINALLY, OUR PROPOSED MODEL EXHIBITS SIGNIFICANT ADVANTAGES IN REMOTE SENSING DETECTION WHEN COMPARED WITH STATE-OF-THE-ART METHODS ON PUBLICLY AVAILABLE SYNTHETIC APERTURE RADAR (SAR) DATASETS [SAR SHIP DETECTION DATASET (SSDD) AND HIGH RESOLUTION SAR IMAGES DATASET (HRSID)] AND OPTICAL REMOTE SENSING DATASET [NORTHWESTERN POLYTECHNICAL UNIVERSITY VERY-HIGH-RESOLUTION-10 DATASET (NWPU-10)], ACHIEVING RESPECTIVE IMPROVEMENTS OF 3.4%, 4.5%, AND 0.4% IN MAP(50) COMPARED WITH BASELINE MODELS.","ARTICLE",NA,"CONVOLUTIONAL NEURAL NETWORKS (CNNS); FEATURE AGGREGATION; HIGH-ORDER FEATURE INTERACTION; REMOTE SENSING TARGET DETECTION; TRANSFORMER ARCHITECTURE",19,"GEOCHEMISTRY & GEOPHYSICS; ENGINEERING; REMOTE SENSING; IMAGING SCIENCE & PHOTOGRAPHIC TECHNOLOGY"
"10.1109/tgrs.2023.3312452",2023,"CHEN C;ZENG W;ZHANG X;ZHOU Y","CSNNET: A REMOTE SENSING DETECTION NETWORK BREAKING THE SECOND-ORDER LIMITATION OF TRANSFORMERS WITH RECURSIVE CONVOLUTIONS","IEEE TRANSACTIONS ON GEOSCIENCE AND REMOTE SENSING","IN RECENT YEARS, TRANSFORMER-BASED NETWORKS, KNOWN FOR THEIR ABILITY TO MODEL LONG-RANGE DEPENDENCIES, HAVE BEEN WIDELY USED IN DOWNSTREAM COMPUTER VISION TASKS, SURPASSING CERTAIN NEURAL NETWORK ARCHITECTURES. HOWEVER, TRANSFORMER-BASED NETWORKS SUFFER FROM ISSUES, SUCH AS LARGE PARAMETER SIZE, HIGH-COMPUTATIONAL COMPLEXITY (CC), AND DIFFICULTIES IN EXTENDING SPATIAL AND CHANNEL FEATURES TO THE THIRD OR EVEN HIGHER ORDERS, RESULTING IN CONVERGENCE CHALLENGES FOR SMALL- TO MEDIUM-SIZED DATASETS AND LIMITED EFFECTIVENESS IN EXTRACTING HIGH-ORDER DETAILED FEATURES. IN THIS ARTICLE, WE PROPOSE A HIGH-ORDER SPATIAL AND CHANNEL CONTROLLABLE CONVOLUTION MODULE, NAMED CSN, WHICH CAN REPLACE STANDARD CONVOLUTIONS IN ANY CONVOLUTIONAL NETWORK. IN THE CONTEXT OF REMOTE SENSING SMALL OBJECT DETECTION, CSN DEMONSTRATES SUPERIOR PERFORMANCE COMPARED WITH SELF-ATTENTION STRUCTURES EMBEDDED IN NEURAL NETWORKS. MOREOVER, IT INTRODUCES LONG-RANGE DEPENDENCY RELATIONSHIPS AMONG PIXELS, SIMILAR TO SELF-ATTENTION, AND ADOPTS A CASCADED RECURSIVE APPROACH TO EXTEND SPATIAL AND CHANNEL FEATURES TO ARBITRARY HIGHER ORDERS WITHOUT INTRODUCING SIGNIFICANT ADDITIONAL COMPUTATION. THIS EXTENSION CAPTURES CRUCIAL INFORMATION FROM HIGH-ORDER SPATIAL AND CHANNEL DIMENSIONS, RESULTING IN IMPROVED ACCURACY FOR SMALL OBJECT DETECTION. IN ADDITION, WE CONSTRUCT A NOVEL, VERSATILE CSN -[FEATURE PYRAMID NETWORK (FPN) + PATH AGGREGATION NETWORK (PAN)] STRUCTURE FOR OBJECT DETECTION NETWORKS, REFERRED TO AS CSN NET. FINALLY, OUR PROPOSED MODEL EXHIBITS SIGNIFICANT ADVANTAGES IN REMOTE SENSING DETECTION WHEN COMPARED WITH STATE-OF-THE-ART METHODS ON PUBLICLY AVAILABLE SYNTHETIC APERTURE RADAR (SAR) DATASETS [SAR SHIP DETECTION DATASET (SSDD) AND HIGH RESOLUTION SAR IMAGES DATASET (HRSID)] AND OPTICAL REMOTE SENSING DATASET [NORTHWESTERN POLYTECHNICAL UNIVERSITY VERY-HIGH-RESOLUTION-10 DATASET (NWPU-10)], ACHIEVING RESPECTIVE IMPROVEMENTS OF 3.4%, 4.5%, AND 0.4% IN MAP50 COMPARED WITH BASELINE MODELS. © 1980-2012 IEEE.","ARTICLE",NA,"CONVOLUTIONAL NEURAL NETWORKS (CNNS); FEATURE AGGREGATION; HIGH-ORDER FEATURE INTERACTION; REMOTE SENSING TARGET DETECTION; TRANSFORMER ARCHITECTURE",27,NA
"10.1109/tgrs.2023.3313603",2023,"YING L;MIAO D;ZHANG Z","3WM-AUGNET: A FEATURE AUGMENTATION NETWORK FOR REMOTE SENSING SHIP DETECTION BASED ON THREE-WAY DECISIONS AND MULTIGRANULARITY","IEEE TRANSACTIONS ON GEOSCIENCE AND REMOTE SENSING","WITH THE CONTINUOUS ADVANCEMENT OF REMOTE SENSING (RS) TECHNOLOGY, RS SHIP DETECTION PLAYS A CRUCIAL ROLE IN ENSURING MARITIME SAFETY AND THE OCEANIC ECONOMY, BUT IT ALSO FACES VARIOUS CHALLENGES. MOST EXISTING RS SHIP DETECTION METHODS TYPICALLY APPLY DEBLURRING PROCESSING TO ALL INPUT IMAGES BEFORE USING A FEATURE PYRAMID NETWORK (FPN) TO DETECT SHIPS OF DIFFERENT SIZES. HOWEVER, THIS INDISCRIMINATE OPERATION MAY CAUSE IMAGE QUALITY DEGRADATION DUE TO EXCESSIVE DEBLURRING. MOREOVER, FPN HAS LIMITATIONS IN FULLY UTILIZING MULTIGRANULARITY FEATURES, WHICH IS PARTICULARLY SEVERE IN RS SHIP DETECTION TASKS. THESE ISSUES SEVERELY AFFECT THE ACCURACY OF RS SHIP DETECTION. TO ADDRESS THESE PROBLEMS, THIS ARTICLE PROPOSES AN EFFECTIVE FEATURE AUGMENTATION NETWORK, 3WM-AUGNET, BASED ON THE THREE-WAY DECISIONS (3WDS) AND MULTIGRANULARITY FEATURE LEARNING FOR RS SHIP DETECTION. IT CONSISTS OF TWO MODULES: A BLURRED CLASSIFICATION AND DEBLURRING MODULE (BCDM) AND A MULTIGRANULARITY FEATURE AUGMENTATION MODULE (MFAM). BCDM AIMS TO COMBINE 3WD AND SUPPORT VECTOR MACHINE (SVM) TO DESIGN AN IMAGE CLARITY CLASSIFICATION ALGORITHM AND USE THE MULTI-TEMPORAL RECURRENT NEURAL NETWORK (MT-RNN) ALGORITHM TO PROCESS THE BLURRY IMAGES CLASSIFIED, EFFECTIVELY AVOIDING EXCESSIVE DEBLURRING OF CLEAR IMAGES. MFAM IS USED TO ENHANCE THE RICHNESS AND ROBUSTNESS OF FEATURE REPRESENTATIONS FOR SHIPS OF DIFFERENT SIZES BY INTRODUCING THE BOTTOM-UP FEATURE FUSION LAYER AND DESIGNING AN ADAPTIVE COORDINATE ATTENTION MODULE. EXPERIMENTAL RESULTS ON THREE COMMONLY USED DATASETS, FGSD2021, HRSC2016, AND UCAS-AOD, SHOW THAT OUR PROPOSED 3WM-AUGNET ACHIEVES STATE-OF-THE-ART PERFORMANCE IN RS SHIP DETECTION.",NA,NA,NA,0,NA
"10.1109/tgrs.2023.3343453",2024,"LI W;ZHAO D;YUAN B;GAO Y;SHI Z","PETDET: PROPOSAL ENHANCEMENT FOR TWO-STAGE FINE-GRAINED OBJECT DETECTION","IEEE TRANSACTIONS ON GEOSCIENCE AND REMOTE SENSING","FINE-GRAINED OBJECT DETECTION (FGOD) EXTENDS OBJECT DETECTION WITH THE CAPABILITY OF FINE-GRAINED RECOGNITION. IN RECENT TWO-STAGE FGOD METHODS, THE REGION PROPOSAL SERVES AS A CRUCIAL LINK BETWEEN DETECTION AND FINE-GRAINED RECOGNITION. HOWEVER, CURRENT METHODS OVERLOOK THAT SOME PROPOSAL-RELATED PROCEDURES INHERITED FROM GENERAL DETECTION ARE NOT EQUALLY SUITABLE FOR FGOD, LIMITING THE MULTI-TASK LEARNING FROM GENERATION, REPRESENTATION, TO UTILIZATION. IN THIS PAPER, WE PRESENT PETDET (PROPOSAL ENHANCEMENT FOR TWO-STAGE FINE-GRAINED OBJECT DETECTION) TO BETTER HANDLE THE SUB-TASKS IN TWO-STAGE FGOD METHODS. FIRSTLY, AN ANCHOR-FREE QUALITY ORIENTED PROPOSAL NETWORK (QOPN) IS PROPOSED WITH DYNAMIC LABEL ASSIGNMENT AND ATTENTION-BASED DECOMPOSITION TO GENERATE HIGH-QUALITY ORIENTED PROPOSALS. ADDITIONALLY, WE PRESENT A BILINEAR CHANNEL FUSION NETWORK (BCFN) TO EXTRACT INDEPENDENT AND DISCRIMINATIVE FEATURES OF THE PROPOSALS. FURTHERMORE, WE DESIGN A NOVEL ADAPTIVE RECOGNITION LOSS (ARL) WHICH OFFERS GUIDANCE FOR THE R-CNN HEAD TO FOCUS ON HIGH-QUALITY PROPOSALS. EXTENSIVE EXPERIMENTS VALIDATE THE EFFECTIVENESS OF PETDET. QUANTITATIVE ANALYSIS REVEALS THAT PETDET WITH RESNET50 REACHES STATE-OF-THE-ART PERFORMANCE ON VARIOUS FGOD DATASETS, INCLUDING FAIR1M-V1.0 (42.96 AP), FAIR1M-V2.0 (48.81 AP), MAR20 (85.91 AP) AND SHIPRSIMAGENET (74.90 AP). THE PROPOSED METHOD ALSO ACHIEVES SUPERIOR COMPATIBILITY BETWEEN ACCURACY AND INFERENCE SPEED. OUR CODE AND MODELS WILL BE RELEASED AT HTTPS://GITHUB.COM/CANOE-Z/PETDET.",NA,NA,NA,2312,NA
"10.1109/tgrs.2024.3351366",2024,"PAN D;GAO X;DAI W;FU J;WANG Z;SUN X;WU Y","SRT-NET: SCATTERING REGION TOPOLOGY NETWORK FOR ORIENTED SHIP DETECTION IN LARGE-SCALE SAR IMAGES","IEEE TRANSACTIONS ON GEOSCIENCE AND REMOTE SENSING","SYNTHETIC APERTURE RADAR (SAR) SHIP DETECTION PLAYS AN IMPORTANT ROLE IN THE FIELD OF MARITIME SECURITY. HOWEVER, CERTAIN UNIQUE IMAGING PROPERTIES MAKE IT CHALLENGING TO EXTRACT THE SHAPE FEATURES OF SHIPS, SUCH AS SPECKLE NOISE AND STRONG SCATTERING INTERFERENCE FROM IRRELEVANT OBJECTS. THESE FACTORS RESULT IN INACCURATE SHIP LOCALIZATION AND OBVIOUS FALSE ALARMS UNDER COMPLEX LARGE-SCALE INSHORE SCENES. TO ADDRESS THIS ISSUE, WE PROPOSE THE SCATTERING REGION TOPOLOGY NETWORK (SRT-NET), WHICH CAN DYNAMICALLY CAPTURE THE COMPREHENSIVE GLOBAL CONTEXT AND ENHANCE THE SHIP SALIENCY. THIS IS ACHIEVED THROUGH TWO KEY MODULES, NAMELY THE SCATTERING REGION TOPOLOGICAL STRUCTURE PYRAMID (SRTP) AND THE SHIP SALIENCY ENHANCEMENT (SSE) MODULE. THE FORMER PROVIDES RICHER SEMANTIC INFORMATION TO DISTINGUISH THE OBJECT FROM THE BACKGROUND, WHILE THE LATTER OFFERS AN EXTRA PIXEL-LEVEL CLASSIFICATION TASK TO GUIDE ACCURATE BOUNDING BOX REGRESSION. THANKS TO THE GUIDANCE OF RICHER INFORMATION, THE PROPOSED METHOD CAN ACHIEVE FEWER FALSE ALARMS AND ENHANCE LOCATION ACCURACY. ADDITIONALLY, WE INTRODUCE A SCALE FEATURE ADAPTIVE (SFA) LOSS TO BALANCE THE ATTENTION TO SHIPS WITH VARIOUS SCALES, WHICH IMPROVES THE ROBUSTNESS OF MULTISCALE SHIP DETECTION. THE PROPOSED METHOD ACHIEVES STATE-OF-THE-ART PERFORMANCE UNDER COMPLEX INSHORE SCENES, AND ITS EFFECTIVENESS IS VERIFIED BY EXPERIMENTS ON A LARGE-SCALE SAR SHIP DETECTION DATASET (LSSDD) AND A PUBLIC SAR SHIP DETECTION DATASET (SSDD+). © 1980-2012 IEEE.","ARTICLE",NA,"DEEP LEARNING; GRAPH CONVOLUTION NETWORK; ORIENTED SHIP DETECTION; STRONG SCATTERING INTERFERENCE; SYNTHETIC APERTURE RADAR (SAR); TOPOLOGICAL STRUCTURE",41,NA
"10.1109/tgrs.2024.3465504",2024,"HU J;ZHI X;SHI T;WANG J;LI Y;SUN X","DATASET AND BENCHMARK FOR SHIP DETECTION IN COMPLEX OPTICAL REMOTE SENSING IMAGE","IEEE TRANSACTIONS ON GEOSCIENCE AND REMOTE SENSING","SHIP DETECTION PLAYS A PIVOTAL ROLE IN NUMEROUS MILITARY AND CIVIL APPLICATIONS, YET DETECTING SHIPS IN COMPLEX MARITIME AND AERIAL ENVIRONMENTS REMAINS A CHALLENGING TASK. WHILE SEVERAL PUBLICLY AVAILABLE DATASETS FOR SHIP DETECTION HAVE BEEN INTRODUCED BY RESEARCHERS, MOST OF THEM DO NOT ADEQUATELY ADDRESS THE IMPACTS OF DIVERSE AND INTRICATE ENVIRONMENTAL FACTORS, WHICH MAKES THE TRAINED ALGORITHMS DIFFICULT TO APPLY FOR PRACTICAL APPLICATION SCENES INVOLVING CLOUDS, SEA CLUTTER, COMPLEX LIGHTING, AND FACILITY INTERFERENCES, LIMITING THE EFFECTIVENESS AND ROBUSTNESS OF THE DETECTION MODELS. TO ADVANCE THE FIELD OF SHIP DETECTION METHOD RESEARCH, WE PROPOSE A HIGH-QUALITY DATASET NAMED SHIP COLLECTION IN COMPLEX OPTICAL SCENE (SCCOS), WHICH IS OBTAINED FROM MULTIPLE PLATFORM SOURCES INCLUDING GOOGLE EARTH, MICROSOFT MAP, WORLDVIEW-3, PLEIADES, ORBVIEW-3, JILIN-1, AND IKONOS SATELLITES. THE DATASET COMPREHENSIVELY CONSIDERS COMPLEX SCENES SUCH AS THIN CLOUDS, MIST, THICK CLOUDS, LIGHT SHADOWS, SEA CLUTTER, AND PORT FACILITIES. ADDITIONALLY, WE CONDUCT EXPERIMENTS ON THIS DATASET WITH 11 REPRESENTATIVE DETECTION ALGORITHMS AND ESTABLISH A PERFORMANCE BENCHMARK, WHICH CAN PROVIDE THE THEORETICAL BASIS AND PRACTICAL REFERENCE FOR THE DESIGN AND OPTIMIZATION OF SUBSEQUENT SHIP DETECTION MODELS. THE LATEST DATASET IS AVAILABLE AT: HTTPS://GITHUB.COM/JIMMYRSLAB/DATASET-AND-BENCHMARK-FOR-SHIP-DETECTION-IN-COMPLEX-OPTICAL-REMOTE-SENSING-IMAGE.",NA,NA,NA,0,NA
"10.1109/tgrs.2024.3524621",2025,"LI Y;CHEN L;LI W","FINE-GRAINED SHIP RECOGNITION WITH SPATIAL-ALIGNED FEATURE PYRAMID NETWORK AND ADAPTIVE PROTOTYPICAL CONTRASTIVE LEARNING","IEEE TRANSACTIONS ON GEOSCIENCE AND REMOTE SENSING","FINE-GRAINED SHIP RECOGNITION ENDEAVORS TO ACCURATELY LOCATE SHIP TARGETS AND RECOGNIZE THEIR RESPECTIVE FINE-GRAINED CATEGORIES. CURRENT SHIP RECOGNITION METHODS PRIMARILY RELY ON THE FEATURE PYRAMID NETWORK (FPN) FOR EXTRACTING MULTISCALE FEATURES. HOWEVER, FPN EXHIBITS A SPATIAL MISALIGNMENT ISSUE WHEN FUSING FEATURES FROM ADJACENT-SCALE FEATURE MAPS, LEADING TO AN INABILITY TO EXTRACT FINE-GRAINED FEATURES. CONSEQUENTLY, THIS LIMITATION CONSTRAINS THE FINE-GRAINED RECOGNITION CAPABILITIES OF THESE RECOGNITION METHODS. MOREOVER, SHIP TARGETS POSSESS A HIGH LEVEL OF INTRACLASS DIVERSITY AND INTERCLASS SIMILARITY, YET EXISTING RECOGNITION MODELS STRUGGLE TO EXTRACT FEATURES WITH STRONG CATEGORY SEPARABILITY, RESULTING IN WEAKENED FINE-GRAINED SHIP RECOGNITION PERFORMANCE. IN ORDER TO SOLVE THE SPATIAL MISALIGNMENT PROBLEM THAT OCCURS IN FPN, A SPATIAL-ALIGNED FPN (SAFPN) IS INVESTIGATED. SAFPN EMPLOYS A SPATIAL-AWARE ALIGNMENT FUSION MODULE (SAFM) TO EFFECTIVELY EXTRACT RICH FINE-GRAINED FEATURES BETWEEN ADJACENT-SCALE FEATURE MAPS. MOREOVER, IN RESPONSE TO THE CHALLENGE POSED BY LOW CATEGORY SEPARABILITY IN FEATURES DUE TO THE INTRACLASS DIVERSITY AND INTERCLASS SIMILARITY AMONG SHIP TARGETS, AN ADAPTIVE PROTOTYPICAL CONTRASTIVE LEARNING (APCL) METHOD IS FURTHER PROPOSED. BY INTRODUCING PROTOTYPICAL CONTRASTIVE LOSS, APCL EFFECTIVELY ENHANCES THE CATEGORY SEPARABILITY OF SHIP FEATURES, THEREBY IMPROVING THE PERFORMANCE OF FINE-GRAINED SHIP RECOGNITION. NUMEROUS EXPERIMENTS ARE VALIDATED ON TWO FINE-GRAINED SHIP RECOGNITION DATASETS: FGSD AND SHIPRSIMAGENET. THE EXPERIMENTAL RESULTS DEMONSTRATE THAT THE PROPOSED SAFPN AND APCL FACILITATE THE MODEL IN EXTRACTING FINE-GRAINED FEATURES WITH STRONG CATEGORY SEPARABILITY, EFFECTIVELY ENHANCING THE PERFORMANCE OF FINE-GRAINED SHIP RECOGNITION. OUR CODE WILL BE PUBLIC AND AVAILABLE AT HTTPS://GITHUB.COM/LIYANGFAN0/FINE-GRAINED-SHIP-RECOGNITION.",NA,NA,NA,0,NA
"10.1109/tgrs.2025.3559551",2025,"CHANG H;FU X;LANG P;GUO K;DONG J;CHANG S","GLDET: REAL-TIME SAR SHIP DETECTOR BASED ON GLOBAL SEMANTIC INFORMATION ENHANCEMENT AND LOCAL GRADIENT INFORMATION MINING","IEEE TRANSACTIONS ON GEOSCIENCE AND REMOTE SENSING","DETECTING SHIPS IN SYNTHETIC APERTURE RADAR (SAR) IMAGES IS A CHALLENGING TASK DUE TO VARIOUS FACTORS, SUCH AS THE DIVERSE DISTRIBUTION OF SHIPS AND THE INTRICATE NATURE OF SAR IMAGES. IN RECENT YEARS, DEEP LEARNING HAS MADE EXCELLENT PROGRESS IN THE FIELD OF SAR INTERPRETATION. MODELS THAT FOCUS ON EXTRACTING GLOBAL SEMANTIC INFORMATION CAN EFFECTIVELY ACHIEVE BALANCED DETECTION OF MULTISCALE SAR TARGETS, BUT THEIR COMPUTATIONAL COMPLEXITY IS RELATIVELY HIGH. MODELS THAT FOCUS ON PROCESSING LOCAL INFORMATION HAVE REDUNDANT CALCULATIONS AND POOR ROBUSTNESS, BUT ARE PRONE TO MISTAKING THE BACKGROUND INFORMATION OF SAR IMAGES FOR TARGETS. TO ADDRESS THE ABOVE ISSUES, WE PROPOSE A REAL-TIME SAR SHIP DETECTOR BASED ON GLOBAL SEMANTIC INFORMATION ENHANCEMENT AND LOCAL GRADIENT INFORMATION MINING. THE LIGHTWEIGHT FEATURE EXTRACTION BACKBONE BASED ON LINEAR COMPUTING IS DESIGNED, WITH THE NETWORK STRUCTURE OF GLOBAL INFORMATION AUGMENTATION ENCODER (GIAE), LOCAL GRADIENT INFORMATION MINER (LGIM), AND DECODER, WHICH CAN QUICKLY PERFORM FEATURE EXTRACTION. GIAE ENHANCES THE EXPRESSION OF IMAGE CONTENT THROUGH THE LONG-SEQUENCE MODELING CAPABILITY OF THE STATE-SPACE MODEL (SSM). LGIM USES GRADIENT MODULES COMPOSED OF DEPTHWISE SEPARABLE CONVOLUTIONS TO EXTRACT LOCAL INFORMATION OF IMAGE AND UTILIZES DIRECTED SELF-ATTENTION (DSA) TO MINE CHANNEL CONTEXT INFORMATION. GLOBAL-LOCAL DETECTOR (GLDET) CAN COMPLETE OBJECT DETECTION, ROTATED OBJECT DETECTION, AND INSTANCE SEGMENTATION TASKS BY TRANSFORMING THE DETECTION HEAD. EXCELLENT PERFORMANCE HAS BEEN ACHIEVED ON THE SAR SHIP INSTANCE SEGMENTATION DATASETS: SAR SHIP DETECTION DATASET (SSDD) AND HIGH-RESOLUTION SAR IMAGE DATASET (HRSID), AS WELL AS THE SAR ROTATED SHIP DATASETS: ROTATED SHIP DETECTION DATASET (RSDD)-SAR AND SSDD+. MEANWHILE, GLDET DEMONSTRATED EXCELLENT GENERALIZATION PERFORMANCE IN LARGE-SCALE SAR IMAGES CAPTURED BY GF-3 AND TERRA-SAR SATELLITES. © 2025 IEEE.","ARTICLE",NA,"INSTANCE SEGMENTATION; LIGHTWEIGHT NETWORK; MULTITASK LEARNING; REAL-TIME DETECTION; ROTATED OBJECT DETECTION; SHIP DETECTION; SYNTHETIC APERTURE RADAR (SAR)",8,NA
"10.1109/tgrs.2025.3562717",2025,"CHEN Y;ZHAN L;ZHAO Y;XIONG S;LU X","VGRSS: DATASETS AND MODELS FOR VISUAL GROUNDING IN REMOTE SENSING SHIP IMAGES","IEEE TRANSACTIONS ON GEOSCIENCE AND REMOTE SENSING","THIS ARTICLE INTRODUCES A TASK NAMED VISUAL GROUNDING OF REMOTE SENSING SHIP (VGRSS) IMAGES. THE GOAL OF VGRSS IS TO LOCATE SHIP OBJECTS IN REMOTE SENSING IMAGES GUIDED BY NATURAL LANGUAGE. EXTENSIVE RESEARCH HAS BEEN CONDUCTED ON MULTIMODAL PROCESSING OF REMOTE SENSING IMAGES AND TEXT TO RETRIEVE RICH INFORMATION FROM REMOTE SENSING IMAGES USING NATURAL LANGUAGE. HOWEVER, DUE TO THE UNIQUE CHARACTERISTICS OF REMOTE SENSING SHIP IMAGES, SHIP LOCALIZATION USING NATURAL LANGUAGE REMAINS A CHALLENGE. THEREFORE, IN THIS WORK, WE CONSTRUCT DATASETS FOR THE VGRSS TASK AND EXPLORE DEEP LEARNING MODELS. SPECIFICALLY, OUR CONTRIBUTIONS CAN BE SUMMARIZED AS FOLLOWS: FIRST, WE CONSTRUCT TWO REMOTE SENSING SHIP DATASETS FOR VISUAL GROUNDING. ONE IS BASED ON THE OPTICAL REMOTE SENSING SHIP TARGET DETECTION BENCHMARK DATASET, NAMED RSSVG, WHILE THE OTHER IS BASED ON THE SYNTHETIC APERTURE RADAR (SAR) DATASET, NAMED SARVG. SECOND, WE PROPOSE A LANGUAGE-GUIDED VISUAL FEATURE ENHANCEMENT (LVFE) MODULE. THIS MODULE ENHANCES VISUAL FEATURES THROUGH LANGUAGE GUIDANCE BEFORE VISUAL-LINGUISTIC FUSION (VLF). THIRD, WE PROPOSE A VLF MODULE BASED ON MULTIMODAL FEATURE STACKING. THIS MODULE INPUTS THE STACKED LANGUAGE AND VISUAL FEATURES, AND THEN PERFORMS FEATURE FUSION USING A TRANSFORMER, ENABLING EFFECTIVE CROSS-MODAL INTERACTION AND INTEGRATION. FOURTH, WE INTRODUCE A NOVEL LOSS CALCULATION METHOD BY INCORPORATING ENHANCED INTERSECTION OVER UNION (EIOU) INTO THE LOSS FUNCTION. FINALLY, WE BENCHMARK EXTENSIVE STATE-OF-THE-ART (SOTA) NATURAL IMAGE VISUAL GROUNDING (VG) METHODS ON THE CONSTRUCTED RSSVG AND SARVG DATASETS, THEN PROVIDE INSIGHTFUL ANALYSIS BASED ON THE RESULTS. THIS WORK OFFERS VALUABLE INSIGHTS FOR DEVELOPING BETTER VGRSS MODELS. © 1980-2012 IEEE.","ARTICLE",NA,"LANGUAGE-GUIDED VISUAL FEATURE ENHANCEMENT (LVFE); TRANSFORMER; VG OF REMOTE SENSING SHIP (VGRSS) IMAGES; VISUAL GROUNDING (VG) DATASET",3,NA
"10.1109/tgrs.2025.3578908",2025,"GONG T;CHENG W;CHEN Y;XIONG S;LU X","DISCOVER THE UNKNOWN ONES IN FINE-GRAINED SHIP DETECTION","IEEE TRANSACTIONS ON GEOSCIENCE AND REMOTE SENSING","THE REMOTE SENSING IMAGE-BASED SHIP IDENTIFICATION TECHNOLOGY HAS GREAT APPLICATIONS IN AREAS, SUCH AS NATIONAL DEFENSE AND FISHERY MANAGEMENT. HOWEVER, EXISTING REMOTE SENSING SHIP STUDIES MAINLY FOCUS ON A CLOSED ENVIRONMENT AND OVERLOOK ACTUAL SEA CONDITIONS, WHILE NEW MILITARY SHIPS WILL BE ENCOUNTERED. THESE UNKNOWN CATEGORIES OF SHIPS WILL BE IGNORED OR MISCLASSIFIED BY EXISTING MODELS, DRAMATICALLY AFFECTING THE ACCURATE ASSESSMENT OF THE MARITIME SITUATION. FURTHERMORE, EXISTING UNKNOWN DETECTION METHODS FOR NATURAL IMAGES FAIL TO TACKLE THE REMOTE SENSING SHIP DETECTION PROBLEM FOR THE PROPERTY OF HIGH SIMILARITY IN THE OVERALL APPEARANCE. TO COPE WITH THIS PROBLEM, THIS ARTICLE PROPOSES A FINE-GRAINED UNKNOWN SHIP DETECTION NETWORK. FIRST, WE EXPLORE A CLASS-BALANCED PROPOSAL SAMPLER (CBPS) TO AVOID THE INEFFICIENT INFORMATION LEARNING. SECOND, WE PROPOSE A FINE-GRAINED MEMORY BANK-BASED CONTRASTIVE LEARNING (FGCL) STRATEGY TO SEPARATE DIFFERENT CATEGORIES. FINALLY, TO FURTHER SEPARATE UNKNOWN CLASSES, WE ADOPT AN UNCERTAINTY-AWARE UNKNOWN LEARNER (UAUL) WITH LOGIT TO REDUCE THE UNCERTAINTY OF FINE-GRAINED PREDICTIONS. EXPERIMENTS CONDUCTED IN THREE PUBLIC SHIP DETECTION DATASETS SHIPRSIMAGENET, DOSR, AND HRSC2016 SHOW THAT THE METHOD NOT ONLY ACHIEVES GOOD DETECTION ON UNKNOWN CLASS SHIPS BUT ALSO IMPROVES THE DETECTION ACCURACY ON KNOWN CLASSES. THE CODE IS AVAILABLE AT: HTTPS://GITHUB.COM/FORGEU/DUONET",NA,NA,NA,0,NA
"10.1109/tits.2024.3431452",2024,"LIU X;LI Y;SIZEMORE L;XIE X;WU J","A DEEP-LEARNING APPROACH TO DETECT AND CLASSIFY HEAVY-DUTY TRUCKS IN SATELLITE IMAGES","IEEE TRANSACTIONS ON INTELLIGENT TRANSPORTATION SYSTEMS","HEAVY-DUTY TRUCKS SERVE AS THE BACKBONE OF THE SUPPLY CHAIN AND HAVE A TREMENDOUS EFFECT ON THE ECONOMY. HOWEVER, THEY SEVERELY IMPACT THE ENVIRONMENT AND PUBLIC HEALTH. THIS STUDY PRESENTS A NOVEL TRUCK DETECTION FRAMEWORK BY COMBINING SATELLITE IMAGERY WITH GEOGRAPHIC INFORMATION SYSTEM (GIS)-BASED OPENSTREETMAP DATA TO CAPTURE THE DISTRIBUTION OF HEAVY-DUTY TRUCKS AND SHIPPING CONTAINERS IN BOTH ON-ROAD AND OFF-ROAD LOCATIONS WITH EXTENSIVE SPATIAL COVERAGE. THE FRAMEWORK INVOLVES MODIFYING THE CENTERNET DETECTION ALGORITHM TO DETECT RANDOMLY ORIENTED TRUCKS IN SATELLITE IMAGES AND ENHANCING THE MODEL THROUGH ENSEMBLING WITH MASK RCNN, A SEGMENTATION-BASED ALGORITHM. GIS INFORMATION REFINES AND IMPROVES THE MODEL'S PREDICTION RESULTS. APPLIED TO PART OF SOUTHERN CALIFORNIA, INCLUDING THE PORT OF LOS ANGELES AND LONG BEACH, THE FRAMEWORK HELPS ASSESS THE ENVIRONMENTAL IMPACT OF HEAVY-DUTY TRUCKS IN PORT-ADJACENT COMMUNITIES AND UNDERSTAND TRUCK DENSITY PATTERNS ALONG MAJOR FREIGHT CORRIDORS. THIS RESEARCH HAS IMPLICATIONS FOR POLICY, PRACTICE, AND FUTURE RESEARCH.","ARTICLE",NA,"CONTAINERS; SATELLITE IMAGES; OBJECT DETECTION; VEHICLE DETECTION; DETECTORS; PUBLIC HEALTHCARE; PROPOSALS; PORT-SIDE HEAVY-DUTY TRUCKS; DEEP LEARNING; OBJECT DETECTION; SATELLITE IMAGES; GIS; MODEL ENSEMBLE",1,"ENGINEERING; TRANSPORTATION"
"10.1109/tits.2024.3431452",2024,"LIU X;LI Y;SIZEMORE L;XIE X;WU J","A DEEP-LEARNING APPROACH TO DETECT AND CLASSIFY HEAVY-DUTY TRUCKS IN SATELLITE IMAGES","IEEE TRANSACTIONS ON INTELLIGENT TRANSPORTATION SYSTEMS","HEAVY-DUTY TRUCKS SERVE AS THE BACKBONE OF THE SUPPLY CHAIN AND HAVE A TREMENDOUS EFFECT ON THE ECONOMY. HOWEVER, THEY SEVERELY IMPACT THE ENVIRONMENT AND PUBLIC HEALTH. THIS STUDY PRESENTS A NOVEL TRUCK DETECTION FRAMEWORK BY COMBINING SATELLITE IMAGERY WITH GEOGRAPHIC INFORMATION SYSTEM (GIS)-BASED OPENSTREETMAP DATA TO CAPTURE THE DISTRIBUTION OF HEAVY-DUTY TRUCKS AND SHIPPING CONTAINERS IN BOTH ON-ROAD AND OFF-ROAD LOCATIONS WITH EXTENSIVE SPATIAL COVERAGE. THE FRAMEWORK INVOLVES MODIFYING THE CENTERNET DETECTION ALGORITHM TO DETECT RANDOMLY ORIENTED TRUCKS IN SATELLITE IMAGES AND ENHANCING THE MODEL THROUGH ENSEMBLING WITH MASK RCNN, A SEGMENTATION-BASED ALGORITHM. GIS INFORMATION REFINES AND IMPROVES THE MODEL'S PREDICTION RESULTS. APPLIED TO PART OF SOUTHERN CALIFORNIA, INCLUDING THE PORT OF LOS ANGELES AND LONG BEACH, THE FRAMEWORK HELPS ASSESS THE ENVIRONMENTAL IMPACT OF HEAVY-DUTY TRUCKS IN PORT-ADJACENT COMMUNITIES AND UNDERSTAND TRUCK DENSITY PATTERNS ALONG MAJOR FREIGHT CORRIDORS. THIS RESEARCH HAS IMPLICATIONS FOR POLICY, PRACTICE, AND FUTURE RESEARCH. © 2000-2011 IEEE.","ARTICLE",NA,"DEEP LEARNING; GIS; MODEL ENSEMBLE; OBJECT DETECTION; PORT-SIDE HEAVY-DUTY TRUCKS; SATELLITE IMAGES",2,NA
"10.1109/tpami.2024.3362475",2024,"HONG D;ZHANG B;LI X;LI Y;LI C;YAO J;YOKOYA N;LI H;GHAMISI P;JIA X;PLAZA A;GAMBA P;BENEDIKTSSON J;CHANUSSOT J","SPECTRALGPT: SPECTRAL REMOTE SENSING FOUNDATION MODEL","IEEE TRANS. PATTERN ANAL. MACH. INTELL.","THE FOUNDATION MODEL HAS RECENTLY GARNERED SIGNIFICANT ATTENTION DUE TO ITS POTENTIAL TO REVOLUTIONIZE THE FIELD OF VISUAL REPRESENTATION LEARNING IN A SELF-SUPERVISED MANNER. WHILE MOST FOUNDATION MODELS ARE TAILORED TO EFFECTIVELY PROCESS RGB IMAGES FOR VARIOUS VISUAL TASKS, THERE IS A NOTICEABLE GAP IN RESEARCH FOCUSED ON SPECTRAL DATA, WHICH OFFERS VALUABLE INFORMATION FOR SCENE UNDERSTANDING, ESPECIALLY IN REMOTE SENSING (RS) APPLICATIONS. TO FILL THIS GAP, WE CREATED FOR THE FIRST TIME A UNIVERSAL RS FOUNDATION MODEL, NAMED SPECTRALGPT, WHICH IS PURPOSE-BUILT TO HANDLE SPECTRAL RS IMAGES USING A NOVEL 3D GENERATIVE PRETRAINED TRANSFORMER (GPT). COMPARED TO EXISTING FOUNDATION MODELS, SPECTRALGPT 1) ACCOMMODATES INPUT IMAGES WITH VARYING SIZES, RESOLUTIONS, TIME SERIES, AND REGIONS IN A PROGRESSIVE TRAINING FASHION, ENABLING FULL UTILIZATION OF EXTENSIVE RS BIG DATA; 2) LEVERAGES 3D TOKEN GENERATION FOR SPATIAL-SPECTRAL COUPLING; 3) CAPTURES SPECTRALLY SEQUENTIAL PATTERNS VIA MULTI-TARGET RECONSTRUCTION; AND 4) TRAINS ON ONE MILLION SPECTRAL RS IMAGES, YIELDING MODELS WITH OVER 600 MILLION PARAMETERS. OUR EVALUATION HIGHLIGHTS SIGNIFICANT PERFORMANCE IMPROVEMENTS WITH PRETRAINED SPECTRALGPT MODELS, SIGNIFYING SUBSTANTIAL POTENTIAL IN ADVANCING SPECTRAL RS BIG DATA APPLICATIONS WITHIN THE FIELD OF GEOSCIENCE ACROSS FOUR DOWNSTREAM TASKS: SINGLE/MULTI-LABEL SCENE CLASSIFICATION, SEMANTIC SEGMENTATION, AND CHANGE DETECTION.",NA,NA,NA,0,NA
"10.1109/wacvw60836.2024.00095",2024,"SAVATHRAKIS G;ARGYROS A;MONTH = J","AN AUTOMATED METHOD FOR THE CREATION OF ORIENTED BOUNDING BOXES IN REMOTE SENSING SHIP DETECTION DATASETS",NA,"IN A VARIETY OF MARITIME APPLICATIONS, THE TASK OF ACCURATELY DETECTING SHIPS FROM REMOTE SENSING IMAGES IS OF SIGNIFICANT IMPORTANCE. VARIOUS OBJECT DETECTION ALGORITHMS LOCALIZE OBJECTS BY IDENTIFYING EITHER THEIR HORIZONTAL BOUNDING BOXES (HBBS) OR THEIR ORIENTED BOUNDING BOXES (OBBS). OBBS PROVIDE A FAR MORE ACCURATE/TIGHTER LOCALIZATION OF OBJECT REGIONS AS WELL AS THEIR ORIENTATION. SEVERAL SHIP DETECTION DATASETS PROVIDE ANNOTATIONS THAT INCLUDE BOTH HBBS AND OBBS. HOWEVER, MANY OF THEM DO NOT INCLUDE OBB ANNOTATIONS. IN THIS WORK, WE PROPOSE A METHOD WHICH TAKES THE SHIPS' HBB ANNOTATIONS AS INPUT, AND AUTOMATICALLY CALCULATES THE CORRESPONDING OBBS. THE PROPOSED METHOD CONSISTS OF THREE MAIN PARTS, (A) OBJECT SEGMENTATION THAT IS BUILT UPON THE SEGMENT-ANYTHING MODEL (SAM) TO CALCULATE OBJECT MASKS BASED ON THE INFORMATION PROVIDED BY THE HBBS, (B) MORPHOLOGICAL FILTERING WHICH ELIMINATES POSSIBLE ARTIFACTS STEMMING FROM THE SEGMENTATION PROCESS, AND (C) CONTOUR DETECTION APPLIED TO THE POST-PROCESSED MASKS THAT ARE USED TO COMPUTE THE OPTIMAL OBBS OF THE TARGET OBJECTS. BY AUTOMATING THE PROCESS OF OBB ANNOTATION, THE PROPOSED METHOD PERMITS THE EXPLOITATION OF EXISTING HBB-ANNOTATED DATASETS TO TRAIN SHIP DETECTORS OF IMPROVED PERFORMANCE. WE SUPPORT THIS FINDING BY REPORTING THE RESULTS OF SEVERAL EXPERIMENTS THAT INVOLVE STANDARD DATASETS, AS WELL AS STATE OF THE ART OBJECT DETECTORS.",NA,NA,NA,2690,NA
"10.1109/wcsp49889.2020.9299876",2020,"LI C;WANG L;KANG B;CHEN M;CUI J;ZHENG B","ARBITRARY-ORIENTED SHIP DETECTION BASED ON FEATURE FILTER AND KL LOSS","","ALTHOUGH DEEP LEARNING HAS BEEN DOMINANT IN THE FIELD OF TARGET DETECTION, THERE ARE STILL SOME CHALLENGES IN THE FIELD OF DETECTION OF SHIPS: HORIZONTAL BOUNDARY BOX CONTAINS TOO MUCH REDUNDANCY AND NOISE IN THE SCENE OF LARGE SCALE AND DENSE ARRANGEMENT OF SHIPS, AND THERE ARE MANY INTERFERENCES IN REMOTE SENSING OPTICAL IMAGES THAT AFFECT THE BOUNDING BOX REGRESSION. RECENT NEURAL NETWORK FOR SHIP DETECTION IS GENERALLY USED TO EXTRACT THE PIXEL INFORMATION IN THE IMAGE TO ACHIEVE RAPID POSITIONING AND BOUNDARY BOX REGRESSION, OR TO PROCESS THE DATASET, SO AS TO TRAIN A MORE ROBUST NETWORK. HOWEVER, THESE METHODS DO NOT FOCUS ON THE ORIGINAL FEATURE MAP AND LOSS FUNCTIONS OF THE TARGET, WHICH DIRECTLY LEAD TO THE EFFECTS OF SHIP POSITIONING AND REGRESSION. IN THIS PAPER, WE PROPOSE A SHIP DETECTION NETWORK BASED ON FEATURE FILTER AND KULLBACK-LEIBLER(KL) DIVERGENCE LOSS FUNCTION. IN THIS PAPER, WE PROPOSE TO USE MASK FILTERS ON THE OUTPUT OF THE REGION OF INTEREST(ROI) NETWORK TO REMOVE THE NOISE AROUND THE ROTATING BOUNDING BOX, WHICH IS CONDUCIVE TO THE REGRESSION OF THE ROTATING BOUNDING BOX AND ANGLE IN THE SECOND STAGE. IN ORDER TO GET A BETTER BOUNDING BOX, WE PROPOSE TO USE KL LOSS FUNCTION FOR REGRESSION OF BOUNDING BOX PARAMETERS. WITH THE OPTIMIZATION OF KL LOSS, THE BOUNDING BOX CAN BETTER SURROUND THE SHIP. WE CARRIED OUT EXPERIMENTS ON OUR OWN REMOTE SENSING SHIP IMAGE DATASET FOR SHIP DETECTION, IT CONTAINS 5,126 REMOTE SENSING SATELLITE IMAGES AND MORE THAN 23800 SHIPS IN 6 CATEGORIES. THE DATASET CONTAINS A VARIETY OF SCENARIOS AND CHALLENGES. EXPERIMENTS SHOW THAT THE METHOD IS ACCURATE AND EFFECTIVE, AND THE BOUNDING BOX HAS GOOD WRAPPING PROPERTY. © 2020 IEEE.","CONFERENCE PAPER",NA,"BOUNDING BOX; DEEP LEARNING; MASK; SHIP DETECTION",2,NA
"10.11159/mvml25.105",2025,"ZHANG H;LIU Q;HAN X;NIU L;SUN W","SHIP DETECTION FOR SATELLITE IMAGES BASED ON CLASSIFIER TRANSFER LEARNING COMBINED WITH FEATURE TRANSFER LEARNING","PROCEEDINGS OF THE WORLD CONGRESS ON ELECTRICAL ENGINEERING AND COMPUTER SYSTEMS AND SCIENCE","TRANSFER LEARNING (TL) IS A POWERFUL TOOL TO TRANSFER DEEP LEARNING MODELS FROM A LARGE SOURCE DATASET TO A SMALL TARGET DATASET, BUT THE UPPER-LAYERS OF DEEP LEARNING MODELS ARE LESS TRANSFERABLE FOR LACKING UNIVERSALITY AND POSSESSING SPECIFICITY TO CERTAIN TASKS. MOST RESEARCHES HAVE FOCUSED ON FEATURE-ORIENTED TRANSFER LEARNING BASE ON THE FEATURE SPACE, HOWEVER, BOTH THE CLASSIFIERORIENTED TRANSFER LEARNING AND THE LABEL SPACE HAVEN’T BEEN CONSIDERED. FACED WITH THESE ISSUES, A GENERALIZED CLASSIFIER-ORIENTED TRANSFER LEARNING, TERMED AS CLASSIFIER-TL, IS PROPOSED IN THIS PAPER, WHICH INVESTIGATES THE CORRELATION BETWEEN SOURCE LABEL SPACE AND TARGET LABEL SPACE TO TRANSFER AND REFINE THE GENERALIZED CLASSIFIER. MORE SPECIFICALLY, FOR A GIVEN TASK, A LABEL SPACE DESCRIPTOR IS PROPOSED TO DEPICT THE LABEL SPACE, AND A LABEL SPACE SIMILARITY IS INTRODUCED TO MEASURE THE CORRELATION BETWEEN SOURCE LABEL SPACE AND TARGET LABEL SPACE. THEN, THE TARGET LABEL SPACE IS FOCUSED THROUGH THE PROPOSED LABEL DRIVEN POSTERIORI OPTIMIZATION, TRYING TO EXPLOIT SIMILAR LABEL SPACES OF THE CLOSEST CATEGORY. IN THIS PROCEDURE, THE CLASSIFIER CAN BE REFINED FROM A SET OF GENERALIZED CLASSIFIERS TO A SPECIFIC CLASSIFIER. FURTHERMORE, THIS CLASSIFIER-TL CAN BE COMBINED WITH THE TRADITIONAL FEATURE-ORIENTED TRANSFER LEARNING, TO FORM AN INTEGRATIVE SECONDARY TRANSFER LEARNING, FOR FURTHER BOOSTING THE PERFORMANCE OF TRANSFER LEARNING. EXPERIMENTAL RESULTS FOR THE TASK OF SHIP DETECTION, HAVE DEMONSTRATED THE EFFECTIVENESS OF OUR PROPOSED METHOD. © 2025, AVESTIA PUBLISHING. ALL RIGHTS RESERVED.","CONFERENCE PAPER",NA,"CLASSIFIER TRANSFER LEARNING; CNN; LABEL SPACE; SECONDARY TRANSFER LEARNING; TRANSFER LEARNING",0,NA
"10.11159/mvml25.105",2025,"NA N","SHIP DETECTION FOR SATELLITE IMAGES BASED ON CLASSIFIER TRANSFER LEARNING COMBINED WITH FEATURE TRANSFER LEARNING \TEXTBAR REQUEST PDF",NA,"REQUEST PDF \TEXTBAR ON AUG 1, 2025, HUAN ZHANG AND OTHERS PUBLISHED SHIP DETECTION FOR SATELLITE IMAGES BASED ON CLASSIFIER TRANSFER LEARNING COMBINED WITH FEATURE TRANSFER LEARNING \TEXTBAR FIND, READ AND CITE ALL THE RESEARCH YOU NEED ON RESEARCHGATE",NA,NA,NA,0,NA
"10.1117/1.jei.34.1.013047",2025,"ZHU S;WEI L;ZHENG B;TAO X","WEAKLY SUPERVISED ARBITRARY-ORIENTED SHIP DETECTION NETWORK BASED ON DYNAMIC SCALE FEATURE ENHANCEMENT","JOURNAL OF ELECTRONIC IMAGING","THE ADVANCEMENT OF SHIP DETECTION IN REMOTE SENSING IMAGES HAS BEEN GREATLY FACILITATED BY THE ENHANCEMENT OF CONVOLUTIONAL NEURAL NETWORKS. WHEN FACING COMPLEX MARINE SCENES, ORIENTED SHIP DETECTION IS PRACTICAL AND NECESSARY, WHEREAS THE PROCESS OF DEVELOPING FULLY SUPERVISED METHODS IS RESTRICTED BY THE ANNOTATED DATA FOR A ROTATED BOX. THEREFORE, WE PROPOSE A WEAKLY SUPERVISED ORIENTED SHIP DETECTION NETWORK (DSENET) BASED ON DYNAMIC SCALE FEATURE ENHANCEMENT, WHICH TRAINS THE NETWORK WITH ONLY DATA ANNOTATED IN A HORIZONTAL BOX (HBOX). FIRST, WE PROPOSE A DYNAMIC SCALE FEATURE ENHANCEMENT MODULE, WHICH CAN PROVIDE PRECISE SCALE FEATURES OF THE SHIP FOR THE SELF-SUPERVISED (SS) BRANCH AND WEAKLY SUPERVISED (WS) BRANCH VIA FEATURE EXTRACTION, FUSION, AND ADAPTIVE ENHANCEMENT ON MULTIPLE SCALES. NEXT, THE NEURAL ARCHITECTURE SEARCH IS INTRODUCED TO DESIGN THE HEAD MODULE TO FIND THE OPTIMAL STRUCTURE FOR THE OUTPUT LAYERS. IN ADDITION, A CIRCUMSCRIBED SCYLLA INTERSECTION OVER UNION LOSS IS DESIGNED, WHICH GUIDES THE MODEL TO PREDICT SHIP OBJECTS ACCURATELY THROUGH ANGLE-AWARE VECTORS AND ACCELERATES MODEL TRAINING. FINALLY, DSENET IS TRAINED AND VALIDATED ON HRSC2016, DATASET FOR ORIENTED SHIP RECOGNITION (DOSR), AND SAR SHIP DETECTION DATASET DATASETS, RESPECTIVELY. THE EXPERIMENTAL RESULTS INDICATE THAT DSENET ACHIEVES ADVANCED DETECTION AND LIGHTWEIGHT PERFORMANCE IN WS ARBITRARY-ORIENTED SHIP DETECTION.","ARTICLE",NA,"WEAKLY-SUPERVISED DETECTION; REMOTE SENSING IMAGES; ARBITRARY-ORIENTED SHIP DETECTION; DEEP LEARNING",1,"ENGINEERING; OPTICS; IMAGING SCIENCE & PHOTOGRAPHIC TECHNOLOGY"
"10.1117/1.jei.34.1.013047",2025,"ZHU S;WEI L;ZHENG B;TAO X","WEAKLY SUPERVISED ARBITRARY-ORIENTED SHIP DETECTION NETWORK BASED ON DYNAMIC SCALE FEATURE ENHANCEMENT","JOURNAL OF ELECTRONIC IMAGING","THE ADVANCEMENT OF SHIP DETECTION IN REMOTE SENSING IMAGES HAS BEEN GREATLY FACILITATED BY THE ENHANCEMENT OF CONVOLUTIONAL NEURAL NETWORKS. WHEN FACING COMPLEX MARINE SCENES, ORIENTED SHIP DETECTION IS PRACTICAL AND NECESSARY, WHEREAS THE PROCESS OF DEVELOPING FULLY SUPERVISED METHODS IS RESTRICTED BY THE ANNOTATED DATA FOR A ROTATED BOX. THEREFORE, WE PROPOSE A WEAKLY SUPERVISED ORIENTED SHIP DETECTION NETWORK (DSENET) BASED ON DYNAMIC SCALE FEATURE ENHANCEMENT, WHICH TRAINS THE NETWORK WITH ONLY DATA ANNOTATED IN A HORIZONTAL BOX (HBOX). FIRST, WE PROPOSE A DYNAMIC SCALE FEATURE ENHANCEMENT MODULE, WHICH CAN PROVIDE PRECISE SCALE FEATURES OF THE SHIP FOR THE SELF-SUPERVISED (SS) BRANCH AND WEAKLY SUPERVISED (WS) BRANCH VIA FEATURE EXTRACTION, FUSION, AND ADAPTIVE ENHANCEMENT ON MULTIPLE SCALES. NEXT, THE NEURAL ARCHITECTURE SEARCH IS INTRODUCED TO DESIGN THE HEAD MODULE TO FIND THE OPTIMAL STRUCTURE FOR THE OUTPUT LAYERS. IN ADDITION, A CIRCUMSCRIBED SCYLLA INTERSECTION OVER UNION LOSS IS DESIGNED, WHICH GUIDES THE MODEL TO PREDICT SHIP OBJECTS ACCURATELY THROUGH ANGLE-AWARE VECTORS AND ACCELERATES MODEL TRAINING. FINALLY, DSENET IS TRAINED AND VALIDATED ON HRSC2016, DATASET FOR ORIENTED SHIP RECOGNITION (DOSR), AND SAR SHIP DETECTION DATASET DATASETS, RESPECTIVELY. THE EXPERIMENTAL RESULTS INDICATE THAT DSENET ACHIEVES ADVANCED DETECTION AND LIGHTWEIGHT PERFORMANCE IN WS ARBITRARY-ORIENTED SHIP DETECTION. © 2025 SPIE AND IS&T.","ARTICLE",NA,"ARBITRARY-ORIENTED SHIP DETECTION; DEEP LEARNING; REMOTE SENSING IMAGES; WEAKLY-SUPERVISED DETECTION",1,NA
"10.1117/1.jrs.15.044502",2021,"LI J;XU C;SU H;WANG H;YAO L","SHIP DETECTION IN SAR IMAGES BASED ON RECURRENT FEATURE PYRAMID NETWORK AND ROTATABLE BOUNDING BOX","JOURNAL OF APPLIED REMOTE SENSING","SHIP DETECTION IN SYNTHETIC APERTURE RADAR (SAR) IMAGES PLAYS AN IMPORTANT ROLE IN REMOTE SENSING, BUT IT IS STILL FULL OF CHALLENGES IN THE DEEP LEARNING AREA. THE PRIMARY PROBLEM IS THAT SHIPS IN SAR IMAGES HAVE DIFFERENT SIZES AND ORIENTATIONS. THE OFF-THE-SHELF DETECTORS ARE NOT ABLE TO ADAPT TO THE SITUATION. RECURRENT FEATURE PYRAMID NETWORKS ARE PRESENTED TO DETECT SHIPS WITH DIFFERENT SIZES ESPECIALLY THE SMALL ONES. ROTATABLE REGION PROPOSAL NETWORK IS USED FOR LOCATING SHIPS WITH A TIGHTER RECTANGLE. ROTATABLE ANCHORS WITH SIZES, ASPECT RATIOS, AND ANGLES ARE DESIGNED ACCORDING TO THE DISTRIBUTION OF SHIPS IN DATASET. MULTIRATIO REGION-OF-INTEREST POOLING IS USED FOR PROJECTING ARBITRARY-ORIENTED PROPOSALS TO FIXED LENGTH VECTORS. ANGLE-RELATED INTERSECTION-OF-UNIT (ARIOU) IS USED FOR EVALUATING THE INTERSECTION OF ROTATABLE PROPOSALS. ARIOU CAN BE AN INDICATOR FOR NONMAXIMUM SUPPRESSION (NMS) AND ALSO IS USED FOR PREPARING NEGATIVE AND POSITIVE PROPOSALS. A LOSS FUNCTION IS PROPOSED TO COMPUTE LOSS BETWEEN BOUNDING BOXES. THE SINUSOIDAL FUNCTION IS USED FOR SOLVING THE PROBLEM OF UNSTABLE ANGLE. WE ALSO USE A DATASET CALLED SSDD+ (SAR SHIP DETECTION DATASET PLUS) TO EVALUATE DIFFERENT METHODS. EXPERIMENTS BASED ON SSDD+ SHOW THAT OUR METHOD ACHIEVES STATE-OF-THE-ART PERFORMANCE. THE DATASET AND THE CODE WILL BE PUBLIC AT HTTPS://ZHUANLAN.ZHIHU.COM/P/143794468 . (C) 2021 SOCIETY OF PHOTO-OPTICAL INSTRUMENTATION ENGINEERS (SPIE)","ARTICLE",NA,"SAR IMAGES; SHIP DETECTION; ROTATABLE BOUNDING BOX",0,"ENVIRONMENTAL SCIENCES & ECOLOGY; REMOTE SENSING; IMAGING SCIENCE & PHOTOGRAPHIC TECHNOLOGY"
"10.1117/1.jrs.15.044502",2021,"LI J;XU C;SU H;WANG H;YAO L","SHIP DETECTION IN SAR IMAGES BASED ON RECURRENT FEATURE PYRAMID NETWORK AND ROTATABLE BOUNDING BOX","JOURNAL OF APPLIED REMOTE SENSING","SHIP DETECTION IN SYNTHETIC APERTURE RADAR (SAR) IMAGES PLAYS AN IMPORTANT ROLE IN REMOTE SENSING, BUT IT IS STILL FULL OF CHALLENGES IN THE DEEP LEARNING AREA. THE PRIMARY PROBLEM IS THAT SHIPS IN SAR IMAGES HAVE DIFFERENT SIZES AND ORIENTATIONS. THE OFF-THE-SHELF DETECTORS ARE NOT ABLE TO ADAPT TO THE SITUATION. RECURRENT FEATURE PYRAMID NETWORKS ARE PRESENTED TO DETECT SHIPS WITH DIFFERENT SIZES ESPECIALLY THE SMALL ONES. ROTATABLE REGION PROPOSAL NETWORK IS USED FOR LOCATING SHIPS WITH A TIGHTER RECTANGLE. ROTATABLE ANCHORS WITH SIZES, ASPECT RATIOS, AND ANGLES ARE DESIGNED ACCORDING TO THE DISTRIBUTION OF SHIPS IN DATASET. MULTIRATIO REGION-OF-INTEREST POOLING IS USED FOR PROJECTING ARBITRARY-ORIENTED PROPOSALS TO FIXED LENGTH VECTORS. ANGLE-RELATED INTERSECTION-OF-UNIT (ARIOU) IS USED FOR EVALUATING THE INTERSECTION OF ROTATABLE PROPOSALS. ARIOU CAN BE AN INDICATOR FOR NONMAXIMUM SUPPRESSION (NMS) AND ALSO IS USED FOR PREPARING NEGATIVE AND POSITIVE PROPOSALS. A LOSS FUNCTION IS PROPOSED TO COMPUTE LOSS BETWEEN BOUNDING BOXES. THE SINUSOIDAL FUNCTION IS USED FOR SOLVING THE PROBLEM OF UNSTABLE ANGLE. WE ALSO USE A DATASET CALLED SSDD+ (SAR SHIP DETECTION DATASET PLUS) TO EVALUATE DIFFERENT METHODS. EXPERIMENTS BASED ON SSDD+ SHOW THAT OUR METHOD ACHIEVES STATE-OF-THE-ART PERFORMANCE. THE DATASET AND THE CODE WILL BE PUBLIC AT HTTPS://ZHUANLAN.ZHIHU.COM/P/143794468. © 2021 SOCIETY OF PHOTO-OPTICAL INSTRUMENTATION ENGINEERS (SPIE).","ARTICLE",NA,"ROTATABLE BOUNDING BOX; SAR IMAGES; SHIP DETECTION",1,NA
"10.1117/1.jrs.18.046504",2024,"LI W;XU H;SHI F;YUAN L;WEN X","SELF-SUPERVISED NETWORK FOR ORIENTED SYNTHETIC APERTURE RADAR SHIP DETECTION BASED ON SELF-DISTILLATION","JOURNAL OF APPLIED REMOTE SENSING","SHIP DETECTION IS AN IMPORTANT AND CHALLENGING TASK IN THE FIELD OF SYNTHETIC APERTURE RADAR (SAR) IMAGE PROCESSING. RECENTLY, DEEP LEARNING TECHNOLOGIES HAVE YIELDED SUPERIOR PERFORMANCE FOR OBJECT DETECTION IN REMOTE SENSING IMAGES. HOWEVER, IT IS DIFFICULT TO OBTAIN THE LABELS OF SAR IMAGES, WHICH LIMITS THE APPLICATION OF DEEP LEARNING IN SHIP DETECTION FROM SAR IMAGES. TO BREAK THE LIMITATION OF LABEL INFORMATION, WE PROPOSE A SELF-SUPERVISED FRAMEWORK BASED ON SELF-DISTILLATION FOR SHIP DETECTION FROM SAR IMAGES IN THIS PAPER. THE FRAMEWORK CONSISTS OF THREE CORE COMPONENTS: A SELF-SUPERVISED LEARNING PARADIGM UTILIZING KNOWLEDGE DISTILLATION, A DEEP RESIDUAL SHRINKAGE NETWORK (SAR-DRSN) MODEL, AND AN ORIENTED BOUNDING BOXES PROGRESSIVE GENERATION MODEL. THE CORE OF OUR METHOD IS A SELF-SUPERVISED VARIANT OF KNOWLEDGE DISTILLATION, WHICH PROPELS THE DEEP LEARNING PROCESS IN THE ABSENCE OF LABELED DATA. THE SAR-DRSN MODEL EXCELS IN GENERATING HIGH-QUALITY FEATURE MAPS, SIGNIFICANTLY REDUCING THE SPECKLE NOISE. IN ADDITION, WE INTRODUCE AN ITERATIVE STRATEGY FOR THE ACCURATE AND PRECISE DELINEATION OF SHIPS, INVOLVING CONTINUOUS REFINEMENT OF ORIENTED BOUNDING BOXES TO OPTIMIZE SIZE AND ROTATION ANGLE FOR PRECISE SHIP LOCALIZATION. OUR EXPERIMENTS, OBTAINED ON TWO SAR DATASETS, DEMONSTRATE THAT THE PROPOSED METHOD CAN ACHIEVE A SATISFACTORY PERFORMANCE IN SHIP DETECTION WITHOUT REQUIRING ANY LABEL INFORMATION. (C) 2024 SOCIETY OF PHOTO-OPTICAL INSTRUMENTATION ENGINEERS (SPIE)","ARTICLE",NA,"SYNTHETIC APERTURE IMAGE; SHIP DETECTION; SELF-SUPERVISED; ORIENTED BOUNDING BOX",2,"ENVIRONMENTAL SCIENCES & ECOLOGY; REMOTE SENSING; IMAGING SCIENCE & PHOTOGRAPHIC TECHNOLOGY"
"10.1117/1.jrs.18.046504",2024,"LI W;XU H;SHI F;YUAN L;WEN X","SELF-SUPERVISED NETWORK FOR ORIENTED SYNTHETIC APERTURE RADAR SHIP DETECTION BASED ON SELF-DISTILLATION","JOURNAL OF APPLIED REMOTE SENSING","SHIP DETECTION IS AN IMPORTANT AND CHALLENGING TASK IN THE FIELD OF SYNTHETIC APERTURE RADAR (SAR) IMAGE PROCESSING. RECENTLY, DEEP LEARNING TECHNOLOGIES HAVE YIELDED SUPERIOR PERFORMANCE FOR OBJECT DETECTION IN REMOTE SENSING IMAGES. HOWEVER, IT IS DIFFICULT TO OBTAIN THE LABELS OF SAR IMAGES, WHICH LIMITS THE APPLICATION OF DEEP LEARNING IN SHIP DETECTION FROM SAR IMAGES. TO BREAK THE LIMITATION OF LABEL INFORMATION, WE PROPOSE A SELF-SUPERVISED FRAMEWORK BASED ON SELF-DISTILLATION FOR SHIP DETECTION FROM SAR IMAGES IN THIS PAPER. THE FRAMEWORK CONSISTS OF THREE CORE COMPONENTS: A SELF-SUPERVISED LEARNING PARADIGM UTILIZING KNOWLEDGE DISTILLATION, A DEEP RESIDUAL SHRINKAGE NETWORK (SAR-DRSN) MODEL, AND AN ORIENTED BOUNDING BOXES PROGRESSIVE GENERATION MODEL. THE CORE OF OUR METHOD IS A SELF-SUPERVISED VARIANT OF KNOWLEDGE DISTILLATION, WHICH PROPELS THE DEEP LEARNING PROCESS IN THE ABSENCE OF LABELED DATA. THE SAR-DRSN MODEL EXCELS IN GENERATING HIGH-QUALITY FEATURE MAPS, SIGNIFICANTLY REDUCING THE SPECKLE NOISE. IN ADDITION, WE INTRODUCE AN ITERATIVE STRATEGY FOR THE ACCURATE AND PRECISE DELINEATION OF SHIPS, INVOLVING CONTINUOUS REFINEMENT OF ORIENTED BOUNDING BOXES TO OPTIMIZE SIZE AND ROTATION ANGLE FOR PRECISE SHIP LOCALIZATION. OUR EXPERIMENTS, OBTAINED ON TWO SAR DATASETS, DEMONSTRATE THAT THE PROPOSED METHOD CAN ACHIEVE A SATISFACTORY PERFORMANCE IN SHIP DETECTION WITHOUT REQUIRING ANY LABEL INFORMATION. © 2024 SOCIETY OF PHOTO-OPTICAL INSTRUMENTATION ENGINEERS (SPIE)","ARTICLE",NA,"ORIENTED BOUNDING BOX; SELF-SUPERVISED; SHIP DETECTION; SYNTHETIC APERTURE IMAGE",2,NA
"10.1117/12.2625574",2021,"ZHANG L;WANG Y;CHEN W","ARS-DET: AN AXIS-BASED ANCHOR-FREE ROTATION DETECTOR FOR SHIP IN REMOTE SENSING IMAGES","INTERNATIONAL CONFERENCE ON ENVIRONMENTAL REMOTE SENSING AND BIG DATA (ERSBD 2021)","SHIP DETECTION IN REMOTE SENSING IMAGES IS A CHALLENGING AND IMPORTANT TASK. MANY METHODS OF DEEP LEARNING HAVE BEEN WIDELY USED IN THIS FIELD IN RECENT YEARS AND MOST OF THEM RELY ON A LOT OF PREDEFINED ROTATED ANCHOR BOXES, WHICH NOT ONLY LEAD TO INACCURATE ANGLE PREDICTIONS BUT ALSO INTRODUCE EXCESSIVE HYPER PARAMETERS AND HIGH COMPUTATIONAL COST. IN THIS PAPER, WE PROPOSE AN ANCHOR-FREE ROTATION SHIP DETECTOR (ARS-DET) USING AXIS-BASED REPRESENTATION SCHEME TO ADDRESS THESE ISSUES. OUR ARS-DET REGARDS THE DETECTION OF ARBITRARY-ORIENTED OBJECTS AS PREDICTING THE POINTS AT BOTH ENDS OF THE LONGEST AXIS AND WIDTH OF THE OBJECTS. ATTENTION FPN MODEL IS DESIGNED TO CAPTURE MULTI-SCALE AND KEY FEATURES OF ARBITRARY-ORIENTED TARGET. THEN, POINTS ASSIGNMENT AND ORIENTATION CENTER-NESS COMPUTATION ARE PROPOSED TO SCREEN OF POSITIVE SAMPLES ACCURATELY. EXPERIMENTS ON PUBLIC SHIP DATASET HRSC2016 SHOW THAT OUR METHOD ACHIEVES STATE-OF-ART PERFORMANCE ON SHIP DETECTION IN REMOTE SENSING IMAGES.","PROCEEDINGS PAPER","INTERNATIONAL CONFERENCE ON ENVIRONMENTAL REMOTE SENSING AND BIG DATA (ERSBD)","REMOTE SENSING IMAGES (RSIS); SHIP DETECTION; ANCHOR-FREE METHOD; ARBITRARY-ORIENTED OBJECT DETECTION; AXIS-BASED PREDICTION",1,"ENGINEERING; OPTICS"
"10.1117/12.2625574",2021,"ZHANG L;WANG Y;CHEN W","ARS-DET: AN AXIS-BASED ANCHOR-FREE ROTATION DETECTOR FOR SHIP IN REMOTE SENSING IMAGES","PROCEEDINGS OF SPIE - THE INTERNATIONAL SOCIETY FOR OPTICAL ENGINEERING","SHIP DETECTION IN REMOTE SENSING IMAGES IS A CHALLENGING AND IMPORTANT TASK. MANY METHODS OF DEEP LEARNING HAVE BEEN WIDELY USED IN THIS FIELD IN RECENT YEARS AND MOST OF THEM RELY ON A LOT OF PREDEFINED ROTATED ANCHOR BOXES, WHICH NOT ONLY LEAD TO INACCURATE ANGLE PREDICTIONS BUT ALSO INTRODUCE EXCESSIVE HYPER PARAMETERS AND HIGH COMPUTATIONAL COST. IN THIS PAPER, WE PROPOSE AN ANCHOR-FREE ROTATION SHIP DETECTOR (ARS-DET) USING AXIS-BASED REPRESENTATION SCHEME TO ADDRESS THESE ISSUES. OUR ARS-DET REGARDS THE DETECTION OF ARBITRARY-ORIENTED OBJECTS AS PREDICTING THE POINTS AT BOTH ENDS OF THE LONGEST AXIS AND WIDTH OF THE OBJECTS. ATTENTION FPN MODEL IS DESIGNED TO CAPTURE MULTI-SCALE AND KEY FEATURES OF ARBITRARY-ORIENTED TARGET. THEN, POINTS ASSIGNMENT AND ORIENTATION CENTER-NESS COMPUTATION ARE PROPOSED TO SCREEN OF POSITIVE SAMPLES ACCURATELY. EXPERIMENTS ON PUBLIC SHIP DATASET HRSC2016 SHOW THAT OUR METHOD ACHIEVES STATE-OF-ART PERFORMANCE ON SHIP DETECTION IN REMOTE SENSING IMAGES. © 2021 SPIE. ALL RIGHTS RESERVED.","CONFERENCE PAPER",NA,"ANCHOR-FREE METHOD; ARBITRARY-ORIENTED OBJECT DETECTION; AXISBASED PREDICTION; REMOTE SENSING IMAGES (RSIS); SHIP DETECTION",1,NA
"10.1117/12.2626436",2022,"CAO C;WU W;CHEN X;CAO H","FINE-GRAINED REMOTE SENSING TARGET DETECTION WITH ORIENTED BOUNDING BOX BASED ON IMPROVED YOLOV5","PROCEEDINGS OF SPIE - THE INTERNATIONAL SOCIETY FOR OPTICAL ENGINEERING","DEEP LEARNING HAS ACHIEVED GREAT SUCCESS IN THE FIELD OF GENERAL TARGET DETECTION. HOWEVER, REMOTE SENSING TARGET DETECTION HAVE DIFFERENT CHARACTERISTICS FROM GENERAL IMAGE TARGET DETECTION IN MANY ASPECTS. DUE TO THE HIGH ORBIT HEIGHT (USUALLY OVER 500 KM), THE TARGET USUALLY ONLY OCCUPIES A FEW PIXELS, WHICH MAKES IT DIFFICULT TO DETECT. IN ADDITION, TARGETS SUCH AS SHIPS, TRUCKS, ETC. HAVE A LARGE ASPECT RATIO, SO TRADITIONAL ANCHOR DESIGNS ARE DIFFICULT TO COVER COMPLETELY, RESULTING IN FAILURE OF TARGET DETECTION BECAUSE THE INTERSECTION RATIO OF IOU IS LESS THAN THE TYPICAL VALUE OF 0.5. IN ADDITION, SUCH TARGETS ARE USUALLY DENSELY ARRANGED WHEN THEY ARE DOCKED. THE RANDOM IMAGING ANGLE OF SATELLITE CAUSES THE TRADITIONAL HORIZONTAL BOUNDING BOX DETECTION ALGORITHM TO BE UNABLE TO ACCURATELY LOCATE THE TARGET POSITION. AS A RESULT, THE DEEP LEARNING TRAINING PROCESS IS MIXED WITH BACKGROUND INFORMATION AND CANNOT EFFECTIVELY LEARN THE TARGET FEATURES. THEREFORE, THE ORIENTED BOUNDING BOX IS USED FOR LABELING AND TRAINING THE REMOTE SENSING IMAGE. AS A SINGLE-STAGE TARGET DETECTION ALGORITHM AND AFTER SEVERAL VERSIONS OF THE UPDATE, THE DETECTION ACCURACY AND DETECTION SPEED OF THE YOLO SERIES ALGORITHM HAVE BEEN GREATLY IMPROVED COMPARED WITH THE PREVIOUS VERSION. BASED ON THE LATEST VERSION OF THE YOLOV5, THE ALGORITHM IS MODIFIED TO MAKE IT POSSIBLE TO SUPPORT ROTATING TARGET DETECTION. THROUGH THE GAO-FEN COMPETITION OF FINE-GRAINED CLASSIFICATION OF TARGETS SUCH AS AIRPLANES, CARS, AND SHIPS (SUCH AS BOEING737, BOEING747, BOEING777, BOEING787, ETC.), THE AVERAGE CLASSIFICATION MAP VALUE REACHES 22.9235. FOR COMPARISON, THE CIRCUMSCRIBED RECTANGLE OF THE ORIENTED BOUNDING BOX IS TAKEN AS THE HORIZONTAL BOX WHICH IS USED FOR ANOTHER OBJECT DETECTION CALLED YOLOX TRAINING PROCESS, AND THE HORIZONTAL BOX TARGET DETECTION MAP VALUE IS 9.4679. THE AVERAGE CLASSIFICATION MAP VALUE OF THE MODIFIED YOLOV5 ALGORITHM IS 13.4556 HIGHER THAN THE YOLOX-BASED HORIZONTAL BOX TARGET DETECTION MAP VALUE. THE ROTATING BOX TRAINING DATA IS TRAINED WITH ANOTHER OPEN SOURCE CODE CALLED ROTATIONDETECTION PROVIDED BY YANGXUE, THE AVERAGE CLASSIFICATION MAP VALUE OBTAINED IS 21.0232, WHICH IS LOWER THAN THAT OF THE MODIFIED YOLOV5 ALGORITHM BY 1.9003. THEREFORE, THE MODIFIED YOLOV5 ALGORITHM AND THE ORIENTED BOUNDING BOX HAVE CERTAIN ADVANTAGES, WHICH CAN MEET THE NEEDS OF FINE-GRAINED ROTATING TARGET DETECTION IN REMOTE SENSING IMAGES. © 2022 SPIE","CONFERENCE PAPER",NA,"FINE-GRAINED TARGET DETECTION; ORIENTED BOUNDING BOX; REMOTE SENSING; YOLOV5",1,NA
"10.1117/12.2631134",2022,"ZHOU M;LI N;MIAO L;ZHOU H","ARBITRARY-ORIENTED SHIP DETECTION WITH RETINANET EMBEDDED ANGLE VECTOR MODULE","PROCEEDINGS OF SPIE - THE INTERNATIONAL SOCIETY FOR OPTICAL ENGINEERING","AS AN IMPORTANT PART OF OBJECT DETECTION, ROTATED OBJECT DETECTION PLAYS A GREAT ROLE IN MANY VISUAL APPLICATIONS INVOLVING SHIP DETECTION IN REMOTE SENSING IMAGES, ORIENTED SCENE TEXT SPOTTING, AND FACE DETECTION ETC. SINCE THE DIFFERENT DEFINITIONS OF THE ANGLE AND THE PERIODICITY OF THE NUMERICAL ANGLE VALUES, THE ANGULAR BOUNDARY DISCONTINUITY WILL HAPPEN DURING THE MODEL TRAINING WHICH DECREASES THE DETECTION ACCURACY. TO ADDRESS THAT, WE PROPOSE AN ARBITRARY-ORIENTED SHIP DETECTION WITH RETINANET EMBEDDED ANGLE VECTOR MODULE (RETINANET-AVM), WHICH ADDS A NEW ANGLE VECTOR MODULE (AVM), IMPROVES THE BOXES LOCALIZATION LOSS FUNCTION AND APPLIES A NEW BOXES ANGLE LOSS FUNCTION. AT FIRST, THE NUMERICAL ANGLE VALUES WILL BE ENCODED INTO ANGLE VECTORS BY THE AVM BEFORE DATA TRAINING. AFTER THE TRAINING, THE ANGLE VECTORS WILL BE DECODED INTO NUMERICAL ANGLE VALUES TO GENERATE THE BOUNDING BOXES OF THE FINAL RESULTS BY THE AVM. ON THE HRSC2016 DATASET, RETINANET-AVM COULD DETECT THE ARBITRARY-ORIENTED, LARGE ASPECT RATIO AND DENSELY ARRANGED SHIPS WITH THE ROTATED BOUNDING BOXES, AND THE PRECISION IS 90.76%, THE RECALL IS 89.66% AND THE AVERAGE PRECISION (AP) IS 86.71%. COMPARED WITH THE RETINANET-H, OUR MODEL HAS IMPROVED ACCURACY, RECALL AND AP BY 4.88, 1.47, AND 3.9, RESPECTIVELY. AND COMPARED WITH R2CNN, RRPN AND RRD, OUR MODEL IS STILL COMPETITIVE. © 2022 SPIE.","CONFERENCE PAPER",NA,"ANGLE LOSS FUNCTION; ANGULAR BOUNDARY DISCONTINUITY; ARBITRARY-ORIENTED SHIP DETECTION; RETINANET-AVM",0,NA
"10.1117/12.3059432",2025,"DING C;WEN Z;MONTH = A","EDGE-AWARE FEATURE LEARNING FOR FINE-GRAINED SHIP DETECTION IN HIGH-RESOLUTION SATELLITE IMAGES",NA,"FINE-GRAINED SHIP DETECTION IN HIGH-RESOLUTION SATELLITE IMAGERY IS CRITICAL FOR MARITIME APPLICATIONS SUCH AS SPILL PREVENTION, TRAFFIC CONTROL, AND SEA RESCUE. HOWEVER, THE TASK IS COMPLICATED BY CHALLENGES LIKE COMPLEX BACKGROUNDS, INTRA-CLASS SIMILARITY, AND VARIABLE SHIP ASPECT RATIOS. IN THIS PAPER, WE PROPOSE BALF, A NOVEL OBJECT DETECTION NETWORK THAT INTEGRATES EDGE-GUIDED FEATURE EXTRACTION AND LOCAL FEATURE INTERACTION TO IMPROVE DETECTION ACCURACY. BALF ENHANCES ATTENTION TO FINE DETAILS BY COMBINING TRADITIONAL EDGE DETECTION WITH DEEP LEARNING, CAPTURING SUBTLE OBJECT FEATURES AND INTERACTIONS WITHIN ROIS FOR IMPROVED RECOGNITION. EXPERIMENTAL RESULTS ON THE SHIPRS AND MCSD DATASETS DEMONSTRATE THAT BALF ACHIEVES SUPERIOR PERFORMANCE, SIGNIFICANTLY OUTPERFORMING STATE-OF-THE-ART METHODS IN FINE-GRAINED SHIP DETECTION.",NA,NA,NA,0,NA
"10.1117/12.3067244",2025,"ZHANG Z;MONTH = M","AN IMPROVED LIGHTWEIGHT SHIP DETECTION MODEL BASED ON YOLOV8",NA,"IN RECENT YEARS, THE PROGRESS IN THE FIELD OF DEEP LEARNING HAS BEEN NOTHING SHORT OF EXTRAORDINARY, PROMPTING AN ESCALATING TREND IN RESEARCH DEDICATED TO THE IDENTIFICATION OF SHIPS IN SATELLITE IMAGERY. THIS TECHNOLOGY IS ESSENTIAL FOR VARIOUS MARITIME APPLICATIONS, INCLUDING SAFETY AT SEA, RESCUE OPERATIONS, AND THE MANAGEMENT OF SHIPPING FLEETS. CONSEQUENTLY, THERE IS A SIGNIFICANT DEMAND FOR MODELS THAT CAN DELIVER HIGH PRECISION, OPERATE IN REAL-TIME, AND ARE ADAPTABLE TO DIFFERENT SCENARIOS. THIS STUDY INTRODUCES A REFINED VERSION OF THE ALGORITHM, DRAWING INSPIRATION FROM YOLOV8—YOLOV8-SD. WE HAVE ENHANCED THE BACKBONE, NECK, AND HEAD PARTS OF THE YOLOV8 MODEL, ACHIEVING LIGHTWEIGHT WHILE ENHANCING THE MODEL'S DETECTION PRECISION. THE SPECIFIC IMPROVEMENTS WILL BE EXPLAINED IN THE METHODS SECTION. THE DATASET UTILIZED IN THIS PAPER IS THE SHIP PART OF WHU-RSONE-OBB. AFTER 300 TRAINING EPOCHS, COMPARED WITH YOLOV8N, GFLOPS DECREASED FROM 8.7 TO 6.9, AND MAP50 INCREASED FROM 89.7 TO 94.8.",NA,NA,NA,0,NA
"10.1145/3503047.3503068",2022,"QU X;LONG E;LV S;CHEN P;LAI G;YANG Y;DU J;MONTH = J","SHIP DETECTION METHOD BASED ON SCALE MATCHED R3DET",NA,"GIVEN THEIR HIGH DETECTION RATES AND LOW FALSE ALARM RATES, OBJECT DETECTION NEURAL NETWORKS BASED ON DEEP LEARNING HAVE BEEN WIDELY USED IN SHIP DETECTION. HOWEVER, THE DETECTION IN REAL-WORLD SCENARIO WITH COMPLEX BACK GROUND REMAINS A CHALLENGE IN MARINE DYNAMIC SHIP DETECTION, WHOSE PERFORMANCE IS LIMITED BY THE SCALE OF TRAINING DATASETS, WHERE TRAINING A MODEL WITH HIGH-PERFORMANCE USUALLY REQUIRES A LARGE NUMBER OF MULTI-SCALE DATASETS. HOWEVER, IT IS DIFFICULT TO OBTAIN A LARGE-SCALE DATASET IN SUCH CASES. IN ADDITION, R3DET SOLVES THE PROBLEM THAT THE VERTICAL AND HORIZONTAL RATIO OF THE OBJECT TO BE DETECTED IS LARGE, THE OBJECTS TO BE DETECTED ARE DENSELY ARRANGED, AND CATEGORY ASYMMETRY OF OBJECTS TO BE DETECTED HAVE BEEN WIDELY CONCERNED. HOWEVER, R3DET USES THE NEAREST NEIGHBOR INTERPOLATION TO UP-SAMPLING THE IMAGE, WHICH LEADS TO A BLOCKY EFFECT OF THE IMAGE WITH A CERTAIN PROBABILITY, WHICH AFFECTS THE OBJECT DETECTION. IN ORDER TO ALLEVIATE THESE PROBLEMS, WE PROPOSE A NEW MODEL CALLED “REFINED SINGLE-STAGE DETECTOR WITH FEATURE REFINEMENT FOR ROTATING OBJECT BASED ON SCALE-MATCH”. THE NEW PRE-TRAINING STRATEGY OF SCALE MATCH AND IMPROVED FEATURE PYRAMID NETWORK (IFPN) WERE INTRODUCED. THE METHOD NOT ONLY EXPANDS THE TRAINING DATA SAMPLE SET, BUT ALSO IMPROVES THE CLARITY OF TRAINING PICTURES, AND IMPROVES THE SHIP DETECTION RATE AND REDUCE THE FALSE ALARM RATE. EXPERIMENTS WITH DOTAV1.5 AND HIGH-RESOLUTION DATASETS SHOWED THAT THE SHIP DETECTION RATE AND FALSE ALARM RATE ARE BETTER THAN BASELINE METHODS.",NA,NA,NA,0,NA
"10.1155/2022/2605140",2022,"ZHOU L;LI Y;RAO X;LIU C;ZUO X;LIU Y","SHIP TARGET DETECTION IN OPTICAL REMOTE SENSING IMAGES BASED ON MULTISCALE FEATURE ENHANCEMENT","COMPUTATIONAL INTELLIGENCE AND NEUROSCIENCE","DUE TO THE MULTISCALE CHARACTERISTICS OF SHIP TARGETS IN ORSIS (OPTICAL REMOTE SENSING IMAGES), SHIP TARGET DETECTION IN ORSIS BASED ON DEPTH LEARNING IS STILL FACING GREAT CHALLENGES. AIMING AT THE LOW ACCURACY OF MULTISCALE SHIP TARGET DETECTION IN ORSIS, THIS PAPER PROPOSES A SHIP TARGET DETECTION ALGORITHM BASED ON MULTISCALE FEATURE ENHANCEMENT BASED ON YOLO V4. FIRSTLY, AN IMPROVED MIXED CONVOLUTION IS INTRODUCED INTO THE IRES (INVERTED RESIDUAL BLOCK) TO FORM AN MIRES (MIXED INVERTED RESIDUAL BLOCK). THE MIRES ARE USED TO REPLACE THE RES (RESIDUAL BLOCK) IN THE DEEP CSP MODULE OF THE BACKBONE NETWORK TO ENHANCE THE MULTISCALE FEATURE EXTRACTION CAPABILITY OF THE BACKBONE NETWORK. SECONDLY, FOR DIFFERENT SCALE FEATURE MAPS’ PERCEPTION FIELDS, FEATURE INFORMATION, AND THE SCALE OF THE DETECTED OBJECTS, THE MULTISCALE FEATURE ENHANCEMENT MODULES—SFEM (SMALL SCALE FEATURE ENHANCEMENT MODULE) AND MFEM (MIDDLE SCALE FEATURE ENHANCEMENT MODULE)—ARE PROPOSED TO ENHANCE THE FEATURE INFORMATION OF THE MIDDLE- AND LOW-LEVEL FEATURE MAPS, RESPECTIVELY, AND THEN THE ENHANCED FEATURE MAPS ARE SENT TO THE DETECTION HEAD FOR DETECTION. FINALLY, EXPERIMENTS WERE IMPLEMENTED ON THE LEVIR-SHIP DATASET AND THE NWPU VHR-10 DATASET. THE ACCURACY OF THE PROPOSED ALGORITHM IN SHIP TARGET DETECTION REACHED 79.55\% AND 90.70\%, RESPECTIVELY, WHICH IS IMPROVED BY 3.25\% AND 3.56\% COMPARED WITH YOLO V4.",NA,NA,NA,10,NA
"10.1155/2022/3391391",2022,"ZHANG D;WANG C;FU Q","CAFC-NET: A CRITICAL AND ALIGN FEATURE CONSTRUCTING NETWORK FOR ORIENTED SHIP DETECTION IN AERIAL IMAGES","COMPUTATIONAL INTELLIGENCE AND NEUROSCIENCE","SHIP DETECTION IS ONE OF THE FUNDAMENTAL TASKS IN COMPUTER VISION. IN RECENT YEARS, THE METHODS BASED ON CONVOLUTIONAL NEURAL NETWORKS HAVE MADE GREAT PROGRESS. HOWEVER, IMPROVEMENT OF SHIP DETECTION IN AERIAL IMAGES IS LIMITED BY LARGE-SCALE VARIATION, ASPECT RATIO, AND DENSE DISTRIBUTION. IN THIS PAPER, A CRITICAL AND ALIGN FEATURE CONSTRUCTING NETWORK (CAFC-NET) WHICH IS AN END-TO-END SINGLE-STAGE ROTATION DETECTOR IS PROPOSED TO IMPROVE SHIP DETECTION ACCURACY. THE FRAMEWORK IS FORMED BY THREE MODULES: A BIASED ATTENTION MODULE (BAM), A FEATURE ALIGNMENT MODULE (FAM), AND A DISTINCTIVE DETECTION MODULE (DDM). SPECIFICALLY, THE BAM EXTRACTS BIASED CRITICAL FEATURES FOR CLASSIFICATION AND REGRESSION. WITH THE EXTRACTED BIASED REGRESSION FEATURES, THE FAM GENERATES HIGH-QUALITY ANCHOR BOXES. THROUGH A NOVEL ALIGNMENT CONVOLUTION, CONVOLUTIONAL FEATURES CAN BE ALIGNED ACCORDING TO ANCHOR BOXES. THE DDM PRODUCES ORIENTATION-SENSITIVE FEATURE AND RECONSTRUCTS ORIENTATION-INVARIANT FEATURES TO ALLEVIATE INCONSISTENCY BETWEEN CLASSIFICATION AND LOCALIZATION ACCURACY. EXTENSIVE EXPERIMENTS ON TWO REMOTE SENSING DATASETS HRS2016 AND SELF-BUILT SHIP DATASETS SHOW THE STATE-OF-THE-ART PERFORMANCE OF OUR DETECTOR.","ARTICLE",NA,NA,1,"MATHEMATICAL & COMPUTATIONAL BIOLOGY; NEUROSCIENCES & NEUROLOGY"
"10.1155/2022/3391391",2022,"ZHANG D;WANG C;FU Q","CAFC-NET: A CRITICAL AND ALIGN FEATURE CONSTRUCTING NETWORK FOR ORIENTED SHIP DETECTION IN AERIAL IMAGES","COMPUTATIONAL INTELLIGENCE AND NEUROSCIENCE","SHIP DETECTION IS ONE OF THE FUNDAMENTAL TASKS IN COMPUTER VISION. IN RECENT YEARS, THE METHODS BASED ON CONVOLUTIONAL NEURAL NETWORKS HAVE MADE GREAT PROGRESS. HOWEVER, IMPROVEMENT OF SHIP DETECTION IN AERIAL IMAGES IS LIMITED BY LARGE-SCALE VARIATION, ASPECT RATIO, AND DENSE DISTRIBUTION. IN THIS PAPER, A CRITICAL AND ALIGN FEATURE CONSTRUCTING NETWORK (CAFC-NET) WHICH IS AN END-TO-END SINGLE-STAGE ROTATION DETECTOR IS PROPOSED TO IMPROVE SHIP DETECTION ACCURACY. THE FRAMEWORK IS FORMED BY THREE MODULES: A BIASED ATTENTION MODULE (BAM), A FEATURE ALIGNMENT MODULE (FAM), AND A DISTINCTIVE DETECTION MODULE (DDM). SPECIFICALLY, THE BAM EXTRACTS BIASED CRITICAL FEATURES FOR CLASSIFICATION AND REGRESSION. WITH THE EXTRACTED BIASED REGRESSION FEATURES, THE FAM GENERATES HIGH-QUALITY ANCHOR BOXES. THROUGH A NOVEL ALIGNMENT CONVOLUTION, CONVOLUTIONAL FEATURES CAN BE ALIGNED ACCORDING TO ANCHOR BOXES. THE DDM PRODUCES ORIENTATION-SENSITIVE FEATURE AND RECONSTRUCTS ORIENTATION-INVARIANT FEATURES TO ALLEVIATE INCONSISTENCY BETWEEN CLASSIFICATION AND LOCALIZATION ACCURACY. EXTENSIVE EXPERIMENTS ON TWO REMOTE SENSING DATASETS HRS2016 AND SELF-BUILT SHIP DATASETS SHOW THE STATE-OF-THE-ART PERFORMANCE OF OUR DETECTOR. © 2022 DONGDONG ZHANG ET AL.","ARTICLE",NA,"",2,NA
"10.11591/ijece.v14i6.pp6332-6338",2024,"RODRÍGUEZ-GONZALES J;NIQUIN-JAIMES J;PAIVA-PEREDO E;MONTH = D","COMPARISON OF ALGORITHMS FOR THE DETECTION OF MARINE VESSELS WITH MACHINE VISION","INTERNATIONAL JOURNAL OF ELECTRICAL AND COMPUTER ENGINEERING (IJECE)","THE DETECTION OF MARINE VESSELS FOR REVENUE CONTROL HAS MANY TRACKING DEFICIENCIES, WHICH HAS RESULTED IN LOSSES OF LOGISTICAL RESOURCES, TIME, AND MONEY. HOWEVER, DIGITAL CAMERAS ARE NOT FULLY EXPLOITED SINCE THEY CAPTURE IMAGES TO RECOGNIZE THE VESSELS AND GIVE IMMEDIATE NOTICE TO THE CONTROL CENTER. THE ANALYZED IMAGES GO THROUGH AN INCREDIBLY DETAILED PROCESS, WHICH, THANKS TO NEURAL TRAINING, ALLOWS US TO RECOGNIZE VESSELS WITHOUT FALSE POSITIVES. TO DO THIS, WE MUST UNDERSTAND THE BEHAVIOR OF OBJECT DETECTION; WE MUST KNOW CRITICAL ISSUES SUCH AS NEURAL TRAINING, IMAGE DIGITIZATION, TYPES OF FILTERS, AND MACHINE LEARNING, AMONG OTHERS. WE PRESENT RESULTS BY COMPARING TWO DEVELOPMENT ENVIRONMENTS WITH THEIR CORRESPONDING ALGORITHMS, MAKING THE RECOGNITION OF SHIPS IMMEDIATELY UNDER NEURAL TRAINING. IN CONCLUSION, IT IS ANALYZED BASED ON 100 IMAGES TO MEASURE THE BOAT DETECTION CAPABILITY BETWEEN BOTH ALGORITHMS, THE RESPONSE TIME, AND THE EFFECTIVENESS OF AN IMAGE OBTAINED BY A DIGITAL CAMERA. THE RESULT OBTAINED BY YOLOV7 WAS 100\% EFFECTIVE UNDER THE APPLICATION OF PROCESSING TECHNIQUES BASED ON NEURAL NETWORKS IN CONVOLUTIONAL NEURAL NETWORK (CNN) REGIONS COMPARED TO MATLAB, WHICH APPLIES PROCESSING METRICS BASED ON MORPHOLOGICAL IMAGES, OBTAINING LOW RESULTS.",NA,NA,NA,0,NA
"10.11834/jig.220839",2023,"LI Z;AN J;JIA H;FANG Y","LIGHTWEIGHT OBJECT DETECTION MODEL IN REMOTE SENSING IMAGE BY COMBINING ROTATION BOX AND ATTENTION MECHANISM; 结合旋转框和注意力机制的轻量遥感图像检测模型","JOURNAL OF IMAGE AND GRAPHICS","OBJECTIVE REMOTE SENSING IMAGE OBJECT DETECTION PLAYS AN IMPORTANT ROLE IN MILITARY SECURITY，MARITIME TRAFFIC SUPERVISION，INTELLIGENT MONITORING，AND OTHER FIELDS. REMOTE SENSING IMAGES ARE DIFFERENT FROM NATURAL IMAGES. MOST REMOTE SENSING IMAGES ARE TAKEN AT ALTITUDES RANGING FROM SEVERAL KILOMETERS TO TENS OF THOUSANDS OF METERS. THEREFORE，THE SCALE OF TARGET OBJECTS IN REMOTE SENSING IMAGES IS LARGE. MOST OF THE TARGET OBJECTS ARE SMALL，SUCH AS SMALL VEHICLES. THE OTHER TARGET OBJECTS ARE HUGE，SUCH AS SHIPS. THE ANGLES OF THE OBJECTS IN THE REMOTE SENSING IMAGES ARE DISTRIBUTED ARBITRARILY BECAUSE OF THE SHOOTING ANGLE. THEREFORE，THIS SCENARIO IS A HUGE CHALLENGE FOR THE FEATURE EXTRACTION NETWORK IN REMOTE SENSING IMAGE TARGET DETECTION，PARTICULARLY IN COMPLEX BACKGROUNDS. GIVEN THE CONTINUOUS IMPROVEMENT IN THE COMPUTING POWER OF HARDWARE DEVICES AND THE RAPID DEVELOPMENT OF DEEP LEARNING THEORY，LARGE AND ULTRALARGE OBJECT DETECTION NETWORKS HAVE BEEN CONTINUOUSLY PROPOSED IN RECENT YEARS TO IMPROVE DETECTION ACCURACY. ALTHOUGH THESE DETECTION NETWORKS HAVE STRONG REPRESENTATION LEARNING CAPABILITIES，THEY IGNORE THE COST-EFFECTIVENESS GAINED FROM THE RELATIONSHIP OF DETECTION ACCURACY WITH MODEL CALCULATION AMOUNT AND THE NUMBER OF PARAMETERS. MOREOVER，REAL-TIME DETECTION REQUIREMENTS ARE DIFFICULT TO ACHIEVE，AND THE NUMBER OF PARAMETERS AND AMOUNT OF CALCULATION ARE VERY LIMITED IN MODEL DEPLOYMENT. IN ADDITION，MOST OF THE GENERAL TARGET DETECTION MODELS ARE DESIGNED FOR NATURAL FIELD DATASETS. THE DETECTION EFFECT IN REMOTE SENSING IMAGE TARGET DETECTION IS UNSATISFACTORY，PARTICULARLY FOR DENSELY ARRANGED OBJECTS. THE TRADITIONAL HORIZONTAL BOX OBJECT DETECTION CANNOT ACHIEVE PRECISE DETECTION，SUCH AS SHIPS IN PORT AND CARS IN PARKING LOTS. AIMING AT THE ABOVE PROBLEMS，A LIGHTWEIGHT ROTATING BOX REMOTE SENSING IMAGE OBJECT DETECTION MODEL（YOLO-RMV4）IS DESIGNED. METHOD IN THE EXPERIMENT，THE OPEN-SOURCE DATASETS DOTA2. 0，FAIR1M，AND HRSC2016 ARE USED AS THE BASIC DATASETS. MOREOVER，FOUR COMMON VEHICLES，INCLUDING A SHIP，A PLANE，A SMALL VEHICLE，AND A LARGE VEHICLE，ARE SELECTED AS OBJECTS. A AERIAL IMAGES OF VEHICLE SHIP AND PLANE（AVSP）DATASET IS PREPARED AFTER PREPROCESSES，SUCH AS FILTERING，SEGMENTATION，CONVERSION，AND RELABELING，ARE PERFORMED. THIS DATASET CONTAINS 19 406 IMAGES OF 1 024 × 1 024 AND 637 466 OBJECT INSTANCES. THE AVSP DATA LABELS ARE DIVIDED INTO HBB AND OBB（HBB IS THE HORIZONTAL BOX ANNOTATION，AND OBB IS THE ROTATING BOX ANNOTATION），WHERE OBB IS REPRESENTED BY EIGHT PARAMETERS. YOLO-RMV4 IS IMPROVED BASED ON THE MOBILE-NETV3 NETWORK. ADDING AN EFFICIENT CHANNEL ATTENTION（ECA）MECHANISM MODULE WITH EXCELLENT PERFORMANCE IN THE FEATURE EXTRACTION NETWORK，APPROPRIATELY EXPANDING THE NETWORK SCALE，ADDING THE SPPF MODULE AFTER THE FEATURE EXTRACTION NETWORK，AND ADDING THE PATH AGGREGATION NETWORK（PANET）RESULT IN MULTISCALE FUSION OF THE EXTRACTED FEATURES OF THE BACKBONE NETWORK，THEREBY PROVIDING THE NETWORK WITH RICH AND RELIABLE TARGET FEATURES. IN THE NETWORK DETECTION HEAD，MULTISCALE DETECTION TECHNOLOGY IS USED TO DEAL WITH TARGET OBJECTS OF DIFFERENT SIZES. MORE THAN HALF OF THE OBJECTS IN THE DATASET ARE SMALL TARGETS. THUS，THE DETECTION AFTER FOUR TIMES OF DOWNSAMPLING IS ADDED，RESULTING IN 4，8，16，AND 32 TIMES OF DOWNSAMPLING. MOREOVER，THE SMALL TARGET LOSS IS GIVEN A HIGH WEIGHT. THE SMOOTH CIRCULAR LABEL IS ADDED TO THE ANGLE PREDICTION IN THE DETECTION HEAD，WHICH CONVERTS THE ANGLE REGRESSION PROBLEM INTO A CLASSIFICATION PROBLEM. THUS，THE DISTANCE BETWEEN THE PREDICTED ANGLE AND THE REAL ANGLE CAN BE MEASURED，AND THE ANGLE PERIODICITY PROBLEM IS SOLVED. THIS SCENARIO RESULTS IN A PRECISE BOUNDING BOX POSITIONING. MOREOVER，THE ANCHOR SIZE IS DESIGNED ACCORDING TO THE CHARACTERISTICS OF THE DATASET. WE USE RANDOM CROPPING，FLIPPING，MOSAIC TECHNIQUE，AND OTHER DATA AUGMENTATION APPROACHES IN THE TRAINING. RESULT IN THIS STUDY，WE CONDUCT COMPARATIVE EXPERIMENTS，AND ABLATION EXPERIMENTS ARE CARRIED OUT ON THE AVSP DATASET. WE ALSO CONDUCT COMPARATIVE EXPERIMENTS ON SEVEN MAINSTREAM LIGHTWEIGHT NETWORK MODELS TO VERIFY THE EFFECTIVENESS OF THE MODEL. WE USED AVERAGE RECALL（AR），MEAN AVERAGE PRECISION（MAP），PARAMETER COUNT，AND DETECTION SPEED（FRAMES PER SECOND，FPS）AS EVALUATION METRICS. EACH MODEL’S PARAMETERS，SUCH AS MAP，AR，AND FPS，ARE ALSO COMPARED. THE SIZE OF YOLO-RMV4（5. 3 M）IS ONLY 1/8 OF THAT OF RYOLOV5L（45. 3 M）. COMPARED WITH THE MAP AND AR OF RYOLOV5L，THOSE OF YOLO-RMV4 ARE INCREASED BY 1. 2% AND 1. 6%，RESPECTIVELY. MOREOVER，THE MAP AND AR OF YOLO-RMV4 ARE MUCH HIGHER THAN THOSE OF OTHER LIGHTWEIGHT NETWORK MODELS（EFFICIENTNET AND SHUFFLENET）. WE ALSO COMPRESS AND PRUNE YOLO-RMV4 TO OBTAIN YOLO-RMV4S，WHOSE SIZE IS ONLY 4. 5 M. YOLO-RMV4S IS ALSO BETTER THAN COMMON LIGHTWEIGHT NETWORK MODELS IN TERMS OF DETECTION PRECISION AND RECALL. ABLATION EXPERIMENTS WERE ALSO CONDUCTED ON EACH IMPROVED MODULE TO VERIFY THE IMPROVEMENT DEGREE OF MODEL PERFORMANCE BY DIFFERENT MODULES. THE MAP INCREASES BY 8. 4% AFTER THE ADDITION OF PANET. PANET FUSES THE FEATURES OF DIFFERENT LAYERS. THIS PHENOMENON LARGELY MAKES UP FOR THE DEFECT OF THE LIMITED FEATURE EXTRACTION CAPABILITY OF THE LIGHTWEIGHT NETWORK. AFTER THE ROTATION DETECTION HEAD IS ADDED，THE MAP INCREASES BY 16. 8%，GREATLY INCREASING THE DETECTION PERFORMANCE OF THE MODEL. AFTER THE ECA MODULE IS ADDED，THE MAP INCREASES BY 1. 6%. THE ECA MODULE CAN ACCURATELY STIMULATE THE BACKBONE FEATURE EXTRACTION NETWORK TO UTILIZE THE LIMITED CAPACITY AND THE LIMITED AMOUNT OF PARAMETERS AND LEARN THE FEATURE INFORMATION OF THE TARGET OBJECT. AFTER THE ADDITION OF FOUR TIMES OF DOWNSAMPLING，THE MAP INCREASES BY 3. 0%. THE ADDITION OF FOUR TIMES OF DOWNSAMPLING GREATLY ENHANCES THE PERFORMANCE OF SMALL TARGET OBJECTS. ONE OF THE MODULES IS ALSO ELIMINATED BASED ON YOLO-RMV4. THE PERFORMANCE DEGRADATION DEGREE OF THE MODEL IS COMPARED TO REFLECT THE UNIQUE ROLE OF EACH MODULE IN THE MODEL. FINALLY，THE DETECTION ACCURACY OF EACH CATEGORY IS ANALYZED. THE MAP AND AR OF THE PLANE ARE THE HIGHEST. THOSE OF THE SHIP AND THE LARGE VEHICLE ARE THE SECOND，WHEREAS THOSE OF THE SMALL VEHICLE ARE THE LOWEST. CONCLUSION YOLO-RMV4 IS SUPPLEMENTED BY MULTISCALE FUSION AND ROTATING BOX DETECTION UNDER THE LIGHTWEIGHT NETWORK STRUCTURE. THUS，THE MODEL CAN ACHIEVE REAL-TIME INFERENCE AND HIGH-PRECISION DETECTION UNDER EXTREMELY LIMITED PARAMETERS，THEREBY MAKING IT VERY COST-EFFECTIVE. © 2023 AAAS PRESS OF CHINESE SOCIETY OF AERONAUTICS AND ASTRONAUTICS. ALL RIGHTS RESERVED.","ARTICLE",NA,"ATTENTION MECHANISM; DEEP LEARNING; LIGHTWEIGHT; MULTISCALE FEATURE FUSION; REMOTE SENSING IMAGE; ROTATED BOX DETECTION",4,NA
"10.11834/jig.230207",2024,"SHE H;ZHAO L","ROTATING TARGET DETECTION NETWORK THAT COMBINES KEY POINTS AND GUIDE VECTORS; 结合关键点与引导向量的旋转目标检测网络","JOURNAL OF IMAGE AND GRAPHICS","OBJECTIVE OPTICAL REMOTE SENSING IMAGES OBJECTIVELY AND ACCURATELY RECORD THE IMPLEMENTATION OF SURFACE FEATURES AND ARE WIDELY USED IN THE INVESTIGATION，DETECTION，ANALYSIS，AND PREDICTION FORECASTING OF RESOURCES，ENVIRONMENT，DISASTERS，REGIONS，AND CITIES. THE PRIMARY TASK OF OPTICAL REMOTE SENSING IMAGE OBJECT DETECTION IS TO LOCATE AND CLASSIFY OBJECTS IN THE INPUT REMOTE SENSING IMAGES WITH IMPORTANT VALUES FOR RESEARCH AND APPLICATION IN THE FIELD OF EARTH OBSERVATION. TRADITIONAL REMOTE SENSING OBJECT DETECTION ALGORITHMS REQUIRE MANUALLY DESIGNED FEATURES. HOWEVER，FEATURES DESIGNED IN THIS MANNER ARE LIMITED，AND CONSUME CONSIDERABLE HUMAN AND MATERIAL RESOURCES BUT ARE NOT GENERALIZED AND ACCURATE ENOUGH TO BE IMPROVED. WITH THE RAPID DEVELOPMENT OF DEEP LEARNING IN RECENT YEARS，REMOTE SENSING OBJECT DETECTION ALGORITHMS BASED ON DEEP LEARNING HAVE ACHIEVED GOOD RESULTS IN OPTICAL IMAGE OBJECT DETECTION. IN CONTRAST WITH OBJECT DETECTION IN NATURAL SCENES，OBJECTS IN OPTICAL REMOTE SENSING IMAGES ARE RIGID AND MOST OF THEM HAVE KEY INFORMATION，SUCH AS DIRECTION. HORIZONTAL RECTANGULAR DETECTION FRAMES IN NATURAL SCENES HAVE PROBLEMS IN THE FIELD OF OPTICAL REMOTE SENSING OBJECT DETECTION，SUCH AS EXCESSIVE BACKGROUND AREA，OVERLAPPING ADJACENT DETECTION FRAMES，AND LOSS OF OBJECT MOTION INFORMATION. TO ACHIEVE MORE ACCURATE OBJECT DETECTION IN OPTICAL REMOTE SENSING IMAGES，A ROTATING RECTANGULAR FRAME THAT FITS OBJECT CONTOUR IS A MORE SUITABLE CHOICE. THE DETECTION OF ROTATING REMOTE SENSING OBJECTS THROUGH THE DISCOVERY OF KEY POINTS IS ONE OF THE CURRENT MAINSTREAM APPROACHES. HOWEVER，THESE KEY POINT-BASED OBJECT DETECTION ALGORITHMS TEND TO HAVE PROBLEMS，SUCH AS THE OVERLAPPING OF ADJACENT KEY POINTS AND INACCURATE KEY POINT DETECTION，DUE TO THE DENSE ARRANGEMENT OF REMOTE SENSING OBJECTS. TO SOLVE THESE KEY POINT REGRESSION PROBLEMS，THIS STUDY PROPOSES AN IMPROVED ROTATING ELLIPTIC GAUSSIAN KERNEL WITH VECTOR-GUIDED POINT PAIR MATCHING MODULE，WHICH ACHIEVES HIGH-PRECISION ROTATING OBJECT DETECTION THROUGH THE ACCURATE PREDICTION AND MATCHING OF OBJECT CENTROIDS AND HEAD VERTICES. METHOD AN HOURGLASS NETWORK IS DIFFERENT FROM THE GENERAL FEATURE EXTRACTION NETWORK，BECAUSE ITS STRUCTURE CAN FUSE HIGH-LEVEL FEATURES WITH RICH SEMANTIC INFORMATION AND UNDERLYING FEATURES WITH RICH SPATIAL INFORMATION. THE GENERATED HIGH-RESOLUTION FEATURE MAP CAN ACHIEVE THE PRECISE LOCATION OF KEY POINTS. THE CIRCULAR GAUSSIAN KERNEL THAT RETURNS KEY POINTS IN NATURAL SCENES EXHIBITS THE PROBLEMS OF UNCERTAINTY OF GAUSSIAN KERNEL RADIUS AND THE OVERLAPPING OF GAUSSIAN KERNELS FOR DENSELY ARRANGED OBJECTS IN REMOTE SENSING IMAGE OBJECT DETECTION. THE ROTATING ELLIPTICAL GAUSSIAN KERNEL PROPOSED IN THIS STUDY SOLVES THE AFOREMENTIONED PROBLEMS. IT IS PARTICULARLY CONSTRUCTED IN SUCH A WAY THAT THE LONG AND SHORT AXES OF THE ELLIPTICAL GAUSSIAN KERNEL ARE DETERMINED BY THE LENGTH AND WIDTH OF THE ROTATING RECTANGULAR BOX OF THE OBJECT AND THE ANGLE OF THE LONG AXIS OF THE ELLIPSE IS THE SAME AS THE ANGLE OF THE OBJECT. THIS ROTATED ELLIPTICAL GAUSSIAN KERNEL FITS THE SHAPE OF THE OBJECT MORE CLOSELY，ACHIEVING BETTER KEY POINT REGRESSION EFFECT. IN THIS STUDY，THE TWO KEY POINTS OF THE OBJECT（I. E. ，THE CENTER POINT AND THE HEAD VERTEX）ARE MODELED AS THE CORE，AND A POINT PAIR MATCHING MODULE THAT USES BOOTSTRAP VECTORS IS PROPOSED TO ACHIEVE THE EXACT PAIRING OF THE CENTER POINT AND THE HEAD VERTEX OF THE SAME OBJECT. RESULT OUR MODEL IS EVALUATED ON THE HRSC2016 AND UCAS-AOD PUBLIC DATASETS. THE HRSC2016 DATASET HAS 436 TRAINING IMAGES，181 VALIDATION IMAGES，AND 444 TEST IMAGES，WITH IMAGE SIZES RANGING FROM 300 × 300 TO 1 500 × 900. THE UCAS-AOD DATASET HAS IMAGE SIZES OF 1 280 × 659，WITH 1 000 AIRCRAFT IMAGES AND 510 VEHICLE IMAGES，INCLUDING 7 482 AIRCRAFT OBJECTS AND 7 114 VEHICLE OBJECTS. THE ANNOTATIONS IN THE HRSC DATASET CONTAIN THE HEAD VERTICES. THE ANNOTATIONS OF THE AIRCRAFT CATEGORY IN THE UCAS-AOD DATASET CONTAIN THE SPECIFIC ORIENTATION ANGLES OF THE OBJECTS，AND THUS，THE HEAD VERTICES OF AIRCRAFT CAN BE CALCULATED. DURING THE EXPERIMENT，IMAGES OF VARIOUS SIZES WERE CROPPED AND DEFLATED TO 640 × 640 RESOLUTION AND INPUTTED INTO THE NETWORK MODEL. FOUR NVIDIA RTX 2080TI GRAPHICS CARDS WERE USED，WITH A BATCH SIZE OF EIGHT IMAGES PER CARD AND AN INITIAL LEARNING RATE SET TO 0. 01. THE OPTIMIZER FOR TRAINING WAS THE STOCHASTIC GRADIENT DESCENT METHOD WITH A MOMENTUM FACTOR SET TO 0. 9. BEFORE TRAINING，THE DATASET WAS AUGMENTED THROUGH FLIPPING AND ROTATION. RECALL，ACCURACY，AND AVERAGE PRECISION ARE USED AS THE EVALUATION METRICS OF THE MODEL. THE EXPERIMENTAL RESULTS ON THE HRSC DATASET WITH LARGE-ASPECT-RATIO SHIP OBJECTS SHOW THAT THE PROPOSED ALGORITHM ACHIEVES BETTER DETECTION RESULTS THAN THE OTHER MAINSTREAM OBJECT DETECTION ALGORITHMS，WITH AN AVERAGE ACCURACY OF 90. 78%（VOC 2007）AND 97. 85%（VOC 2012），AND THE PRECISION-RECALL CURVES ARE ALSO BETTER THAN THOSE OF THE OTHER OBJECT DETECTION ALGORITHMS. CONCLUSION OUR EXPERIMENTAL RESULTS SHOW THAT THE ROTATING OBJECT DETECTION MODEL THAT COMBINES KEY POINTS AND BOOTSTRAP VECTORS IS EXCELLENT AND ADVANCED. THE ROTATING ELLIPTIC GAUSSIAN KERNEL ACHIEVES MORE ACCURATE KEY POINT REGRESSION，AND THE POINT PAIR MATCHING MODULE BASED ON BOOTSTRAP VECTORS ACHIEVES ACCURATE MATCHING OF CENTROIDS AND HEAD VERTICES，IMPROVING THE DETECTION OF ROTATING OBJECTS. © 2024 EDITORIAL AND PUBLISHING BOARD OF JIG. ALL RIGHTS RESERVED.","ARTICLE",NA,"DEEP LEARNING; GUIDANCE VECTORS; OBJECT DETECTION; ORIENTED DETECTION; ROTATING ELLIPTIC GAUSSIAN KERNEL",2,NA
"10.11834/jrs.20208238",2021,"YAO H;WANG C;YU J;BAI X;LI W;MONTH = O","RECOGNITION OF SMALL-TARGET SHIPS IN COMPLEX SATELLITE IMAGES","NATIONAL REMOTE SENSING BULLETIN","AS AN IMPORTANT TARGET AT SEA, THE REALIZATION OF AUTOMATIC RECOGNITION OF SHIPS IS OF GREAT SIGUIFICANCE. THE DIVERSITY OF SHIP CLASSES AND COMPLEXITY OF MARINE ENVIRONMENT EXERT HIGHER REQUIREMENTS FOR FINE-GRAINED RECOGNITION OF SHIPS IN SATELLITE REMOTE SENSING IMAGES. MANY DOMESTIC AND FOREIGN EXPERTS AND SCHOLARS HAVE CARRIED OUT EXTENSIVE RESEARCH ON SHIP RECOGNITION IN REMOTE SENSING IMAGES. HOWEVER, NO UNIVERSAL METHOD CAN RECOGNIZE ALL KINDS OF SHIPS. MOST OF THE EXISTING METHODS HAVE STRONG SPECIFICITY; POOR PORTABILITY, THAT IS, THESE METHODS CAN ONLY RECOGNIZE CERTAIN CLASSES OF SHIP TARGETS; AND COMPLEX PROCESSING METHODS. THIS WORK PROPOSES A MULTISCALE DEEP LEARNING MODEL, WHICH AVOIDS COMPLEX MODELING METHODS, SUCH AS TEMPLATE MATCHING AND BACKGROUND MODELING. THE NETWORK CAN ADAPTIVELY DETERMINE THE NETWORK PARAMETERS AND REALIZE THE FINE-GRAINED RECOGNITION OF SHIPS BY TRAINING LARGE NUMBER OF SAMPLES.FIRST, THIS WORK USES NEGATIVE SAMPLE ENHANCEMENT LEARNING TO TRAIN THE MODEL, AND FOG AND COASTAL BACKGROUNDS ARE SENT AS NEGATIVE SAMPLES TO THE NETWORK FOR TRAINING TO SOLVE THE INFLUENCE OF COMPLEX SEA CONDITIONS, SUCH AS CLOUD–FOG OCCLUSION, AND COASTAL BACKGROUND. AT THE SAME TIME, A MULTISCALE SAMPLE TRAINING METHOD IS USED IN THIS PAPER IN VIEW OF THE PROBLEM THAT THE SIZE OF SOME TARGETS IN THE IMAGE IS SMALL AND AFFECTS RECOGNITION ACCURACY. THE IMAGES ARE COMPRESSED INTO MULTIPLE SCALES AND SENT TO THE NETWORK FOR TRAINING SO THAT THE NETWORK CAN FULLY LEARN THE FEATURES OF VARIOUS SHIP SIZES, THEREBY SOLVING THE DIFFICULTY OF SMALL TARGET RECOGNITION. SECOND, THE PRE-TRAINED ZF MODEL IS USED FOR FEATURE EXTRACTION, AND THE FEATURE MAPS ARE SENT TO THE REGION PROPOSAL NETWORK TO GENERATE PROPOSAL AREAS. FINALLY, THE GENERATED CANDIDATE AREAS ARE SENT TO THE FULLY CONNECTED LAYER FOR SHIP FINE-GRAINED RECOGNITION.EXPERIMENTAL RESULTS SHOW THAT THE PRECISION AND RECALL OF OUR METHOD INCREASED BY 6.98\% AND 18.17\% RESPECTIVELY, AND THE ACCURACY OF SHIP RECOGNITION CAN REACH 92.27\% COMPARED WITH FASTER R-CNN. THE METHOD CAN GUARANTEE REAL-TIME REQUIREMENT BASED ON HIGH RECOGNITION ACCURACY AND RECOGNIZE SHIPS UNDER VARIOUS CONDITIONS.THE TRAINED MODEL CAN REALIZE THE FINE-GRAINED RECOGNITION OF SHIPS. THE MODEL NOT ONLY SOLVES THE PROBLEMS OF CLOUD–FOG OCCLUSION TO SHIPS, BUT ALSO THE DIFFICULTY OF SMALL TARGET RECOGNITION. THE ACCURACY AND REAL-TIME PERFORMANCE OF THE MODEL MEET THE ACTUAL REQUIREMENTS AND HAS STRONG ROBUSTNESS. HOWEVER, THE EXPERIMENTAL RESULTS ALSO SHOW THAT THE METHOD USED STILL HAS SHORTCOMINGS. FIRST, THE CONSTRUCTED NETWORK STRUCTURE HAS HIGH COMPLEXITY AND EXCESSIVE NETWORK OVERHEAD, WHICH INCREASE THE PROCESSING TIME OF SHIP TARGET RECOGNITION; SECONDLY, THE ACCURACY OF THE TRAINED SHIP RECOGNITION MODEL CAN STILL BE IMPROVED. THESE TWO POINTS ARE ALSO THE KEY TASKS FOR THE FOLLOW-UP WORK.",NA,NA,NA,0,NA
"10.11896/jsjkx.230700166",2024,"CHEN T;HU J","SHIPS DETECTION IN REMOTE SENSING IMAGES BASED ON IMPROVED FCOS; 基于改进 FCOS 的遥感图像舰船目标检测","COMPUTER SCIENCE (CHINA)","SHIPS IN REMOTE SENSING IMAGES ARE ARRANGED IN ARBITRARY DIRECTIONS.THE GENERAL TARGET DETECTION ALGORITHM BASED ON DEEP LEARNING USE HORIZONTAL BOUNDING BOX TO LOCATE OBJECT,WHICH WILL SELECT A LARGE NUMBER OF BACKGROUNDS WHEN DETECTING SHIPS.THE SHIPS DETECTION PERFORMANCE BASED ON GENERAL OBJECT DETECTION METHOD IS NOT GOOD.AN IMPROVED SHIPS DETECTION ALGORITHM BASED ON FULLY CONVOLUTIONAL ONE-STAGE(FCOS) OBJECT DETECTION NETWORK IS PROPOSED.TAKING FCOS AS THE BASELINE,AN OFFSET REGRESSION BRANCH IS ADDED TO DETECTION HEAD,AND A ROTATING BOUNDING BOX IS GENERATED BY SHIFTING THE UPPER MIDPOINT AND THE RIGHT MIDPOINT OF THE HORIZONTAL BOUNDING BOX.THE SHIPS USUALLY HAVE HIGH ASPECT RATIO,AND THE ANGLE DEVIATION BETWEEN THE PREDICTED BOUNDING BOX AND THE REAL BOUNDING BOX HAS A GREAT INFLUENCE ON THE INTERSECTION OVER UNION(IOU),WHICH DAMAGES THE DETECTION ACCURACY OF THE MODEL.IN ORDER TO SOLVE THIS PROBLEM,A WEIGHTING FACTOR RELATED TO THE ASPECT RATIO OF SHIPS IS INTRODUCED TO CALCULATE THE OFFSET LOSS,SO THAT THE TARGET WITH A LARGE ASPECT RATIO CAN OBTAIN RELATIVELY LARGE OFFSET LOSS.THE PROPOSED METHOD AND SEVERAL MAINSTREAM ROTATING TARGET DETECTION ALGORITHMS ARE TESTED ON HRSC2016 DATASET.THE RESULTS SHOW THAT THE AVERAGE ACCURACY OF THE PROPOSED METHOD IS 89.00% AND THE DETECTION SPEED IS 19.8FPS.COMPARED WITH THE SAME TYPE OF ALGORITHMS WITHOUT ANCHOR,THE PROPOSED METHOD HAS SUPERIOR DETECTION SPEED AND ACCURACY. © 2024 EDITORIAL OFFICE OF COMPUTER SCIENCE. ALL RIGHTS RESERVED.","ARTICLE",NA,"ANCHOR-FREE ALGORITHM; FCOS; OFFSET BRANCH; REMOTE SENSING IMAGE; SHIPS DETECTION",1,NA
"10.11999/jeit240560",2025,"YAO T;ZHAO H;FENG Z;HU Q","A CONTEXT-AWARE MULTIPLE RECEPTIVE FIELD FUSION NETWORK FOR ORIENTED OBJECT DETECTION IN REMOTE SENSING IMAGES","JOURNAL OF ELECTRONICS & INFORMATION TECHNOLOGY","OBJECTIVE RECENT ADVANCES IN REMOTE SENSING IMAGING TECHNOLOGY HAVE MADE ORIENTED OBJECT DETECTION IN REMOTE SENSING IMAGES A PROMINENT RESEARCH AREA IN COMPUTER VISION. UNLIKE TRADITIONAL OBJECT DETECTION TASKS, REMOTE SENSING IMAGES, CAPTURED FROM A WIDE-RANGE BIRD'S-EYE VIEW, OFTEN CONTAIN A VARIETY OF OBJECTS WITH DIVERSE SCALES AND COMPLEX BACKGROUNDS, POSING SIGNIFICANT CHALLENGES FOR ORIENTED OBJECT DETECTION. ALTHOUGH CURRENT APPROACHES HAVE MADE SUBSTANTIAL PROGRESS, EXISTING NETWORKS DO NOT FULLY EXPLOIT THE CONTEXTUAL INFORMATION ACROSS MULTI-SCALE FEATURES, RESULTING IN CLASSIFICATION AND LOCALIZATION ERRORS DURING DETECTION. TO ADDRESS THIS, A CONTEXT-AWARE MULTIPLE RECEPTIVE FIELD FUSION NETWORK IS PROPOSED, WHICH LEVERAGES THE CONTEXTUAL CORRELATION IN MULTI-SCALE FEATURES. BY ENHANCING THE FEATURE REPRESENTATION CAPABILITIES OF DEEP NETWORKS, THE ACCURACY OF ORIENTED OBJECT DETECTION IN REMOTE SENSING IMAGES CAN BE IMPROVED. METHODS FOR INPUT REMOTE SENSING IMAGES, RESNET-50 AND A FEATURE PYRAMID NETWORK ARE FIRST EMPLOYED TO EXTRACT FEATURES AT DIFFERENT SCALES. THE FEATURES FROM THE FIRST FOUR LAYERS ARE THEN ENHANCED USING A RECEPTIVE FIELD EXPANSION MODULE. THE RESULTING FEATURES ARE PROCESSED THROUGH A HIGH-LEVEL FEATURE AGGREGATION MODULE TO EFFECTIVELY FUSE MULTI-SCALE CONTEXTUAL INFORMATION. AFTER OBTAINING ENHANCED FEATURES AT DIFFERENT SCALES, A FEATURE REFINEMENT REGION PROPOSAL NETWORK IS DESIGNED TO REVISE OBJECT DETECTION PROPOSALS USING REFINED FEATURE REPRESENTATIONS, RESULTING IN MORE ACCURATE CANDIDATE PROPOSALS. THESE MULTI-SCALE FEATURES AND CANDIDATE PROPOSALS ARE THEN INPUT INTO THE ORIENTED R-CNN DETECTION HEAD TO OBTAIN THE FINAL OBJECT DETECTION RESULTS. THE RECEPTIVE FIELD EXPANSION MODULE CONSISTS OF TWO SUBMODULES: A LARGE SELECTIVE KERNEL CONVOLUTION ATTENTION SUBMODULE AND A SHIFT WINDOW SELF-ATTENTION ENHANCEMENT SUBMODULE, WHICH OPERATE IN PARALLEL. THE LARGE SELECTIVE KERNEL CONVOLUTION SUBMODULE INTRODUCES MULTIPLE CONVOLUTION OPERATIONS WITH DIFFERENT KERNEL SIZES TO CAPTURE CONTEXTUAL INFORMATION UNDER VARIOUS RECEPTIVE FIELDS, THEREBY IMPROVING THE NETWORK'S ABILITY TO PERCEIVE MULTI-SCALE OBJECTS. THE SHIFT WINDOW SELF-ATTENTION ENHANCEMENT SUBMODULE DIVIDES THE FEATURE MAP INTO PATCHES ACCORDING TO PREDEFINED WINDOW AND STEP SIZES AND CALCULATES THE SELF-ATTENTION-ENHANCED FEATURE REPRESENTATION OF EACH PATCH, EXTRACTING MORE GLOBAL INFORMATION FROM THE IMAGE. THE HIGH-LEVEL FEATURE AGGREGATION MODULE INTEGRATES RICH SEMANTIC INFORMATION FROM THE FEATURE PYRAMID NETWORK WITH LOW-LEVEL FEATURES, IMPROVING DETECTION ACCURACY FOR MULTI-SCALE OBJECTS. FINALLY, A FEATURE REFINEMENT REGION PROPOSAL NETWORK IS DESIGNED TO REDUCE LOCATION DEVIATION BETWEEN GENERATED REGION PROPOSALS AND ACTUAL ROTATING OBJECTS IN REMOTE SENSING IMAGES. THE DEFORMABLE CONVOLUTION IS EMPLOYED TO CAPTURE GEOMETRIC AND CONTEXTUAL INFORMATION, REFINING THE INITIAL PROPOSALS AND PRODUCING THE FINAL ORIENTED OBJECT DETECTION RESULTS THROUGH A TWO-STAGE REGION-OF-INTEREST ALIGNMENT NETWORK. RESULTS AND DISCUSSIONS THE EFFECTIVENESS AND ROBUSTNESS OF THE PROPOSED NETWORK ARE DEMONSTRATED ON TWO PUBLIC DATASETS: DIOR-R AND HRSC2016. FOR DIOR-R DATASET, THE AP50, AP75 AND AP50:95 METRICS ARE USED FOR EVALUATION. QUANTITATIVE AND QUALITATIVE COMPARISONS (FIG. 7, TABLE 1) DEMONSTRATE THAT THE PROPOSED NETWORK SIGNIFICANTLY ENHANCES FEATURE REPRESENTATION FOR DIFFERENT REMOTE SENSING OBJECTS, DISTINGUISHING OBJECTS WITH SIMILAR APPEARANCES AND LOCALIZING OBJECTS AT VARIOUS SCALES MORE ACCURATELY. FOR THE HRSC2016 DATASET, THE MEAN AVERAGE PRECISION (MAP) IS USED, AND BOTH MAP(07) AND MAP(12) ARE COMPUTED FOR QUANTITATIVE COMPARISON. THE RESULTS ( FIG. 7, TABLE 2) FURTHER HIGHLIGHT THE NETWORK'S EFFECTIVENESS IN IMPROVING SHIP DETECTION ACCURACY IN REMOTE SENSING IMAGES. ADDITIONALLY, ABLATION STUDIES (TABLE 3) DEMONSTRATE THAT EACH MODULE IN THE PROPOSED NETWORK CONTRIBUTES TO IMPROVED DETECTION PERFORMANCE FOR ORIENTED OBJECTS IN REMOTE SENSING IMAGES. CONCLUSIONS THIS PAPER PROPOSES A CONTEXT-AWARE MULTI-RECEPTIVE FIELD FUSION NETWORK FOR ORIENTED OBJECT DETECTION IN REMOTE SENSING IMAGES. THE NETWORK INCLUDES A RECEPTIVE FIELD EXPANSION MODULE THAT ENHANCES THE PERCEPTION ABILITY FOR REMOTE SENSING OBJECTS OF DIFFERENT SIZES. THE HIGH-LEVEL FEATURE AGGREGATION MODULE FULLY UTILIZES HIGH-LEVEL SEMANTIC INFORMATION, FURTHER IMPROVING LOCALIZATION AND CLASSIFICATION ACCURACY. THE FEATURE REFINEMENT REGION PROPOSAL NETWORK REFINES THE FIRST-STAGE PROPOSALS, RESULTING IN MORE ACCURATE DETECTION. THE QUALITATIVE AND QUANTITATIVE RESULTS ON THE DIOR-R AND HRSC2016 DATASETS DEMONSTRATE THAT THE PROPOSED NETWORK OUTPERFORMS EXISTING APPROACHES, PROVIDING SUPERIOR DETECTION RESULTS FOR REMOTE SENSING OBJECTS OF VARYING SCALES.","ARTICLE",NA,"REMOTE SENSING IMAGE; DEEP LEARNING; OBJECT DETECTION; MULTIPLE RECEPTIVE FIELD FUSION",2,"ENGINEERING"
"10.11999/jeit240560",2025,"YAO T;ZHAO H;FENG Z;HU Q","A CONTEXT-AWARE MULTIPLE RECEPTIVE FIELD FUSION NETWORK FOR ORIENTED OBJECT DETECTION IN REMOTE SENSING IMAGES; 上下文感知多感受野融合网络的定向遥感目标检测","DIANZI YU XINXI XUEBAO/JOURNAL OF ELECTRONICS AND INFORMATION TECHNOLOGY","OBJECTIVE RECENT ADVANCES IN REMOTE SENSING IMAGING TECHNOLOGY HAVE MADE ORIENTED OBJECT DETECTION IN REMOTE SENSING IMAGES A PROMINENT RESEARCH AREA IN COMPUTER VISION. UNLIKE TRADITIONAL OBJECT DETECTION TASKS, REMOTE SENSING IMAGES, CAPTURED FROM A WIDE-RANGE BIRD’S-EYE VIEW, OFTEN CONTAIN A VARIETY OF OBJECTS WITH DIVERSE SCALES AND COMPLEX BACKGROUNDS, POSING SIGNIFICANT CHALLENGES FOR ORIENTED OBJECT DETECTION. ALTHOUGH CURRENT APPROACHES HAVE MADE SUBSTANTIAL PROGRESS, EXISTING NETWORKS DO NOT FULLY EXPLOIT THE CONTEXTUAL INFORMATION ACROSS MULTI-SCALE FEATURES, RESULTING IN CLASSIFICATION AND LOCALIZATION ERRORS DURING DETECTION. TO ADDRESS THIS, A CONTEXT-AWARE MULTIPLE RECEPTIVE FIELD FUSION NETWORK IS PROPOSED, WHICH LEVERAGES THE CONTEXTUAL CORRELATION IN MULTI-SCALE FEATURES. BY ENHANCING THE FEATURE REPRESENTATION CAPABILITIES OF DEEP NETWORKS, THE ACCURACY OF ORIENTED OBJECT DETECTION IN REMOTE SENSING IMAGES CAN BE IMPROVED. METHODS FOR INPUT REMOTE SENSING IMAGES, RESNET-50 AND A FEATURE PYRAMID NETWORK ARE FIRST EMPLOYED TO EXTRACT FEATURES AT DIFFERENT SCALES. THE FEATURES FROM THE FIRST FOUR LAYERS ARE THEN ENHANCED USING A RECEPTIVE FIELD EXPANSION MODULE. THE RESULTING FEATURES ARE PROCESSED THROUGH A HIGH-LEVEL FEATURE AGGREGATION MODULE TO EFFECTIVELY FUSE MULTI-SCALE CONTEXTUAL INFORMATION. AFTER OBTAINING ENHANCED FEATURES AT DIFFERENT SCALES, A FEATURE REFINEMENT REGION PROPOSAL NETWORK IS DESIGNED TO REVISE OBJECT DETECTION PROPOSALS USING REFINED FEATURE REPRESENTATIONS, RESULTING IN MORE ACCURATE CANDIDATE PROPOSALS. THESE MULTI-SCALE FEATURES AND CANDIDATE PROPOSALS ARE THEN INPUT INTO THE ORIENTED R-CNN DETECTION HEAD TO OBTAIN THE FINAL OBJECT DETECTION RESULTS. THE RECEPTIVE FIELD EXPANSION MODULE CONSISTS OF TWO SUBMODULES: A LARGE SELECTIVE KERNEL CONVOLUTION ATTENTION SUBMODULE AND A SHIFT WINDOW SELF-ATTENTION ENHANCEMENT SUBMODULE, WHICH OPERATE IN PARALLEL. THE LARGE SELECTIVE KERNEL CONVOLUTION SUBMODULE INTRODUCES MULTIPLE CONVOLUTION OPERATIONS WITH DIFFERENT KERNEL SIZES TO CAPTURE CONTEXTUAL INFORMATION UNDER VARIOUS RECEPTIVE FIELDS, THEREBY IMPROVING THE NETWORK’S ABILITY TO PERCEIVE MULTI-SCALE OBJECTS. THE SHIFT WINDOW SELF-ATTENTION ENHANCEMENT SUBMODULE DIVIDES THE FEATURE MAP INTO PATCHES ACCORDING TO PREDEFINED WINDOW AND STEP SIZES AND CALCULATES THE SELF-ATTENTION-ENHANCED FEATURE REPRESENTATION OF EACH PATCH, EXTRACTING MORE GLOBAL INFORMATION FROM THE IMAGE. THE HIGH-LEVEL FEATURE AGGREGATION MODULE INTEGRATES RICH SEMANTIC INFORMATION FROM THE FEATURE PYRAMID NETWORK WITH LOW-LEVEL FEATURES, IMPROVING DETECTION ACCURACY FOR MULTI-SCALE OBJECTS. FINALLY, A FEATURE REFINEMENT REGION PROPOSAL NETWORK IS DESIGNED TO REDUCE LOCATION DEVIATION BETWEEN GENERATED REGION PROPOSALS AND ACTUAL ROTATING OBJECTS IN REMOTE SENSING IMAGES. THE DEFORMABLE CONVOLUTION IS EMPLOYED TO CAPTURE GEOMETRIC AND CONTEXTUAL INFORMATION, REFINING THE INITIAL PROPOSALS AND PRODUCING THE FINAL ORIENTED OBJECT DETECTION RESULTS THROUGH A TWO-STAGE REGION-OF-INTEREST ALIGNMENT NETWORK. RESULTS AND DISCUSSIONS THE EFFECTIVENESS AND ROBUSTNESS OF THE PROPOSED NETWORK ARE DEMONSTRATED ON TWO PUBLIC DATASETS: DIOR-R AND HRSC2016. FOR DIOR-R DATASET, THE AP<INF>50</INF>, AP<INF>75</INF> AND AP<INF>50:95</INF> METRICS ARE USED FOR EVALUATION. QUANTITATIVE AND QUALITATIVE COMPARISONS (FIG. 7, TABLE 1) DEMONSTRATE THAT THE PROPOSED NETWORK SIGNIFICANTLY ENHANCES FEATURE REPRESENTATION FOR DIFFERENT REMOTE SENSING OBJECTS, DISTINGUISHING OBJECTS WITH SIMILAR APPEARANCES AND LOCALIZING OBJECTS AT VARIOUS SCALES MORE ACCURATELY. FOR THE HRSC2016 DATASET, THE MEAN AVERAGE PRECISION (MAP) IS USED, AND BOTH MAP(07) AND MAP(12) ARE COMPUTED FOR QUANTITATIVE COMPARISON. THE RESULTS (FIG. 7, TABLE 2) FURTHER HIGHLIGHT THE NETWORK’S EFFECTIVENESS IN IMPROVING SHIP DETECTION ACCURACY IN REMOTE SENSING IMAGES. ADDITIONALLY, ABLATION STUDIES (TABLE 3) DEMONSTRATE THAT EACH MODULE IN THE PROPOSED NETWORK CONTRIBUTES TO IMPROVED DETECTION PERFORMANCE FOR ORIENTED OBJECTS IN REMOTE SENSING IMAGES. CONCLUSIONS THIS PAPER PROPOSES A CONTEXT-AWARE MULTI-RECEPTIVE FIELD FUSION NETWORK FOR ORIENTED OBJECT DETECTION IN REMOTE SENSING IMAGES. THE NETWORK INCLUDES A RECEPTIVE FIELD EXPANSION MODULE THAT ENHANCES THE PERCEPTION ABILITY FOR REMOTE SENSING OBJECTS OF DIFFERENT SIZES. THE HIGH-LEVEL FEATURE AGGREGATION MODULE FULLY UTILIZES HIGH-LEVEL SEMANTIC INFORMATION, FURTHER IMPROVING LOCALIZATION AND CLASSIFICATION ACCURACY. THE FEATURE REFINEMENT REGION PROPOSAL NETWORK REFINES THE FIRST-STAGE PROPOSALS, RESULTING IN MORE ACCURATE DETECTION. THE QUALITATIVE AND QUANTITATIVE RESULTS ON THE DIOR-R AND HRSC2016 DATASETS DEMONSTRATE THAT THE PROPOSED NETWORK OUTPERFORMS EXISTING APPROACHES, PROVIDING SUPERIOR DETECTION RESULTS FOR REMOTE SENSING OBJECTS OF VARYING SCALES. © 2025 SCIENCE PRESS. ALL RIGHTS RESERVED.","ARTICLE",NA,"DEEP LEARNING; MULTIPLE RECEPTIVE FIELD FUSION; OBJECT DETECTION; REMOTE SENSING IMAGE",2,NA
"10.12000/jr22007",2022,"XU C;SU H;LI J;LIU Y;YAO L;GAO L;YAN W;WANG T","RSDD-SAR: ROTATED SHIP DETECTION DATASET IN SAR IMAGES; RSDD-SAR：SAR舰船斜框检测数据集","JOURNAL OF RADARS","THIS PAPER RELEASES A ROTATED SAR SHIP DETECTION DATASET, NAMED ROTATED SHIP DETECTION DATASET IN SAR IMAGES (RSDD-SAR), TO ADDRESS THE PROBLEM THAT THE EXISTING ROTATED SAR SHIP DETECTION DATASETS ARE NOT ENOUGH TO MEET THE REQUIREMENTS OF ALGORITHM DEVELOPMENT AND PRACTICAL APPLICATION. THIS DATASET CONSISTS OF 84 SCENES OF GF-3 DATA SLICES, 41 SCENES OF TERRASAR-X DATA SLICES, AND 2 SCENES OF LARGE UNCROPPED IMAGES, INCLUDING 7,000 SLICES AND 10,263 SHIP INSTANCES OF MULTI-OBSERVING MODES, MULTI-POLARIZATION MODES, AND MULTIRESOLUTIONS. THIS DATASET IS EFFECTIVELY ANNOTATED BY AUTOMATIC ANNOTATION WITH MANUAL CORRECTION. MEANWHILE, EXPERIMENTS WERE CONDUCTED FOR SEVERAL POPULAR ROTATED OBJECT DETECTION ALGORITHMS IN OPTICAL REMOTE SENSING IMAGES AND ROTATED SHIP DETECTION ALGORITHMS IN SAR IMAGES, AND THE ONE-STAGE ALGORITHM S2ANET ACHIEVED THE HIGHEST AVERAGE PRECISION OF 90.06%. WHEN USING THIS DATASET, SCHOLARS CAN REFERENCE THE EXPERIMENTAL RESULTS, AND CORRESPONDING ANALYSIS CAN BE USED. FINALLY, THIS PAPER CONDUCTS GENERALIZATION ABILITY TESTING EXPERIMENTS ON OTHER DATASETS AND LARGE UNCROPPED IMAGES TO ANALYZE AND DISCUSS THE PERFORMANCE OF THE MODEL TRAINED ON RSDD-SAR. THE EXPERIMENTAL RESULTS SHOW THAT THE MODEL TRAINED ON RSDD-SAR HAS DECENT PERFORMANCE AND CONFIRMS THE APPLICATION VALUE OF THIS DATASET. THE RSDD-SAR DATASET IS AVAILABLE AT HTTPS://RADARS.AC.CN/ WEB/DATA/GETDATA?DATATYPE=SDD-SAR. © 2022 INSTITUTE OF ELECTRONICS CHINESE ACADEMY OF SCIENCES. ALL RIGHTS RESERVED.","ARTICLE",NA,"DEEP LEARNING; PUBLIC DATASET; ROTATED SAR SHIP DETECTION; RSDD-SAR; SYNTHETIC APERTURE RADAR (SAR)",120,NA
"10.13382/j.jemi.b2407771",2025,"WEI S;XINYI S;ZHANG Z;FEI G","LIGHTWEIGHT ROTATING SMALL TARGET DETECTION NETWORK ADAPTED TO REMOTE SENSING SHIP IMAGES; 适应遥感船舶图像的轻量化旋转小目标检测网络","JOURNAL OF ELECTRONIC MEASUREMENT AND INSTRUMENTATION","REMOTE SENSING IMAGES OF SHIPS IS CHARACTERIZED BY SMALL TARGET SIZES, COMPLEX BACKGROUNDS, AND SIGNIFICANT ATTITUDE CHANGES. TRADITIONAL SHIP DETECTION ALGORITHMS FOCUS ON IMPROVING DETECTION ACCURACY WHILE NEGLECTING MODEL SIZE AND REAL-TIME PERFORMANCE, THEREBY LIMITING THEIR PRACTICAL APPLICATION ON RESOURCE-CONSTRAINED DEVICES. A LIGHTWEIGHT ROTATED FUSION DETECTION NETWORK RFDNET ADAPTED TO REMOTE SENSING SHIP IMAGES IS PROPOSED TO ADDRESS THE ABOVE PROBLEMS. CONSIDERING THAT THE REMOTE SENSING SHIP IMAGES ARE TAKEN AT A LONG DISTANCE, RESULTING IN SMALL TARGET SIZES AND RICH BACKGROUND INFORMATION IN THE IMAGES, ACFNET IS DESIGNED TO IMPROVE THE DETECTION ACCURACY OF SMALL SHIP TARGETS BY FULLY EXTRACTING LOCAL FEATURE INFORMATION AND GLOBAL SPATIAL SENSING INFORMATION. TO AVOID ACCURACY DEGRADATION WHEN DETECTING SHIP TARGETS WITH DIFFERENT ATTITUDES, A ROTATING BOUNDING BOX LOSS FUNCTION IS INTRODUCED, WHICH UTILIZES THE ORIENTATION INFORMATION OF ROTATING TARGETS FOR OBTAINING A MORE ACCURATE BOUNDING BOX REGRESSION LOSS, THEREBY IMPROVING THE DETECTION PERFORMANCE OF SHIP TARGETS ROTATING IN ANY DIRECTION; FOR THE PROBLEM OF INCREASING PARAMETER COUNTS BROUGHT ABOUT BY INCREASING THE ACCURACY OF THE MODEL, A LIGHTWEIGHT CONVOLUTION IS INTRODUCED INTO THE FEATURE FUSION PART, WHICH COMBINES THE CONVOLUTION, THE DEPTH SEPARABLE CONVOLUTION, AND THE CHANNEL BLENDING TO REDUCE THE NUMBER OF PARAMETERS IN THE MODEL. THROUGH COMPARATIVE AND ABLATION EXPERIMENTS, IT HAS BEEN DEMONSTRATED THAT RFDNET ACHIEVED MAPS OF 97. 63% AND 81. 63% ON THE HRSC2016 AND DOTA DATASETS, RESPECTIVELY, WHILE REDUCING THE MODEL PARAMETERS TO 2. 99×106. THIS NOT ONLY EFFECTIVELY IMPROVED DETECTION ACCURACY BUT ALSO REALIZED A LIGHTWEIGHT MODEL DESIGN, PROVIDING A NEW INSIGHT FOR THE APPLICATION OF REMOTE SENSING SHIP DETECTION ALGORITHMS TO RESOURCE-CONSTRAINED DEVICES. © 2025 EDITORIAL OFFICE OF EMI JOURNAL. ALL RIGHTS RESERVED.","ARTICLE",NA,"DEEP LEARNING; FEATURE FUSION; LOSS FUNCTION; REMOTE SENSING IMAGE; ROTATING TARGET DETECTION",0,NA
"10.1561/116.00000141",2024,"WANG J;WANG M","ORIENTED SHIP DETECTION BASED ON COORDINATE SYSTEM PROJECTION IN SAR IMAGES","APSIPA TRANSACTIONS ON SIGNAL AND INFORMATION PROCESSING","SHIP DETECTION IS A CRITICAL AND CHALLENGING TASK IN AERIAL IMAGES. DUE TO THE SPECIAL GENERATION METHOD OF SAR IMAGES, THEY HAVE UNIQUE CHARACTERISTICS. HOWEVER, DIFFERENT FROM OBJECTS IN NATURAL IMAGES, SHIPS IN SAR IMAGES ARE OFTEN DISTRIBUTED WITH ARBITRARY ORIENTATIONS AND DENSE DISTRIBUTIONS. RECENTLY, KEY POINTS-BASED ANCHOR-FREE OBJECT DETECTION ALGORITHMS HAVE ATTRACTED THE ATTENTION OF QUITE A FEW RESEARCHERS. TO SOLVE THE TASK OF ORIENTED SHIP DETECTION BASED ON KEY POINTS, IN THIS PAPER, WE PROPOSE AN ORIENTED OBJECT DETECTION METHOD BASED ON COORDINATE SYSTEM PROJECTION (CSPROJECTION). IN THIS WORK, WE FIRST DETECT THE KEY POINT OF THE SHIP, NAMELY, THE CENTER POINT, THEN ESTABLISH A COORDINATE SYSTEM WITH THE OBJECT CENTER POINT AS THE BASE POINT, AND OBTAIN A BOUNDING BOX OF THE ORIENTED OBJECT THROUGH THE PROJECTION INFORMATION OF THE OBJECT. OUR METHOD CAN EFFECTIVELY REDUCE THE NUMBER OF PARAMETERS APPLIED TO DETERMINE THE ORIENTED BOUNDING BOX DURING TRAINING AND DECREASE THE NETWORK COMPLEXITY. EXPERIMENTAL RESULTS ON SEVERAL SAR SHIP DETECTION DATASETS, INCLUDING SSDD, SRSDDV1.0 AND THE OPTICAL REMOTE SENSING DATASET HRSC2016, INDICATE THAT OUR METHOD CAN COMPETE WITH STATE-OF-THE-ART ALGORITHMS FOR ORIENTED SHIP DETECTION, EVEN THOSE WITH MORE COMPLEX BACKBONES.","ARTICLE",NA,"SAR IMAGES; SHIP DETECTION; COORDINATE SYSTEM PROJECTION; DEEP LEARNING",0,"ENGINEERING"
"10.1561/116.00000141",2024,"WANG J;WANG M","ORIENTED SHIP DETECTION BASED ON COORDINATE SYSTEM PROJECTION IN SAR IMAGES","APSIPA TRANSACTIONS ON SIGNAL AND INFORMATION PROCESSING","SHIP DETECTION IS A CRITICAL AND CHALLENGING TASK IN AERIAL IMAGES. DUE TO THE SPECIAL GENERATION METHOD OF SAR IMAGES, THEY HAVE UNIQUE CHARACTERISTICS. HOWEVER, DIFFERENT FROM OBJECTS IN NATURAL IMAGES, SHIPS IN SAR IMAGES ARE OFTEN DISTRIBUTED WITH ARBITRARY ORIENTATIONS AND DENSE DISTRIBUTIONS. RECENTLY, KEY POINTS-BASED ANCHOR-FREE OBJECT DETECTION ALGORITHMS HAVE ATTRACTED THE ATTENTION OF QUITE A FEW RESEARCHERS. TO SOLVE THE TASK OF ORIENTED SHIP DETECTION BASED ON KEY POINTS, IN THIS PAPER, WE PROPOSE AN ORIENTED OBJECT DETECTION METHOD BASED ON COORDINATE SYSTEM PROJECTION (CSPROJECTION). IN THIS WORK, WE FIRST DETECT THE KEY POINT OF THE SHIP, NAMELY, THE CENTER POINT, THEN ESTABLISH A COORDINATE SYSTEM WITH THE OBJECT CENTER POINT AS THE BASE POINT, AND OBTAIN A BOUNDING BOX OF THE ORIENTED OBJECT THROUGH THE PROJECTION INFORMATION OF THE OBJECT. OUR METHOD CAN EFFECTIVELY REDUCE THE NUMBER OF PARAMETERS APPLIED TO DETERMINE THE ORIENTED BOUNDING BOX DURING TRAINING AND DECREASE THE NETWORK COMPLEXITY. EXPERIMENTAL RESULTS ON SEVERAL SAR SHIP DETECTION DATASETS, INCLUDING SSDD, SRSDDV1.0 AND THE OPTICAL REMOTE SENSING DATASET HRSC2016, INDICATE THAT OUR METHOD CAN COMPETE WITH STATE-OF-THE-ART ALGORITHMS FOR ORIENTED SHIP DETECTION, EVEN THOSE WITH MORE COMPLEX BACKBONES. © 2024 J. WANG AND M. WANG.","ARTICLE",NA,"COORDINATE SYSTEM PROJECTION; DEEP LEARNING; SAR IMAGES; SHIP DETECTION",0,NA
"10.2139/ssrn.4684253",2024,"HONG X;FU D;TANG J;LYNE V;LUO M;SU F;MONTH = J","ROBUST DEEP-LEARNING SHIP DETECTOR FOR MEDIUM-HIGH RESOLUTION IMAGES",NA,"SHIP DETECTORS USE RESTRICTED HIGH-RESOLUTION IMAGES THAT REQUIRE LESS INTELLIGENCE TO DETECT SHIPS IN SMALL AREA. HOWEVER, INTELLIGENT ROBUST DETECTION FROM READILY AVAILABLE MEDIUM-HIGH (MH) RESOLUTION IMAGES (10-30 M) IS LIMITED. HERE, WE DEVELOPED AN ENHANCED ROTATED-SHIP DETECTOR MODEL (RSHIPDET), UPGRADED FROM ROTATION-EQUIVARIANT DETECTOR (REDET), AND TESTED ITS PERFORMANCE FOR SHIPS AROUND NANSHA ISLANDS DURING 2019 TO 2022. RESULTS FROM THE AUTOMATIC SHIP DETECTOR (AMSD) USING AI-EARTH (AIE) REMOTE-SENSING CLOUD-COMPUTING, SHOWED: (1) GAINS OF 3.3 AVERAGE-PRECISION (AP) ON SENTINEL2-SHIP DATASET COMPARED TO REDET; (2) STRONG GENERALIZATION CAPABILITIES, WITH 77.4 AP ON SDGSAT-SHIP DATASET. NANSHA ISLAND APPLICATION SHOWED ACCURATE ROBUST DISCRIMINATION OF COMPLEX SHIP AGGREGATIONS AROUND THE NORTHEAST REEFS. OUR ALGORITHM ENABLES INTELLIGENT ROBUST MONITORING OF SHIPS, USING SATELLITE IMAGES, IN COMPLEX OCEAN ENVIRONMENTS, FOR BETTER MANAGEMENT OF OCEAN RESOURCES AND ACTIVITIES.",NA,NA,NA,0,NA
"10.23919/ccc63176.2024.10662723",2024,"YANG J;LIU M;DONG S;ZHENG R;WEI P","REMOTE SENSING OBJECT DETECTION IN DISTURBED ENVIRONMENT BASED ON IMPROVED RTMDET NETWORK","CHINESE CONTROL CONFERENCE, CCC","REMOTE SENSING OBJECT DETECTION REMAINS A CHALLENGING TASK IN COMPUTER VISION DUE TO THE ARBITRARY ANGLES OF THE TARGETS AND THE COMPLEX ENVIRONMENTAL CONDITIONS, WHICH CONTRIBUTE TO LOW DETECTION ACCURACY. WHILE NUMEROUS SCHOLARS HAVE CONCENTRATED ON ALIGNING HORIZONTAL BOUNDING BOXES WITH ROTATION BOUNDING BOXES, ALTERING THE GENERATION METHOD OF ROTATION BOUNDING BOXES, OR IMPROVING THE LOSS FUNCTION, THEY HAVE OVERLOOKED THE UTILIZATION OF PRIOR KNOWLEDGE IN REMOTE SENSING TARGET DETECTION. IN OUR PAPER, WE INTRODUCE A NEW NETWORK STRUCTURE, LARGE KERNEL CROSS-STAGE-PARTIAL-CONNECTION LAYER (LK-CSPLAYER), BASED ON THE CSPLAYER MODULE OF REAL-TIME MODELS FOR DETECTION (RTMDET), LEVERAGING PRIOR KNOWLEDGE IN REMOTE SENSING TARGET DETECTION. GIVEN THE PRESENCE OF REMOTE SENSING TARGETS AT RELATIVELY LONG DISTANCES, THE RECOGNITION OF THESE TARGETS, ESPECIALLY SMALLER ONES, RELIES ON THE SURROUNDING BACKGROUND INFORMATION. WE ENHANCE THE ACCURACY OF NETWORK DETECTION BY EXPANDING THE CONVOLUTIONAL KERNEL TO AUGMENT THE RECEPTIVE FIELD AND EXTRACT EXTENSIVE CONTEXTUAL INFORMATION. FURTHERMORE, DURING THE OPERATION OF REMOTE SENSING SATELLITES, ENVIRONMENTAL FACTORS CAN LEAD TO UNCLEAR REMOTE SENSING IMAGES, CONSEQUENTLY IMPACTING THE QUALITY OF FEATURE EXTRACTION. TO ADDRESS THIS, WE PROPOSE A SERIES OF IMAGE PREPROCESSING METHODS. TO VERIFY THE EFFECTIVENESS OF OUR APPROACH, WE CONSTRUCT A DISTURBED REMOTE SENSING DATASET AND ASSESS THE METHOD'S EFFICACY. OUR EXPERIMENTS ON THE PUBLIC DATASET HIGH RESOLUTION SHIP COLLECTIONS 2016 (HRSC2016) DEMONSTRATE THAT UTILIZING LK-CSPLAYER CAN ACHIEVE A 2.0% IMPROVEMENT ON THE BASELINE, WHILE EXPERIMENTS ON OUR CUSTOM DISTURBED DATASET REVEAL THAT UTILIZING OUR PREPROCESSING METHODS AND LK-CSPLAYER BOTH LEAD TO A 1.6% IMPROVEMENT ON THE BASELINE. © 2024 TECHNICAL COMMITTEE ON CONTROL THEORY, CHINESE ASSOCIATION OF AUTOMATION.","CONFERENCE PAPER",NA,"DISTURBED ENVIRONMENT; LARGE KERNEL; PREPROCESSING METHOD; REMOTE SENSING TARGET DETECTION",0,NA
"10.3233/ais-210610",2025,"NA N","MACHINE LEARNING-BASED SHIP DETECTION AND TRACKING USING SATELLITE IMAGES FOR MARITIME SURVEILLANCE",NA,NA,NA,NA,NA,0,NA
"10.3389/fmars.2022.1076775",2023,"NAKAYAMA S;DONG W;CORRERO R;SELIG E;WABNITZ C;HASTIE T;LEAPE J;YEUNG S;MICHELI F;MONTH = J","COMPARING SPATIAL PATTERNS OF MARINE VESSELS BETWEEN VESSEL-TRACKING DATA AND SATELLITE IMAGERY","FRONTIERS IN MARINE SCIENCE","MONITORING MARINE USE IS ESSENTIAL TO THE EFFECTIVE MANAGEMENT BUT IS EXTREMELY CHALLENGING, PARTICULARLY WHERE CAPACITY AND RESOURCES ARE LIMITED. TO OVERCOME THESE LIMITATIONS, SATELLITE IMAGERY HAS EMERGED AS A PROMISING TOOL FOR MONITORING MARINE VESSEL ACTIVITIES THAT ARE DIFFICULT TO OBSERVE THROUGH PUBLICLY AVAILABLE VESSEL-TRACKING DATA. HOWEVER, THE BROADER USE OF SATELLITE IMAGERY IS HINDERED BY THE LACK OF A CLEAR UNDERSTANDING OF WHERE AND WHEN IT WOULD BRING NOVEL INFORMATION TO EXISTING VESSEL-TRACKING DATA. HERE, WE OUTLINE AN ANALYTICAL FRAMEWORK TO (1) AUTOMATICALLY DETECT MARINE VESSELS IN OPTICAL SATELLITE IMAGERY USING DEEP LEARNING AND (2) STATISTICALLY CONTRAST GEOSPATIAL DISTRIBUTIONS OF VESSELS WITH THE VESSEL-TRACKING DATA. AS A PROOF OF CONCEPT, WE APPLIED OUR FRAMEWORK TO THE COASTAL REGIONS OF PERU, WHERE VESSELS WITHOUT THE AUTOMATIC INFORMATION SYSTEM (AIS) ARE PREVALENT. QUANTIFYING DIFFERENCES IN SPATIAL INFORMATION BETWEEN DISPARATE DATASETS—SATELLITE IMAGERY AND VESSEL-TRACKING DATA—OFFERS INSIGHT INTO THE BIASES OF EACH DATASET AND THE POTENTIAL FOR ADDITIONAL KNOWLEDGE THROUGH DATA INTEGRATION. OUR STUDY LAYS THE FOUNDATION FOR UNDERSTANDING HOW SATELLITE IMAGERY CAN COMPLEMENT EXISTING VESSEL-TRACKING DATA TO IMPROVE MARINE OVERSIGHT AND DUE DILIGENCE.",NA,NA,NA,0,NA
"10.3389/fmars.2023.1085342",2023,"WANG S;ZHANG S;TANG F;SHI Y;SUI Y;FAN X;CHEN J;MONTH = F","DEVELOPING MACHINE LEARNING METHODS FOR AUTOMATIC RECOGNITION OF FISHING VESSEL BEHAVIOUR IN THE SCOMBER JAPONICUS FISHERIES","FRONTIERS IN MARINE SCIENCE","WITH A HIGHER DEGREE OF AUTOMATION, FISHING VESSELS HAVE GRADUALLY BEGUN ADOPTING A FISHING MONITORING METHOD THAT COMBINES HUMAN AND ELECTRONIC OBSERVERS. HOWEVER, THE OBJECTIVE DATA OF ELECTRONIC MONITORING SYSTEMS (EMS) HAS NOT YET BEEN FULLY APPLIED IN VARIOUS FISHING BOAT SCENARIOS SUCH AS SHIP BEHAVIOR RECOGNITION. IN ORDER TO MAKE FULL USE OF EMS DATA AND IMPROVE THE ACCURACY OF BEHAVIORS RECOGNITION OF FISHING VESSELS, THE PRESENT STUDY PROPOSES APPLYING POPULAR DEEP LEARNING TECHNOLOGIES SUCH AS CONVOLUTIONAL NEURAL NETWORK, LONG SHORT-TERM MEMORY, AND ATTENTION MECHANISM TO CHUB MACKEREL (SCOMBER JAPONICUS) FISHING VESSEL BEHAVIORS RECOGNITION. THE OPERATION PROCESS OF CHUB MACKEREL FISHING VESSELS WAS DIVIDED INTO NINE KINDS OF BEHAVIORS, SUCH AS “PULLING NETS”, “PUTTING NETS”, “FISH PICK”, “REPRINT”, ETC.. ACCORDING TO THE CHARACTERISTICS OF THEIR FISHING WORK, FOUR NETWORKS WITH DIFFERENT CONVOLUTIONAL LAYERS WERE DESIGNED IN THE PRE-EXPERIMENT. AND THE FEASIBILITY OF EACH NETWORK IN BEHAVIORS RECOGNITION OF THE FISHING VESSELS WAS OBSERVED. THE PRE-EXPERIMENT IS OPTIMIZED FROM THE PERSPECTIVE OF THE DATA SET AND THE NETWORK. FROM THE STANDPOINT OF THE DATA SET, THE SIZE OF THE OPTIMIZED DATA SET IS SIGNIFICANTLY REDUCED, AND THE ORIGINAL DATA CHARACTERISTICS ARE PRESERVED AS MUCH AS POSSIBLE. FROM THE PERSPECTIVE OF THE NETWORK, DIFFERENT COMBINATIONS OF POOLING, LONG SHORT-TERM MEMORY(LSTM) NETWORK, AND ATTENTION(INCLUDING CBAM AND SE) ARE ADDED TO THE NETWORK, AND THEIR EFFECTS ON TRAINING TIME AND RECOGNITION EFFECT ARE COMPARED. THE EXPERIMENTAL RESULTS REVEAL THAT THE DEEP LEARNING METHODS HAVE OUTSTANDING PERFORMANCE IN BEHAVIORS RECOGNITION OF FISHING VESSELS. THE LSTM AND SE MODULE COMBINATION PRODUCED THE MOST APPARENT OPTIMIZATION EFFECT ON THE NETWORK, AND THE OPTIMIZED MODEL CAN ACHIEVE AN F1 SCORE OF 97.12\% IN THE TEST SET. THE CURRENT RESEARCH IS OF GREAT SIGNIFICANCE TO THE MANAGEMENT OF INTELLIGENT FISHERY VESSELS AND CAN PROMOTE THE DEVELOPMENT OF ELECTRONIC MONITORING SYSTEMS FOR SHIPS.",NA,NA,NA,0,NA
"10.3389/fmars.2025.1509633",2025,"YUAN Y;WU Y;ZHAO L;LIU Y;CHEN J;MONTH = M","KNOWLEDGE DISTILLATION-ENHANCED MARINE OPTICAL REMOTE SENSING OBJECT DETECTION WITH TRANSFORMER AND DUAL-PATH ARCHITECTURE","FRONTIERS IN MARINE SCIENCE","WITH THE GROWING DEMAND FOR MARINE SURVEILLANCE AND RESOURCE MANAGEMENT, ACCURATE MARINE OBJECT DETECTION HAS BECOME CRUCIAL FOR BOTH MILITARY OPERATIONS AND CIVILIAN APPLICATIONS. HOWEVER, THIS TASK FACES INHERENT CHALLENGES INCLUDING COMPLEX ENVIRONMENTAL INTERFERENCE, DIVERSE OBJECT SCALES AND MORPHOLOGIES, AND DYNAMIC IMAGING CONDITIONS. TO ADDRESS THESE ISSUES, THIS PAPER PROPOSES A MARINE OPTICAL REMOTE SENSING OBJECT DETECTION ARCHITECTURE BASED ON TRANSFORMER AND DUAL PATH ARCHITECTURE (MOD-TD), AIMING TO IMPROVE THE ACCURACY AND ROBUSTNESS OF MARITIME TARGET DETECTION. THE ENCODER INTEGRATES A HOLISTIC FOCAL FEATURE INTERWINED (HFFI) MODULE THAT EMPLOYS PARALLEL PATHWAYS TO PROGRESSIVELY REFINE LOCAL TEXTURES AND GLOBAL SEMANTIC REPRESENTATIONS, ENABLING ADAPTIVE FEATURE FUSION ACROSS SPATIAL HIERARCHIES. THE DECODER INTRODUCES TASK-SPECIFIC QUERY DECOUPLING FOR CLASSIFICATION AND LOCALIZATION, COMBINED WITH AN ENHANCED MULTI-SCALE ATTENTION (EMSA) MECHANISM THAT DYNAMICALLY AGGREGATES CONTEXTUAL INFORMATION FROM MULTIPLE RECEPTIVE FIELDS. FURTHERMORE, THE FRAMEWORK INCORPORATES A MULTIVARIATE MATCHING STRATEGY WITH GAUSSIAN SPATIAL CONSTRAINTS TO IMPROVE ANCHOR-OBJECT CORRESPONDENCE IN COMPLEX MARINE SCENARIOS. TO BALANCE DETECTION ACCURACY WITH COMPUTATIONAL EFFICIENCY, A KNOWLEDGE DISTILLATION FRAMEWORK IS IMPLEMENTED WHERE A COMPACT STUDENT MODEL LEARNS DISTILLED REPRESENTATIONS THROUGH MULTI-GRANULARITY ALIGNMENT WITH A TEACHER NETWORK, ENCOMPASSING INTERMEDIATE FEATURE GUIDANCE AND OUTPUT-LEVEL PROBABILITY CALIBRATION. COMPREHENSIVE EVALUATIONS ON THE SEADRONESSEE AND DOTA-MARINE DATASETS VALIDATE THE ARCHITECTURE’S SUPERIOR DETECTION PERFORMANCE AND ENVIRONMENTAL ADAPTABILITY COMPARED TO EXISTING METHODS, DEMONSTRATING SIGNIFICANT ADVANCEMENTS IN HANDLING MULTI-SCALE OBJECTS UNDER VARIABLE MARINE CONDITIONS. THIS WORK ESTABLISHES A NEW PARADIGM INTEGRATING ARCHITECTURAL INNOVATION AND MODEL COMPRESSION STRATEGIES FOR PRACTICAL MARINE OBSERVATION SYSTEMS.",NA,NA,NA,0,NA
"10.3390/app13127080",2023,"YAN Z;LI Z;XIE Y;LI C;LI S;SUN F;MONTH = J","REBIDET: AN ENHANCED SHIP DETECTION MODEL UTILIZING REDET AND BI-DIRECTIONAL FEATURE FUSION","APPLIED SCIENCES","TO ENHANCE SHIP DETECTION ACCURACY IN THE PRESENCE OF COMPLEX SCENES AND SIGNIFICANT VARIATIONS IN OBJECT SCALES, THIS STUDY INTRODUCES THREE ENHANCEMENTS TO REDET, RESULTING IN A MORE POWERFUL SHIP DETECTION MODEL CALLED ROTATION-EQUIVARIANT BIDIRECTIONAL FEATURE FUSION DETECTOR (REBIDET). FIRSTLY, THE FEATURE PYRAMID NETWORK (FPN) STRUCTURE IN REDET IS SUBSTITUTED WITH A ROTATION-EQUIVARIANT BIDIRECTIONAL FEATURE FUSION FEATURE PYRAMID NETWORK (REBIFPN) TO EFFECTIVELY CAPTURE AND ENRICH MULTISCALE FEATURE INFORMATION. SECONDLY, K-MEANS CLUSTERING IS UTILIZED TO GROUP THE ASPECT RATIOS OF GROUND TRUTH BOXES IN THE DATASET AND ADJUST THE ANCHOR SIZE SETTINGS ACCORDINGLY. LASTLY, THE DIFFICULT POSITIVE REINFORCEMENT LEARNING (DPRL) SAMPLER IS EMPLOYED INSTEAD OF THE RANDOM SAMPLER TO ADDRESS THE SCALE IMBALANCE ISSUE BETWEEN OBJECTS AND BACKGROUNDS IN THE DATASET, ENABLING THE MODEL TO PRIORITIZE CHALLENGING POSITIVE EXAMPLES. THROUGH NUMEROUS EXPERIMENTS CONDUCTED ON THE HRSC2016 AND DOTA REMOTE SENSING IMAGE DATASETS, THE EFFECTIVENESS OF THE PROPOSED IMPROVEMENTS IN HANDLING COMPLEX ENVIRONMENTS AND SMALL OBJECT DETECTION TASKS IS VALIDATED. THE REBIDET MODEL DEMONSTRATES STATE-OF-THE-ART PERFORMANCE IN REMOTE SENSING OBJECT DETECTION TASKS. COMPARED TO THE REDET MODEL AND OTHER ADVANCED MODELS, OUR REBIDET ACHIEVES MAP IMPROVEMENTS OF 3.20, 0.42, AND 1.16 ON HRSC2016, DOTA-V1.0, AND DOTA-V1.5, RESPECTIVELY, WITH ONLY A SLIGHT INCREASE OF 0.82 MILLION COMPUTATIONAL PARAMETERS.",NA,NA,NA,0,NA
"10.3390/electronics13142692",2024,"SUN S;WANG J","SHIP DETECTION IN SAR IMAGES BASED ON STEADY CFAR DETECTOR AND KNOWLEDGE-ORIENTED GBDT CLASSIFIER","ELECTRONICS","SHIP DETECTION IS A SIGNIFICANT ISSUE IN REMOTE SENSING BASED ON SYNTHETIC APERTURE RADAR (SAR). THIS PAPER COMBINES THE ADVANTAGES OF A STEADY CONSTANT FALSE ALARM RATE (CFAR) DETECTOR AND A KNOWLEDGE-ORIENTED GRADIENT BOOSTING DECISION TREE (GBDT) CLASSIFIER TO ACHIEVE THE LOCATION AND THE CLASSIFICATION OF SHIP CANDIDATES. THE STEADY CFAR DETECTOR SMOOTHS THE IMAGE BY A MOVING-AVERAGE FILTER AND MODELS THE PROBABILITY DISTRIBUTION OF THE SMOOTHED CLUTTER AS A GAUSSIAN DISTRIBUTION. THE MEAN AND THE STANDARD DEVIATION OF THE GAUSSIAN DISTRIBUTION ARE ESTIMATED ACCORDING TO THE LEFT HALF OF THE HISTOGRAM TO REMOVE THE EFFECT OF LAND, SHIPS, AND OTHER TARGETS. FROM THE GAUSSIAN DISTRIBUTION AND A PRESET CONSTANT FALSE ALARM RATE, A THRESHOLD IS OBTAINED TO SEGMENT LAND, SHIPS, AND OTHER TARGETS FROM THE CLUTTER. THEN, A SERIES OF MORPHOLOGICAL OPERATIONS ARE INTRODUCED TO ELIMINATE LAND AND EXTRACT SHIPS AND OTHER TARGETS, AND AN ACTIVE CONTOUR ALGORITHM IS UTILIZED TO REFINE SHIPS AND OTHER TARGETS. FINALLY, SHIPS ARE RECOGNIZED FROM OTHER TARGETS BY A KNOWLEDGE-ORIENTED GBDT CLASSIFIER. BASED ON THE BRAIN-LIKE SHIP-RECOGNITION PROCESS, WE CHANGE THE WAY OF THE DECISION-TREE GENERATION AND ACHIEVE A HIGHER CLASSIFICATION PERFORMANCE THAN THE ORIGINAL GBDT. THE RESULTS ON THE AIRSARSHIP-1.0 DATASET DEMONSTRATE THAT THIS SCHEME HAS A COMPETITIVE PERFORMANCE AGAINST DEEP LEARNING, ESPECIALLY IN THE DETECTION OF OFFSHORE SHIPS.","ARTICLE",NA,"SAR; SHIP DETECTION; CFAR; KNOWLEDGE-ORIENTED GBDT",3,"COMPUTER SCIENCE; ENGINEERING; PHYSICS"
"10.3390/electronics13142692",2024,"SUN S;WANG J","SHIP DETECTION IN SAR IMAGES BASED ON STEADY CFAR DETECTOR AND KNOWLEDGE-ORIENTED GBDT CLASSIFIER","ELECTRONICS (SWITZERLAND)","SHIP DETECTION IS A SIGNIFICANT ISSUE IN REMOTE SENSING BASED ON SYNTHETIC APERTURE RADAR (SAR). THIS PAPER COMBINES THE ADVANTAGES OF A STEADY CONSTANT FALSE ALARM RATE (CFAR) DETECTOR AND A KNOWLEDGE-ORIENTED GRADIENT BOOSTING DECISION TREE (GBDT) CLASSIFIER TO ACHIEVE THE LOCATION AND THE CLASSIFICATION OF SHIP CANDIDATES. THE STEADY CFAR DETECTOR SMOOTHS THE IMAGE BY A MOVING-AVERAGE FILTER AND MODELS THE PROBABILITY DISTRIBUTION OF THE SMOOTHED CLUTTER AS A GAUSSIAN DISTRIBUTION. THE MEAN AND THE STANDARD DEVIATION OF THE GAUSSIAN DISTRIBUTION ARE ESTIMATED ACCORDING TO THE LEFT HALF OF THE HISTOGRAM TO REMOVE THE EFFECT OF LAND, SHIPS, AND OTHER TARGETS. FROM THE GAUSSIAN DISTRIBUTION AND A PRESET CONSTANT FALSE ALARM RATE, A THRESHOLD IS OBTAINED TO SEGMENT LAND, SHIPS, AND OTHER TARGETS FROM THE CLUTTER. THEN, A SERIES OF MORPHOLOGICAL OPERATIONS ARE INTRODUCED TO ELIMINATE LAND AND EXTRACT SHIPS AND OTHER TARGETS, AND AN ACTIVE CONTOUR ALGORITHM IS UTILIZED TO REFINE SHIPS AND OTHER TARGETS. FINALLY, SHIPS ARE RECOGNIZED FROM OTHER TARGETS BY A KNOWLEDGE-ORIENTED GBDT CLASSIFIER. BASED ON THE BRAIN-LIKE SHIP-RECOGNITION PROCESS, WE CHANGE THE WAY OF THE DECISION-TREE GENERATION AND ACHIEVE A HIGHER CLASSIFICATION PERFORMANCE THAN THE ORIGINAL GBDT. THE RESULTS ON THE AIRSARSHIP-1.0 DATASET DEMONSTRATE THAT THIS SCHEME HAS A COMPETITIVE PERFORMANCE AGAINST DEEP LEARNING, ESPECIALLY IN THE DETECTION OF OFFSHORE SHIPS. © 2024 BY THE AUTHORS.","ARTICLE",NA,"CFAR; KNOWLEDGE-ORIENTED GBDT; SAR; SHIP DETECTION",4,NA
"10.3390/electronics13234764",2024,"JI G;FAN L;LI C;MONTH = J","MBSDET: A NOVEL METHOD FOR MARINE OBJECT DETECTION IN AERIAL IMAGERY WITH COMPLEX BACKGROUND SUPPRESSION","ELECTRONICS","DETECTING MARITIME SHIP TARGETS IN COMPLEX AERIAL IMAGES IS SIGNIFICANTLY CHALLENGING DUE TO THE RELATIVELY SMALL SIZE OF THE SHIP COMPARED TO THE IMAGE’S PREDOMINANT BACKGROUND. CURRENT METHODOLOGIES USED TO IDENTIFY MARITIME TARGETS IN AERIAL IMAGERY ARE SUSCEPTIBLE TO DISRUPTION FROM INTRICATE BACKGROUNDS, LEADING TO MISIDENTIFICATION, OVERLOOKED DETECTION, AND INACCURATE TARGET LOCALIZATION. TO ADDRESS THESE CHALLENGES, WE PROPOSED THE MARITIME BACKGROUND SUPPRESSION NETWORK (MBSDET), WHICH FACILITATES THE RELIABLE DETECTION OF MULTI-SCALE TARGETS IN INTRICATE BACKGROUNDS. FIRSTLY, WE DEVELOPED A BACKGROUND SUPPRESSION (BS) MODULE THAT INTEGRATES THE TRANSFORMER’S CONTEXT-AWARE CAPABILITIES WITH LOCAL ATTENTION FEATURES TO ENHANCE THE MODEL’S ABILITY TO IDENTIFY MULTI-SCALE OBJECTS. SECONDLY, WE PRESENT THE MULTIDIMENSIONAL FEATURE ENRICHMENT (MFE) MODULE, WHICH EMPLOYS FEATURE PYRAMID-BASED REARRANGEMENT MODULES AND DYNAMIC UPSAMPLING OPERATORS INSTEAD OF CONVENTIONAL UPSAMPLING METHODS TO ENHANCE FEATURE RICHNESS WHILE ATTENUATING BACKGROUND FEATURES. THE MEAN AVERAGE PRECISION (MAP) VALUES CAN REACH 90.54\% AND 88.89\% ON HRSC2016 AND DOTA V1.0 DATASETS, RESPECTIVELY. THE EXPERIMENTAL RESULTS INDICATE THAT MBSDET EXHIBITS OUTSTANDING DETECTION AND LOCALIZATION ACCURACY FOR OBJECTS IN DIFFICULT BACKGROUND SITUATIONS.",NA,NA,NA,0,NA
"10.3390/ijgi11080445",2022,"KIZILKAYA S;ALGANCI U;SERTEL E;MONTH = A","VHRSHIPS: AN EXTENSIVE BENCHMARK DATASET FOR SCALABLE DEEP LEARNING-BASED SHIP DETECTION APPLICATIONS","ISPRS INTERNATIONAL JOURNAL OF GEO-INFORMATION","THE CLASSIFICATION OF MARITIME BOATS AND SHIP TARGETS USING OPTICAL SATELLITE IMAGERY IS A CHALLENGING SUBJECT. THIS RESEARCH INTRODUCES A UNIQUE AND RICH SHIP DATASET NAMED VERY HIGH-RESOLUTION SHIPS (VHRSHIPS) FROM GOOGLE EARTH IMAGES, WHICH INCLUDES DIVERSE SHIP TYPES, DIFFERENT SHIP SIZES, SEVERAL INSHORE LOCATIONS, AND DIFFERENT DATA ACQUISITION CONDITIONS TO IMPROVE THE SCALABILITY OF SHIP DETECTION AND MAPPING APPLICATIONS. IN ADDITION, WE PROPOSED A DEEP LEARNING-BASED MULTI-STAGE APPROACH FOR SHIP TYPE CLASSIFICATION FROM VERY HIGH RESOLUTION SATELLITE IMAGES TO EVALUATE THE PERFORMANCE OF THE VHRSHIPS DATASET. OUR “HIERARCHICAL DESIGN (HIED)” APPROACH IS AN END-TO-END STRUCTURE THAT ALLOWS THE OPTIMIZATION OF THE DETECTION, LOCALIZATION, RECOGNITION, AND IDENTIFICATION (DLRI) STAGES, INDEPENDENTLY. WE FOCUSED ON SIXTEEN PARENT SHIP CLASSES FOR THE DLR STAGES, AND SPECIFICALLY CONSIDERED EIGHT CHILD CLASSES OF THE NAVY PARENT CLASS AT THE IDENTIFICATION STAGE. WE USED THE XCEPTION NETWORK IN THE DRI STAGES AND IMPLEMENTED YOLOV4 FOR THE LOCALIZATION STAGE. INDIVIDUAL OPTIMIZATION OF EACH STAGE RESULTED IN F1 SCORES OF 99.17\%, 94.20\%, 84.08\%, AND 82.13\% FOR DETECTION, RECOGNITION, LOCALIZATION, AND IDENTIFICATION, RESPECTIVELY. THE END-TO-END IMPLEMENTATION OF OUR PROPOSED APPROACH RESULTED IN F1 SCORES OF 99.17\%, 93.43\%, 74.00\%, AND 57.05\% FOR THE SAME ORDER. IN COMPARISON, END-TO-END YOLOV4 YIELDED F1-SCORES OF 99.17\%, 86.59\%, 68.87\%, AND 56.28\% FOR DLRI, RESPECTIVELY. WE ACHIEVED HIGHER PERFORMANCE WITH HIED THAN YOLOV4 FOR LOCALIZATION, RECOGNITION, AND IDENTIFICATION STAGES, INDICATING THE USABILITY OF THE VHRSHIPS DATASET IN DIFFERENT DETECTION AND CLASSIFICATION MODELS. IN ADDITION, THE PROPOSED METHOD AND DATASET CAN BE USED AS A BENCHMARK FOR FURTHER STUDIES TO APPLY DEEP LEARNING ON LARGE-SCALE GEODATA TO BOOST GEOAI APPLICATIONS IN THE MARITIME DOMAIN.",NA,NA,NA,0,NA
"10.3390/jimaging11110383",2025,"ZHU W;WANG P;LUAN K;MONTH = N","CDSANET: A CNN-VIT-ATTENTION NETWORK FOR SHIP INSTANCE SEGMENTATION","JOURNAL OF IMAGING","SHIP INSTANCE SEGMENTATION IN REMOTE SENSING IMAGES IS ESSENTIAL FOR MARITIME APPLICATIONS SUCH AS INTELLIGENT SURVEILLANCE AND PORT MANAGEMENT. HOWEVER, THIS TASK REMAINS CHALLENGING DUE TO DENSE TARGET DISTRIBUTIONS, LARGE VARIATIONS IN SHIP SCALES AND SHAPES, AND LIMITED HIGH-QUALITY DATASETS. THE EXISTING YOLOV8 FRAMEWORK MAINLY RELIES ON CONVOLUTIONAL NEURAL NETWORKS AND CIOU LOSS, WHICH ARE LESS EFFECTIVE IN MODELING GLOBAL–LOCAL INTERACTIONS AND PRODUCING ACCURATE MASK BOUNDARIES. TO ADDRESS THESE ISSUES, WE PROPOSE CDSANET, A NOVEL ONE-STAGE SHIP INSTANCE SEGMENTATION NETWORK. CDSANET INTEGRATES CONVOLUTIONAL OPERATIONS, VISION TRANSFORMERS, AND ATTENTION MECHANISMS WITHIN A UNIFIED ARCHITECTURE. THE BACKBONE ADOPTS A CONVOLUTIONAL VISION TRANSFORMER ATTENTION (CVTA) MODULE TO ENHANCE BOTH LOCAL FEATURE EXTRACTION AND GLOBAL CONTEXT PERCEPTION. THE NECK EMPLOYS DYNAMIC-WEIGHTED DOWCONV TO ADAPTIVELY HANDLE MULTI-SCALE SHIP INSTANCES, WHILE SIOU LOSS IMPROVES LOCALIZATION ACCURACY AND ORIENTATION ROBUSTNESS. ADDITIONALLY, CBAM ENHANCES THE NETWORK’S FOCUS ON SALIENT REGIONS, AND A MIXUP-BASED AUGMENTATION STRATEGY IS USED TO IMPROVE MODEL GENERALIZATION. EXTENSIVE EXPERIMENTS ON THE PROPOSED VLRSSD DATASET DEMONSTRATE THAT CDSANET ACHIEVES STATE-OF-THE-ART PERFORMANCE WITH A MASK AP (50–95) OF 75.9\%, SURPASSING THE YOLOV8 BASELINE BY 1.8\%.",NA,NA,NA,0,NA
"10.3390/jimaging8070182",2022,"PATEL K;BHATT C;MAZZEO P;MONTH = J","DEEP LEARNING-BASED AUTOMATIC DETECTION OF SHIPS: AN EXPERIMENTAL STUDY USING SATELLITE IMAGES","JOURNAL OF IMAGING","THE REMOTE SENSING SURVEILLANCE OF MARITIME AREAS REPRESENTS AN ESSENTIAL TASK FOR BOTH SECURITY AND ENVIRONMENTAL REASONS. RECENTLY, LEARNING STRATEGIES BELONGING TO THE FIELD OF MACHINE LEARNING (ML) HAVE BECOME A NICHE OF INTEREST FOR THE COMMUNITY OF REMOTE SENSING. SPECIFICALLY, A MAJOR CHALLENGE IS THE AUTOMATIC CLASSIFICATION OF SHIPS FROM SATELLITE IMAGERY, WHICH IS NEEDED FOR TRAFFIC SURVEILLANCE SYSTEMS, THE PROTECTION OF ILLEGAL FISHERIES, CONTROL SYSTEMS OF OIL DISCHARGE, AND THE MONITORING OF SEA POLLUTION. DEEP LEARNING (DL) IS A BRANCH OF ML THAT HAS EMERGED IN THE LAST FEW YEARS AS A RESULT OF ADVANCEMENTS IN DIGITAL TECHNOLOGY AND DATA AVAILABILITY. DL HAS SHOWN CAPACITY AND EFFICACY IN TACKLING DIFFICULT LEARNING TASKS THAT WERE PREVIOUSLY INTRACTABLE. SPECIFICALLY, DL METHODS, SUCH AS CONVOLUTIONAL NEURAL NETWORKS (CNNS), HAVE BEEN REPORTED TO BE EFFICIENT IN IMAGE DETECTION AND RECOGNITION APPLICATIONS. IN THIS PAPER, WE FOCUSED ON THE DEVELOPMENT OF AN AUTOMATIC SHIP DETECTION (ASD) APPROACH BY USING DL METHODS FOR ASSESSING THE AIRBUS SHIP DATASET (COMPOSED OF ABOUT 40 K SATELLITE IMAGES). THE PAPER EXPLORES AND ANALYZES THE DISTINCT VARIATIONS OF THE YOLO ALGORITHM FOR THE DETECTION OF SHIPS FROM SATELLITE IMAGES. A COMPARISON OF DIFFERENT VERSIONS OF YOLO ALGORITHMS FOR SHIP DETECTION, SUCH AS YOLOV3, YOLOV4, AND YOLOV5, IS PRESENTED, AFTER TRAINING THEM ON A PERSONAL COMPUTER WITH A LARGE DATASET OF SATELLITE IMAGES OF THE AIRBUS SHIP CHALLENGE AND SHIPSNET. THE DIFFERENCES BETWEEN THE ALGORITHMS COULD BE OBSERVED ON THE PERSONAL COMPUTER. WE HAVE CONFIRMED THAT THESE ALGORITHMS CAN BE USED FOR EFFECTIVE SHIP DETECTION FROM SATELLITE IMAGES. THE CONCLUSION DRAWN FROM THE CONDUCTED RESEARCH IS THAT THE YOLOV5 OBJECT DETECTION ALGORITHM OUTPERFORMS THE OTHER VERSIONS OF THE YOLO ALGORITHM, I.E., YOLOV4 AND YOLOV3 IN TERMS ACCURACY OF 99\% FOR YOLOV5 COMPARED TO 98\% AND 97\% RESPECTIVELY FOR YOLOV4 AND YOLOV3.",NA,NA,NA,0,NA
"10.3390/jmse12040603",2024,"FANG Z;WANG X;ZHANG L;JIANG B","YOLO-RSA: A MULTISCALE SHIP DETECTION ALGORITHM BASED ON OPTICAL REMOTE SENSING IMAGE","JOURNAL OF MARINE SCIENCE AND ENGINEERING","CURRENTLY, DEEP LEARNING IS EXTENSIVELY UTILIZED FOR SHIP TARGET DETECTION; HOWEVER, ACHIEVING ACCURATE AND REAL-TIME DETECTION OF MULTI-SCALE TARGETS REMAINS A SIGNIFICANT CHALLENGE. CONSIDERING THE DIVERSE SCENES, VARIED SCALES, AND COMPLEX BACKGROUNDS OF SHIPS IN OPTICAL REMOTE SENSING IMAGES, WE INTRODUCE A NETWORK MODEL NAMED YOLO-RSA. THE MODEL CONSISTS OF A BACKBONE FEATURE EXTRACTION NETWORK, A MULTI-SCALE FEATURE PYRAMID, AND A ROTATED DETECTION HEAD. WE CONDUCT THOROUGH TESTS ON THE HRSC2016 AND DOTA DATASETS TO VALIDATE THE PROPOSED ALGORITHM. THROUGH ABLATION EXPERIMENTS, WE ASSESS THE IMPACT OF EACH IMPROVEMENT COMPONENT ON THE MODEL. IN COMPARATIVE EXPERIMENTS, THE PROPOSED MODEL SURPASSES OTHER MODELS IN TERMS OF RECALL, PRECISION, AND MAP ON THE HRSC2016 DATASET. FINALLY, IN GENERALIZATION EXPERIMENTS, OUR PROPOSED SHIP DETECTION MODEL EXHIBITS EXCELLENT DETECTION PERFORMANCE ACROSS VARIOUS SCENARIOS. THE METHOD CAN ACCURATELY DETECT MULTI-SCALE SHIPS IN THE IMAGE AND PROVIDE A BASIS FOR MARINE SHIP MONITORING AND PORT MANAGEMENT.","ARTICLE",NA,"DEEP LEARNING; MULTISCALE SHIP DETECTION; REMOTE-SENSING IMAGE; SMALL SHIP ATTENTION MECHANISM; COMPLEX SCENARIOS",14,"ENGINEERING; OCEANOGRAPHY"
"10.3390/jmse12040603",2024,"FANG Z;WANG X;ZHANG L;JIANG B","YOLO-RSA: A MULTISCALE SHIP DETECTION ALGORITHM BASED ON OPTICAL REMOTE SENSING IMAGE","JOURNAL OF MARINE SCIENCE AND ENGINEERING","CURRENTLY, DEEP LEARNING IS EXTENSIVELY UTILIZED FOR SHIP TARGET DETECTION; HOWEVER, ACHIEVING ACCURATE AND REAL-TIME DETECTION OF MULTI-SCALE TARGETS REMAINS A SIGNIFICANT CHALLENGE. CONSIDERING THE DIVERSE SCENES, VARIED SCALES, AND COMPLEX BACKGROUNDS OF SHIPS IN OPTICAL REMOTE SENSING IMAGES, WE INTRODUCE A NETWORK MODEL NAMED YOLO-RSA. THE MODEL CONSISTS OF A BACKBONE FEATURE EXTRACTION NETWORK, A MULTI-SCALE FEATURE PYRAMID, AND A ROTATED DETECTION HEAD. WE CONDUCT THOROUGH TESTS ON THE HRSC2016 AND DOTA DATASETS TO VALIDATE THE PROPOSED ALGORITHM. THROUGH ABLATION EXPERIMENTS, WE ASSESS THE IMPACT OF EACH IMPROVEMENT COMPONENT ON THE MODEL. IN COMPARATIVE EXPERIMENTS, THE PROPOSED MODEL SURPASSES OTHER MODELS IN TERMS OF RECALL, PRECISION, AND MAP ON THE HRSC2016 DATASET. FINALLY, IN GENERALIZATION EXPERIMENTS, OUR PROPOSED SHIP DETECTION MODEL EXHIBITS EXCELLENT DETECTION PERFORMANCE ACROSS VARIOUS SCENARIOS. THE METHOD CAN ACCURATELY DETECT MULTI-SCALE SHIPS IN THE IMAGE AND PROVIDE A BASIS FOR MARINE SHIP MONITORING AND PORT MANAGEMENT. © 2024 BY THE AUTHORS.","ARTICLE",NA,"COMPLEX SCENARIOS; DEEP LEARNING; MULTISCALE SHIP DETECTION; REMOTE-SENSING IMAGE; SMALL SHIP ATTENTION MECHANISM",16,NA
"10.3390/jmse12040603",2024,"FANG Z;WANG X;ZHANG L;JIANG B;MONTH = A","YOLO-RSA: A MULTISCALE SHIP DETECTION ALGORITHM BASED ON OPTICAL REMOTE SENSING IMAGE","JOURNAL OF MARINE SCIENCE AND ENGINEERING","CURRENTLY, DEEP LEARNING IS EXTENSIVELY UTILIZED FOR SHIP TARGET DETECTION; HOWEVER, ACHIEVING ACCURATE AND REAL-TIME DETECTION OF MULTI-SCALE TARGETS REMAINS A SIGNIFICANT CHALLENGE. CONSIDERING THE DIVERSE SCENES, VARIED SCALES, AND COMPLEX BACKGROUNDS OF SHIPS IN OPTICAL REMOTE SENSING IMAGES, WE INTRODUCE A NETWORK MODEL NAMED YOLO-RSA. THE MODEL CONSISTS OF A BACKBONE FEATURE EXTRACTION NETWORK, A MULTI-SCALE FEATURE PYRAMID, AND A ROTATED DETECTION HEAD. WE CONDUCT THOROUGH TESTS ON THE HRSC2016 AND DOTA DATASETS TO VALIDATE THE PROPOSED ALGORITHM. THROUGH ABLATION EXPERIMENTS, WE ASSESS THE IMPACT OF EACH IMPROVEMENT COMPONENT ON THE MODEL. IN COMPARATIVE EXPERIMENTS, THE PROPOSED MODEL SURPASSES OTHER MODELS IN TERMS OF RECALL, PRECISION, AND MAP ON THE HRSC2016 DATASET. FINALLY, IN GENERALIZATION EXPERIMENTS, OUR PROPOSED SHIP DETECTION MODEL EXHIBITS EXCELLENT DETECTION PERFORMANCE ACROSS VARIOUS SCENARIOS. THE METHOD CAN ACCURATELY DETECT MULTI-SCALE SHIPS IN THE IMAGE AND PROVIDE A BASIS FOR MARINE SHIP MONITORING AND PORT MANAGEMENT.",NA,NA,NA,0,NA
"10.3390/jmse13030390",2025,"ZUCCHETTA M;MADRICARDO F;GHEZZO M;PETRIZZO A;PICCIULIN M;MONTH = M","SATELLITE-BASED MONITORING OF SMALL BOAT FOR ENVIRONMENTAL STUDIES: A SYSTEMATIC REVIEW","JOURNAL OF MARINE SCIENCE AND ENGINEERING","MAPPING ANTHROPIC ACTIVITIES IN AQUATIC ENVIRONMENTS IS CRUCIAL TO SUPPORT THEIR SUSTAINABLE MANAGEMENT. AQUATIC TRAFFIC IS ONE OF THE HUMAN-RELATED ACTIVITIES GAINING RELEVANCE NOWADAYS, AND REMOTE SENSING CAN SUPPORT THE DESCRIPTION OF THE DISTRIBUTION OF VESSELS, PARTICULARLY SMALL BOATS OR OTHER VESSELS NOT TRACKED WITH OTHER TOOLS. FOLLOWING PREFERRED REPORTING ITEMS FOR SYSTEMATIC REVIEWS AND META-ANALYSES (PRISMA) GUIDELINES, WE PERFORMED A SYSTEMATIC REVIEW OF THE LITERATURE TO DESCRIBE CURRENT TRENDS, KEY METHODOLOGIES, AND GAPS, WITH SPECIAL REGARD TO THE CHALLENGES OF MONITORING SMALL BOATS THAT ARE NOT EQUIPPED WITH GLOBAL POSITIONING SYSTEM (GPS) TRANSPONDERS. A TOTAL OF 133 STUDIES PUBLISHED BETWEEN 1992 AND 2024 WERE INCLUDED. THE RESEARCH EFFORT IS MAINLY DEDICATED TO DEVELOPING NEW METHODS OR UPGRADING EXISTING ONES, WITH ONLY A FEW STUDIES FOCUSING ON APPLICATIONS IN A CONTEST OF ENVIRONMENTAL STUDIES AND, AMONG THESE, ONLY A FEW FOCUSING ON SMALL BOATS. TO PROMOTE THE USE OF REMOTE SENSING BY ENVIRONMENTAL SCIENTISTS, COASTAL, AND FISHERY MANAGERS, EXPLICATIVE CASE STUDIES ARE DELINEATED, SHOWING HOW BOAT IDENTIFICATION THROUGH SATELLITES CAN SUPPORT ENVIRONMENTAL STUDIES. MOREOVER, A GUIDELINE SECTION FOR USING REMOTE SENSING TO INTEGRATE MONITORING OF SMALL BOATS IS GIVEN TO PROMOTE NEWCOMERS TO THIS FIELD.",NA,NA,NA,0,NA
"10.3390/jmse13040737",2025,"SHI W;ZHENG W;XU Z;MONTH = A","SHIP-YOLO: A DEEP LEARNING APPROACH FOR SHIP DETECTION IN REMOTE SENSING IMAGES","JOURNAL OF MARINE SCIENCE AND ENGINEERING","THIS STUDY INTRODUCES SHIP-YOLO, A NOVEL ALGORITHM DESIGNED TO TACKLE THE CHALLENGES OF DETECTING SMALL TARGETS AGAINST COMPLEX BACKGROUNDS IN REMOTE SENSING IMAGERY. FIRSTLY, THE PROPOSED METHOD INTEGRATES AN EFFICIENT LOCAL ATTENTION MECHANISM INTO THE C3 MODULE OF THE NECK NETWORK, FORMING THE EDC MODULE. THIS ENHANCEMENT SIGNIFICANTLY IMPROVES THE MODEL’S CAPABILITY TO CAPTURE CRITICAL FEATURES, ENABLING ROBUST PERFORMANCE IN SCENARIOS INVOLVING INTRICATE BACKGROUNDS AND MULTI-SCALE TARGETS. SECONDLY, A LIGHTWEIGHT ASYMMETRIC DECOUPLED HEAD (LADH-HEAD) IS PROPOSED TO SEPARATE CLASSIFICATION AND REGRESSION TASKS, REDUCING TASK CONFLICTS, IMPROVING DETECTION PERFORMANCE, AND MAINTAINING THE MODEL’S LIGHTWEIGHT CHARACTERISTICS. ADDITIONALLY, THE LITECONV MODULE IS DESIGNED TO REPLACE THE C3 MODULE IN THE BACKBONE NETWORK, LEVERAGING PARTIAL CONVOLUTION TO IGNORE INVALID INFORMATION IN OCCLUDED REGIONS AND AVOID MISJUDGMENTS. FINALLY, THE CONTENT-AWARE REASSEMBLY UPSAMPLING MODULE (CARAFE) IS EMPLOYED TO REPLACE THE ORIGINAL UPSAMPLING MODULE, EXPANDING THE RECEPTIVE FIELD TO BETTER CAPTURE GLOBAL INFORMATION WHILE PRESERVING THE LIGHTWEIGHT NATURE OF THE MODEL. EXPERIMENTS ON THE SHIPRSIMAGENET AND DOTA DATASETS DEMONSTRATE THAT SHIP-YOLO OUTPERFORMS OTHER YOLO VARIANTS AND EXISTING METHODS IN TERMS OF PRECISION, RECALL, AND AVERAGE PRECISION, EXHIBITING STRONG GENERALIZATION CAPABILITIES. ABLATION STUDIES FURTHER VALIDATE THE STABLE PERFORMANCE IMPROVEMENTS CONTRIBUTED BY THE EDC, LADH-HEAD, LITECONV, AND CARAFE MODULES.",NA,NA,NA,0,NA
"10.3390/jmse13091739",2025,"HUI Z;LI P;MIAO S;LI Y;SHEN L;SHEN H;MONTH = S","YOLO-LFVM: A LIGHTWEIGHT UAV-BASED MODEL FOR REAL-TIME FISHING VESSEL TRACKING AND DIMENSION MEASUREMENT","JOURNAL OF MARINE SCIENCE AND ENGINEERING","THIS STUDY PROPOSES A LIGHTWEIGHT REAL-TIME FISHING VESSEL TRACKING AND SIZE MEASUREMENT MODEL BASED ON A UAV. IN VIEW OF THE PROBLEMS FACED BY THE CURRENT FISHING PORT MANAGEMENT DEPARTMENT, SUCH AS LOW EFFICIENCY OF FISHING VESSEL SIZE MEASUREMENT METHODS AND DIFFICULTY IN UPDATING THE SIZE INFORMATION OF LARGE QUANTITIES OF FISHING VESSELS IN TIME, THIS PAPER PROPOSES A LIGHTWEIGHT REAL-TIME FISHING VESSEL TRACKING AND SIZE MEASUREMENT MODEL BASED ON A UAV. (YOLO-LFVM). THE MODEL INCORPORATES LIGHTWEIGHT MODULES, SUCH AS MOBILENETV3, AKCONV, AND C2F, AND UTILIZES PYTHON SCRIPTS IN CONJUNCTION WITH OPENCV TO MEASURE VESSEL SIZE IN PIXELS. THE FINDINGS INDICATE THAT, COMPARED TO THE ORIGINAL MODEL, THE YOLO-LFVM MODEL’S ACCURACY RATE, RECALL RATE, AND MAP@0.5 DECREASE BY ONLY 0.7\%, 0.2\%, AND 0.3\%, RESPECTIVELY, WHILE MAP@0.95 INCREASES BY 1.7\%. ADDITIONALLY, THE MODEL’S PARAMETERS DECREASE BY 65\%, AND GFLOPS DECREASE BY 69\%. WHEN COMPARING THE MODEL’S OUTPUT WITH ACTUAL VESSEL DATA, THE AVERAGE RELATIVE ERROR FOR TOTAL LENGTH IS 2.67\%, AND FOR WIDTH, IT IS 3.28\%. THE RESEARCH SHOWS THAT THE YOLO-LFVM MODEL IS EFFECTIVE IN SHIP IDENTIFICATION, SHIP TRACKING STATISTICS, AND MEASUREMENT. THROUGH THE INTEGRATION WITH UAV REMOTE SENSING TECHNOLOGY, IT IS CONDUCIVE TO THE TIMELY UPDATING OF LARGE-SCALE FISHING VESSEL SIZE INFORMATION. FINALLY, THE MODEL CAN ASSIST THE DAILY MANAGEMENT AND LAW ENFORCEMENT OF THE FISHING PORT MANAGEMENT DEPARTMENT AND CAN BE APPLIED TO OTHER EQUIPMENT WITH LIMITED COMPUTING POWER TO PERFORM TARGET DETECTION AND OBJECT SIZE MEASUREMENT TASKS.",NA,NA,NA,0,NA
"10.3390/rs12183053",2020,"HOESER T;BACHOFER F;KUENZER C","OBJECT DETECTION AND IMAGE SEGMENTATION WITH DEEP LEARNING ON EARTH OBSERVATION DATA: A REVIEW-PART II: APPLICATIONS","REMOTE SENSING","IN EARTH OBSERVATION (EO), LARGE-SCALE LAND-SURFACE DYNAMICS ARE TRADITIONALLY ANALYZED BY INVESTIGATING AGGREGATED CLASSES. THE INCREASE IN DATA WITH A VERY HIGH SPATIAL RESOLUTION ENABLES INVESTIGATIONS ON A FINE-GRAINED FEATURE LEVEL WHICH CAN HELP US TO BETTER UNDERSTAND THE DYNAMICS OF LAND SURFACES BY TAKING OBJECT DYNAMICS INTO ACCOUNT. TO EXTRACT FINE-GRAINED FEATURES AND OBJECTS, THE MOST POPULAR DEEP-LEARNING MODEL FOR IMAGE ANALYSIS IS COMMONLY USED: THE CONVOLUTIONAL NEURAL NETWORK (CNN). IN THIS REVIEW, WE PROVIDE A COMPREHENSIVE OVERVIEW OF THE IMPACT OF DEEP LEARNING ON EO APPLICATIONS BY REVIEWING 429 STUDIES ON IMAGE SEGMENTATION AND OBJECT DETECTION WITH CNNS. WE EXTENSIVELY EXAMINE THE SPATIAL DISTRIBUTION OF STUDY SITES, EMPLOYED SENSORS, USED DATASETS AND CNN ARCHITECTURES, AND GIVE A THOROUGH OVERVIEW OF APPLICATIONS IN EO WHICH USED CNNS. OUR MAIN FINDING IS THAT CNNS ARE IN AN ADVANCED TRANSITION PHASE FROM COMPUTER VISION TO EO. UPON THIS, WE ARGUE THAT IN THE NEAR FUTURE, INVESTIGATIONS WHICH ANALYZE OBJECT DYNAMICS WITH CNNS WILL HAVE A SIGNIFICANT IMPACT ON EO RESEARCH. WITH A FOCUS ON EO APPLICATIONS IN THISPART II, WE COMPLETE THE METHODOLOGICAL REVIEW PROVIDED INPART I.","REVIEW",NA,"ARTIFICIAL INTELLIGENCE; AI; MACHINE LEARNING; DEEP LEARNING; NEURAL NETWORKS; CONVOLUTIONAL NEURAL NETWORKS; CNN; IMAGE SEGMENTATION; OBJECT DETECTION; EARTH OBSERVATION",140,"ENVIRONMENTAL SCIENCES & ECOLOGY; GEOLOGY; REMOTE SENSING; IMAGING SCIENCE & PHOTOGRAPHIC TECHNOLOGY"
"10.3390/rs13030499",2021,"WANG Z;ZHOU Y;WANG F;WANG S;XU Z;MONTH = J","SDGH-NET: SHIP DETECTION IN OPTICAL REMOTE SENSING IMAGES BASED ON GAUSSIAN HEATMAP REGRESSION","REMOTE SENSING","THE SHIP DETECTION TASK USING OPTICAL REMOTE SENSING IMAGES IS IMPORTANT FOR IN MARITIME SAFETY, PORT MANAGEMENT AND SHIP RESCUE. WITH THE WIDE APPLICATION OF DEEP LEARNING TO REMOTE SENSING, A SERIES OF TARGET DETECTION ALGORITHMS, SUCH AS FASTER REGIONS WITH CONVOLUTION NEURAL NETWORK FEATURE (R-CNN) AND YOU ONLY LOOK ONCE (YOLO), HAVE BEEN DEVELOPED TO DETECT SHIPS IN REMOTE SENSING IMAGES. THESE DETECTION ALGORITHMS USE FULLY CONNECTED LAYER DIRECT REGRESSION TO OBTAIN COORDINATE POINTS. ALTHOUGH TRAINING AND FORWARD SPEED ARE FAST, THEY LACK SPATIAL GENERALIZATION ABILITY. TO AVOID THE OVER-FITTING PROBLEM THAT MAY ARISE FROM THE FULLY CONNECTED LAYER, WE PROPOSE A FULLY CONVOLUTIONAL NEURAL NETWORK, SDGH-NET, BASED ON GAUSSIAN HEATMAP REGRESSION. SDGH-NET USES AN ENCODER–DECODER STRUCTURE TO OBTAIN THE SHIP AREA FEATURE MAP BY DIRECT REGRESSION. AFTER SIMPLE POST-PROCESSING, THE SHIP POLYGON ANNOTATION CAN BE OBTAINED WITHOUT NON-MAXIMUM SUPPRESSION (NMS) PROCESSING. TO SPEED UP MODEL TRAINING, WE ADDED A BATCH NORMALIZATION (BN) PROCESSING LAYER. TO INCREASE THE RECEPTIVE FIELD WHILE CONTROLLING THE NUMBER OF LEARNING PARAMETERS, WE INTRODUCED DILATED CONVOLUTION AND ADDED IT AT DIFFERENT RATES TO FUSE THE FEATURES OF DIFFERENT SCALES. WE TESTED THE PERFORMANCE OF OUR PROPOSED METHOD USING A PUBLIC SHIP DATASET HRSC2016. THE EXPERIMENTAL RESULTS SHOW THAT THIS METHOD IMPROVES THE RECALL RATE OF SHIPS, AND THE F-MEASURE IS 85.05\%, WHICH SURPASSES ALL OTHER METHODS WE USED FOR COMPARISON.",NA,NA,NA,0,NA
"10.3390/rs13040660",2021,"CHEN L;SHI W;DENG D;MONTH = J","IMPROVED YOLOV3 BASED ON ATTENTION MECHANISM FOR FAST AND ACCURATE SHIP DETECTION IN OPTICAL REMOTE SENSING IMAGES","REMOTE SENSING","SHIP DETECTION IS AN IMPORTANT BUT CHALLENGING TASK IN THE FIELD OF COMPUTER VISION, PARTIALLY DUE TO THE MINUSCULE SHIP OBJECTS IN OPTICAL REMOTE SENSING IMAGES AND THE INTERFERENCE OF CLOUDS OCCLUSION AND STRONG WAVES. MOST OF THE CURRENT SHIP DETECTION METHODS FOCUS ON BOOSTING DETECTION ACCURACY WHILE THEY MAY IGNORE THE DETECTION SPEED. HOWEVER, IT IS ALSO INDISPENSABLE TO INCREASE SHIP DETECTION SPEED BECAUSE IT CAN PROVIDE TIMELY OCEAN RESCUE AND MARITIME SURVEILLANCE. TO SOLVE THE ABOVE PROBLEMS, WE PROPOSE AN IMPROVED YOLOV3 (IMYOLOV3) BASED ON ATTENTION MECHANISM, AIMING TO ACHIEVE THE BEST TRADE-OFF BETWEEN DETECTION ACCURACY AND SPEED. FIRST, TO REALIZE HIGH-EFFICIENCY SHIP DETECTION, WE ADOPT THE OFF-THE-SHELF YOLOV3 AS OUR BASIC DETECTION FRAMEWORK DUE TO ITS FAST SPEED. SECOND, TO BOOST THE PERFORMANCE OF ORIGINAL YOLOV3 FOR SMALL SHIPS, WE DESIGN A NOVEL AND LIGHTWEIGHT DILATED ATTENTION MODULE (DAM) TO EXTRACT DISCRIMINATIVE FEATURES FOR SHIP TARGETS, WHICH CAN BE EASILY EMBEDDED INTO THE BASIC YOLOV3. THE INTEGRATED ATTENTION MECHANISM CAN HELP OUR MODEL LEARN TO SUPPRESS IRRELEVANT REGIONS WHILE HIGHLIGHTING SALIENT FEATURES USEFUL FOR SHIP DETECTION TASK. FURTHERMORE, WE INTRODUCE A MULTI-CLASS SHIP DATASET (MSD) AND EXPLICITLY SET SUPERVISED SUBCLASS ACCORDING TO THE SCALES AND MOVING STATES OF SHIPS. EXTENSIVE EXPERIMENTS VERIFY THE EFFECTIVENESS AND ROBUSTNESS OF IMYOLOV3, AND SHOW THAT OUR METHOD CAN ACCURATELY DETECT SHIPS WITH DIFFERENT SCALES IN DIFFERENT BACKGROUNDS, WHILE AT A REAL-TIME SPEED.",NA,NA,NA,0,NA
"10.3390/rs13071327",2021,"TIAN L;CAO Y;HE B;ZHANG Y;HE C;LI D;MONTH = J","IMAGE ENHANCEMENT DRIVEN BY OBJECT CHARACTERISTICS AND DENSE FEATURE REUSE NETWORK FOR SHIP TARGET DETECTION IN REMOTE SENSING IMAGERY","REMOTE SENSING","AS THE APPLICATION SCENARIOS OF REMOTE SENSING IMAGERY (RSI) BECOME RICHER, THE TASK OF SHIP DETECTION FROM AN OVERHEAD PERSPECTIVE IS OF GREAT SIGNIFICANCE. COMPARED WITH TRADITIONAL METHODS, THE USE OF DEEP LEARNING IDEAS HAS MORE PROSPECTS. HOWEVER, THE CONVOLUTIONAL NEURAL NETWORK (CNN) HAS POOR RESISTANCE TO SAMPLE DIFFERENCES IN DETECTION TASKS, AND THE HUGE DIFFERENCES IN THE IMAGE ENVIRONMENT, BACKGROUND, AND QUALITY OF RSIS AFFECT THE PERFORMANCE FOR TARGET DETECTION TASKS; ON THE OTHER HAND, UPSAMPLING OR POOLING OPERATIONS RESULT IN THE LOSS OF DETAILED INFORMATION IN THE FEATURES, AND THE CNN WITH OUTSTANDING RESULTS ARE OFTEN ACCOMPANIED BY A HIGH COMPUTATION AND A LARGE AMOUNT OF MEMORY STORAGE. CONSIDERING THE CHARACTERISTICS OF SHIP TARGETS IN RSIS, THIS STUDY PROPOSES A DETECTION FRAMEWORK COMBINING AN IMAGE ENHANCEMENT MODULE WITH A DENSE FEATURE REUSE MODULE: (1) DRAWING ON THE IDEAS OF THE GENERATIVE ADVERSARIAL NETWORK (GAN), WE DESIGNED AN IMAGE ENHANCEMENT MODULE DRIVEN BY OBJECT CHARACTERISTICS, WHICH IMPROVES THE QUALITY OF THE SHIP TARGET IN THE IMAGES WHILE AUGMENTING THE TRAINING SET; (2) THE INTENSIVE FEATURE EXTRACTION MODULE WAS DESIGNED TO INTEGRATE LOW-LEVEL LOCATION INFORMATION AND HIGH-LEVEL SEMANTIC INFORMATION OF DIFFERENT RESOLUTIONS WHILE MINIMIZING THE COMPUTATION, WHICH CAN IMPROVE THE EFFICIENCY OF FEATURE REUSE IN THE NETWORK; (3) WE INTRODUCED THE RECEPTIVE FIELD EXPANSION MODULE TO OBTAIN A WIDER RANGE OF DEEP SEMANTIC INFORMATION AND ENHANCE THE ABILITY TO EXTRACT FEATURES OF TARGETS WERE AT DIFFERENT SIZES. EXPERIMENTS WERE CARRIED OUT ON TWO TYPES OF SHIP DATASETS, OPTICAL RSI AND SYNTHETIC APERTURE RADAR (SAR) IMAGES. THE PROPOSED FRAMEWORK WAS IMPLEMENTED ON CLASSIC DETECTION NETWORKS SUCH AS YOU ONLY LOOK ONCE (YOLO) AND MASK-RCNN. THE EXPERIMENTAL RESULTS VERIFY THE EFFECTIVENESS OF THE PROPOSED METHOD.",NA,NA,NA,0,NA
"10.3390/rs13112208",2021,"YANG Y;PAN Z;HU Y;DING C","CPS-DET: AN ANCHOR-FREE BASED ROTATION DETECTOR FOR SHIP DETECTION","REMOTE SENSING","SHIP DETECTION IS A SIGNIFICANT AND CHALLENGING TASK IN REMOTE SENSING. AT PRESENT, DUE TO THE FASTER SPEED AND HIGHER ACCURACY, THE DEEP LEARNING METHOD HAS BEEN WIDELY APPLIED IN THE FIELD OF SHIP DETECTION. IN SHIP DETECTION, TARGETS USUALLY HAVE THE CHARACTERISTICS OF ARBITRARY-ORIENTED PROPERTY AND LARGE ASPECT RATIO. IN ORDER TO TAKE FULL ADVANTAGE OF THESE FEATURES TO IMPROVE SPEED AND ACCURACY ON THE BASE OF DEEP LEARNING METHODS, THIS ARTICLE PROPOSES AN ANCHOR-FREE METHOD, WHICH IS REFERRED AS CPS-DET, ON SHIP DETECTION USING ROTATABLE BOUNDING BOX. THE MAIN IMPROVEMENTS OF CPS-DET AS WELL AS THE CONTRIBUTIONS OF THIS ARTICLE ARE AS FOLLOWS. FIRST, AN ANCHOR-FREE BASED DEEP LEARNING NETWORK WAS USED TO IMPROVE SPEED WITH FEWER PARAMETERS. SECOND, AN ANNOTATION METHOD OF OBLIQUE RECTANGULAR FRAME IS PROPOSED, WHICH SOLVES THE PROBLEM THAT PERIODIC ANGLE AND BOUNDED COORDINATES IN CONJUNCTION WITH THE REGRESSION CALCULATION CAN LEAD TO THE PROBLEM OF LOSS ANOMALIES. FOR THE ANNOTATION SCHEME PROPOSED IN THIS PAPER, A SCHEME FOR CALCULATING ANGLE LOSS IS PROPOSED, WHICH MAKES THE LOSS FUNCTION OF ANGLE NEAR THE BOUNDARY VALUE MORE ACCURATE AND GREATLY IMPROVES THE ACCURACY OF ANGLE PREDICTION. THIRD, THE CENTERNESS CALCULATION OF FEATURE POINTS IS OPTIMIZED IN THIS ARTICLE SO THAT THE CENTER WEIGHT DISTRIBUTION OF EACH POINT IS SUITABLE FOR THE ROTATION DETECTION. FINALLY, A SCHEME COMBINING CENTERNESS AND POSITIVE SAMPLE SCREENING IS PROPOSED AND ITS EFFECTIVENESS IN SHIP DETECTION IS PROVED. EXPERIMENTS ON REMOTE SENSING PUBLIC DATASET HRSC2016 SHOW THE EFFECTIVENESS OF OUR APPROACH.","ARTICLE",NA,"ANCHOR-FREE METHOD; SHIP DETECTION; ROTATION OBJECT DETECTION; REMOTE SENSING IMAGES",14,"ENVIRONMENTAL SCIENCES & ECOLOGY; GEOLOGY; REMOTE SENSING; IMAGING SCIENCE & PHOTOGRAPHIC TECHNOLOGY"
"10.3390/rs13112208",2021,"YANG Y;PAN Z;HU Y;DING C","CPS-DET: AN ANCHOR-FREE BASED ROTATION DETECTOR FOR SHIP DETECTION","REMOTE SENSING","SHIP DETECTION IS A SIGNIFICANT AND CHALLENGING TASK IN REMOTE SENSING. AT PRESENT, DUE TO THE FASTER SPEED AND HIGHER ACCURACY, THE DEEP LEARNING METHOD HAS BEEN WIDELY APPLIED IN THE FIELD OF SHIP DETECTION. IN SHIP DETECTION, TARGETS USUALLY HAVE THE CHARACTERISTICS OF ARBITRARY-ORIENTED PROPERTY AND LARGE ASPECT RATIO. IN ORDER TO TAKE FULL ADVANTAGE OF THESE FEATURES TO IMPROVE SPEED AND ACCURACY ON THE BASE OF DEEP LEARNING METHODS, THIS ARTICLE PROPOSES AN ANCHOR-FREE METHOD, WHICH IS REFERRED AS CPS-DET, ON SHIP DETECTION USING ROTATABLE BOUNDING BOX. THE MAIN IMPROVEMENTS OF CPS-DET AS WELL AS THE CONTRIBUTIONS OF THIS ARTICLE ARE AS FOLLOWS. FIRST, AN ANCHOR-FREE BASED DEEP LEARNING NETWORK WAS USED TO IMPROVE SPEED WITH FEWER PARAMETERS. SECOND, AN ANNOTATION METHOD OF OBLIQUE RECTANGULAR FRAME IS PROPOSED, WHICH SOLVES THE PROBLEM THAT PERIODIC ANGLE AND BOUNDED COORDINATES IN CONJUNCTION WITH THE REGRESSION CALCULATION CAN LEAD TO THE PROBLEM OF LOSS ANOMALIES. FOR THE ANNOTATION SCHEME PROPOSED IN THIS PAPER, A SCHEME FOR CALCULATING ANGLE LOSS IS PROPOSED, WHICH MAKES THE LOSS FUNCTION OF ANGLE NEAR THE BOUNDARY VALUE MORE ACCURATE AND GREATLY IMPROVES THE ACCURACY OF ANGLE PREDICTION. THIRD, THE CENTERNESS CALCULATION OF FEATURE POINTS IS OPTIMIZED IN THIS ARTICLE SO THAT THE CENTER WEIGHT DISTRIBUTION OF EACH POINT IS SUITABLE FOR THE ROTATION DETECTION. FINALLY, A SCHEME COMBINING CENTERNESS AND POSITIVE SAMPLE SCREENING IS PROPOSED AND ITS EFFECTIVENESS IN SHIP DETECTION IS PROVED. EXPERIMENTS ON REMOTE SENSING PUBLIC DATASET HRSC2016 SHOW THE EFFECTIVENESS OF OUR APPROACH. © 2021 BY THE AUTHORS. LICENSEE MDPI, BASEL, SWITZERLAND.","ARTICLE",NA,"ANCHOR-FREE METHOD; REMOTE SENSING IMAGES; ROTATION OBJECT DETECTION; SHIP DETECTION",20,NA
"10.3390/rs13112208",2021,"YANG Y;PAN Z;HU Y;DING C;MONTH = J","CPS-DET: AN ANCHOR-FREE BASED ROTATION DETECTOR FOR SHIP DETECTION","REMOTE SENSING","SHIP DETECTION IS A SIGNIFICANT AND CHALLENGING TASK IN REMOTE SENSING. AT PRESENT, DUE TO THE FASTER SPEED AND HIGHER ACCURACY, THE DEEP LEARNING METHOD HAS BEEN WIDELY APPLIED IN THE FIELD OF SHIP DETECTION. IN SHIP DETECTION, TARGETS USUALLY HAVE THE CHARACTERISTICS OF ARBITRARY-ORIENTED PROPERTY AND LARGE ASPECT RATIO. IN ORDER TO TAKE FULL ADVANTAGE OF THESE FEATURES TO IMPROVE SPEED AND ACCURACY ON THE BASE OF DEEP LEARNING METHODS, THIS ARTICLE PROPOSES AN ANCHOR-FREE METHOD, WHICH IS REFERRED AS CPS-DET, ON SHIP DETECTION USING ROTATABLE BOUNDING BOX. THE MAIN IMPROVEMENTS OF CPS-DET AS WELL AS THE CONTRIBUTIONS OF THIS ARTICLE ARE AS FOLLOWS. FIRST, AN ANCHOR-FREE BASED DEEP LEARNING NETWORK WAS USED TO IMPROVE SPEED WITH FEWER PARAMETERS. SECOND, AN ANNOTATION METHOD OF OBLIQUE RECTANGULAR FRAME IS PROPOSED, WHICH SOLVES THE PROBLEM THAT PERIODIC ANGLE AND BOUNDED COORDINATES IN CONJUNCTION WITH THE REGRESSION CALCULATION CAN LEAD TO THE PROBLEM OF LOSS ANOMALIES. FOR THE ANNOTATION SCHEME PROPOSED IN THIS PAPER, A SCHEME FOR CALCULATING ANGLE LOSS IS PROPOSED, WHICH MAKES THE LOSS FUNCTION OF ANGLE NEAR THE BOUNDARY VALUE MORE ACCURATE AND GREATLY IMPROVES THE ACCURACY OF ANGLE PREDICTION. THIRD, THE CENTERNESS CALCULATION OF FEATURE POINTS IS OPTIMIZED IN THIS ARTICLE SO THAT THE CENTER WEIGHT DISTRIBUTION OF EACH POINT IS SUITABLE FOR THE ROTATION DETECTION. FINALLY, A SCHEME COMBINING CENTERNESS AND POSITIVE SAMPLE SCREENING IS PROPOSED AND ITS EFFECTIVENESS IN SHIP DETECTION IS PROVED. EXPERIMENTS ON REMOTE SENSING PUBLIC DATASET HRSC2016 SHOW THE EFFECTIVENESS OF OUR APPROACH.",NA,NA,NA,0,NA
"10.3390/rs13132582",2021,"WU Z;HOU B;REN B;REN Z;WANG S;JIAO L","A DEEP DETECTION NETWORK BASED ON INTERACTION OF INSTANCE SEGMENTATION AND OBJECT DETECTION FOR SAR IMAGES","REMOTE SENSING","SHIP DETECTION IS A CHALLENGING TASK FOR SYNTHETIC APERTURE RADAR (SAR) IMAGES. SHIPS HAVE ARBITRARY DIRECTIONALITY AND MULTIPLE SCALES IN SAR IMAGES. FURTHERMORE, THERE IS A LOT OF CLUTTER NEAR THE SHIPS. TRADITIONAL DETECTION ALGORITHMS ARE NOT ROBUST TO THESE SITUATIONS AND EASILY CAUSE REDUNDANCY IN THE DETECTION AREA. WITH THE CONTINUOUS IMPROVEMENT IN RESOLUTION, THE TRADITIONAL ALGORITHMS CANNOT ACHIEVE HIGH-PRECISION SHIP DETECTION IN SAR IMAGES. AN INCREASING NUMBER OF DEEP LEARNING ALGORITHMS HAVE BEEN APPLIED TO SAR SHIP DETECTION. IN THIS STUDY, A NEW SHIP DETECTION NETWORK, KNOWN AS THE INSTANCE SEGMENTATION ASSISTED SHIP DETECTION NETWORK (ISASDNET), IS PRESENTED. ISASDNET IS A TWO-STAGE DETECTION NETWORK WITH TWO BRANCHES. A BRANCH IS CALLED AN OBJECT BRANCH AND CAN EXTRACT OBJECT-LEVEL INFORMATION TO OBTAIN POSITIONING BOUNDING BOXES AND CLASSIFICATION RESULTS. ANOTHER BRANCH CALLED THE PIXEL BRANCH CAN BE UTILIZED FOR INSTANCE SEGMENTATION. IN THE PIXEL BRANCH, THE DESIGNED GLOBAL RELATIONAL INFERENCE LAYER MAPS THE FEATURES TO INTERACTION SPACE TO LEARN THE RELATIONSHIP BETWEEN SHIP AND BACKGROUND. THE GLOBAL REASONING MODULE (GRM) BASED ON GLOBAL RELATIONAL INFERENCE LAYERS CAN BETTER EXTRACT THE INSTANCE SEGMENTATION RESULTS OF SHIPS. A MASK ASSISTED SHIP DETECTION MODULE (MASDM) IS BEHIND THE TWO BRANCHES. THE MASDM CAN IMPROVE DETECTION RESULTS BY INTERACTING WITH THE OUTPUTS OF THE TWO BRANCHES. IN ADDITION, A STRATEGY IS DESIGNED TO EXTRACT THE MASK OF SAR SHIPS, WHICH ENABLES ISASDNET TO PERFORM OBJECT DETECTION TRAINING AND INSTANCE SEGMENTATION TRAINING AT THE SAME TIME. EXPERIMENTS CARRIED OUT TWO DIFFERENT DATASETS DEMONSTRATED THE SUPERIORITY OF ISASDNET OVER OTHER NETWORKS.","ARTICLE",NA,"SYNTHETIC APERTURE RADAR (SAR); OBJECT DETECTION; CONVOLUTIONAL NEURAL NETWORK (CNN); INSTANCE SEGMENTATION",55,"ENVIRONMENTAL SCIENCES & ECOLOGY; GEOLOGY; REMOTE SENSING; IMAGING SCIENCE & PHOTOGRAPHIC TECHNOLOGY"
"10.3390/rs13163059",2021,"HU J;ZHI X;SHI T;ZHANG W;CUI Y;ZHAO S;MONTH = J","PAG-YOLO: A PORTABLE ATTENTION-GUIDED YOLO NETWORK FOR SMALL SHIP DETECTION","REMOTE SENSING","THE YOLO NETWORK HAS BEEN EXTENSIVELY EMPLOYED IN THE FIELD OF SHIP DETECTION IN OPTICAL IMAGES. HOWEVER, THE YOLO MODEL RARELY CONSIDERS THE GLOBAL AND LOCAL RELATIONSHIPS IN THE INPUT IMAGE, WHICH LIMITS THE FINAL TARGET PREDICTION PERFORMANCE TO A CERTAIN EXTENT, ESPECIALLY FOR SMALL SHIP TARGETS. TO ADDRESS THIS PROBLEM, WE PROPOSE A NOVEL SMALL SHIP DETECTION METHOD, WHICH IMPROVES THE DETECTION ACCURACY COMPARED WITH THE YOLO-BASED NETWORK ARCHITECTURE AND DOES NOT INCREASE THE AMOUNT OF COMPUTATION SIGNIFICANTLY. SPECIFICALLY, ATTENTION MECHANISMS IN SPATIAL AND CHANNEL DIMENSIONS ARE PROPOSED TO ADAPTIVELY ASSIGN THE IMPORTANCE OF FEATURES IN DIFFERENT SCALES. MOREOVER, IN ORDER TO IMPROVE THE TRAINING EFFICIENCY AND DETECTION ACCURACY, A NEW LOSS FUNCTION IS EMPLOYED TO CONSTRAIN THE DETECTION STEP, WHICH ENABLES THE DETECTOR TO LEARN THE SHAPE OF THE SHIP TARGET MORE EFFICIENTLY. THE EXPERIMENTAL RESULTS ON A PUBLIC AND HIGH-QUALITY SHIP DATASET INDICATE THAT OUR METHOD REALIZES STATE-OF-THE-ART PERFORMANCE IN COMPARISON WITH SEVERAL WIDELY USED ADVANCED APPROACHES.",NA,NA,NA,0,NA
"10.3390/rs13163168",2021,"LI L;ZHOU Z;WANG B;MIAO L;AN Z;XIAO X;MONTH = J","DOMAIN ADAPTIVE SHIP DETECTION IN OPTICAL REMOTE SENSING IMAGES","REMOTE SENSING","WITH THE SUCCESSFUL APPLICATION OF THE CONVOLUTIONAL NEURAL NETWORK (CNN), SIGNIFICANT PROGRESS HAS BEEN MADE BY CNN-BASED SHIP DETECTION METHODS. HOWEVER, THEY OFTEN FACE CONSIDERABLE DIFFICULTIES WHEN APPLIED TO A NEW DOMAIN WHERE THE IMAGING CONDITION CHANGES SIGNIFICANTLY. ALTHOUGH TRAINING WITH THE TWO DOMAINS TOGETHER CAN SOLVE THIS PROBLEM TO SOME EXTENT, THE LARGE DOMAIN SHIFT WILL LEAD TO SUB-OPTIMAL FEATURE REPRESENTATIONS, AND THUS WEAKEN THE GENERALIZATION ABILITY ON BOTH DOMAINS. IN THIS PAPER, A DOMAIN ADAPTIVE SHIP DETECTION METHOD IS PROPOSED TO BETTER DETECT SHIPS BETWEEN DIFFERENT DOMAINS. SPECIFICALLY, THE PROPOSED METHOD MINIMIZES THE DOMAIN DISCREPANCIES VIA BOTH IMAGE-LEVEL ADAPTION AND INSTANCE-LEVEL ADAPTION. IN IMAGE-LEVEL ADAPTION, WE USE MULTIPLE RECEPTIVE FIELD INTEGRATION AND CHANNEL DOMAIN ATTENTION TO ENHANCE THE FEATURE’S RESISTANCE TO SCALE AND ENVIRONMENTAL CHANGES, RESPECTIVELY. MOREOVER, A NOVEL BOUNDARY REGRESSION MODULE IS PROPOSED IN INSTANCE-LEVEL ADAPTION TO CORRECT THE LOCALIZATION DEVIATION OF THE SHIP PROPOSALS CAUSED BY THE DOMAIN SHIFT. COMPARED WITH CONVENTIONAL REGRESSION APPROACHES, THE PROPOSED BOUNDARY REGRESSION MODULE IS ABLE TO MAKE MORE ACCURATE PREDICTIONS VIA THE EFFECTIVE EXTREME POINT FEATURES. THE TWO ADAPTION COMPONENTS ARE IMPLEMENTED BY LEARNING THE CORRESPONDING DOMAIN CLASSIFIERS RESPECTIVELY IN AN ADVERSARIAL TRAINING WAY, THEREBY OBTAINING A ROBUST MODEL SUITABLE FOR BOTH OF THE TWO DOMAINS. EXPERIMENTS ON BOTH SUPERVISED AND UNSUPERVISED DOMAIN ADAPTION SCENARIOS ARE CONDUCTED TO VERIFY THE EFFECTIVENESS OF THE PROPOSED METHOD.",NA,NA,NA,0,NA
"10.3390/rs13193890",2021,"WU J;PAN Z;LEI B;HU Y;MONTH = J","LR-TSDET: TOWARDS TINY SHIP DETECTION IN LOW-RESOLUTION REMOTE SENSING IMAGES","REMOTE SENSING","RECENTLY, DEEP LEARNING-BASED METHODS HAVE MADE GREAT IMPROVEMENTS IN OBJECT DETECTION IN REMOTE SENSING IMAGES (RSIS). HOWEVER, DETECTING TINY OBJECTS IN LOW-RESOLUTION IMAGES IS STILL CHALLENGING. THE FEATURES OF THESE OBJECTS ARE NOT DISTINGUISHABLE ENOUGH DUE TO THEIR TINY SIZE AND CONFUSING BACKGROUNDS AND CAN BE EASILY LOST AS THE NETWORK DEEPENS OR DOWNSAMPLES. TO ADDRESS THESE ISSUES, WE PROPOSE AN EFFECTIVE TINY SHIP DETECTOR FOR LOW-RESOLUTION RSIS, ABBREVIATED AS LR-TSDET, CONSISTING OF THREE KEY COMPONENTS: A FILTERED FEATURE AGGREGATION (FFA) MODULE, A HIERARCHICAL-ATROUS SPATIAL PYRAMID (HASP) MODULE, AND AN IOU-JOINT LOSS. THE FFA MODULE CAPTURES LONG-RANGE DEPENDENCIES BY CALCULATING THE SIMILARITY MATRIX SO AS TO STRENGTHEN THE RESPONSES OF INSTANCES. THE HASP MODULE OBTAINS DEEP SEMANTIC INFORMATION WHILE MAINTAINING THE RESOLUTION OF FEATURE MAPS BY AGGREGATING FOUR PARALLEL HIERARCHICAL-ATROUS CONVOLUTION BLOCKS OF DIFFERENT DILATION RATES. THE IOU-JOINT LOSS IS PROPOSED TO ALLEVIATE THE INCONSISTENCY BETWEEN CLASSIFICATION AND REGRESSION TASKS, AND GUIDES THE NETWORK TO FOCUS ON SAMPLES THAT HAVE BOTH HIGH LOCALIZATION ACCURACY AND HIGH CONFIDENCE. FURTHERMORE, WE INTRODUCE A NEW DATASET CALLED GF1-LRSD COLLECTED FROM THE GAOFEN–1 SATELLITE FOR TINY SHIP DETECTION IN LOW-RESOLUTION RSIS. THE RESOLUTION OF IMAGES IS 16M AND THE MEAN SIZE OF OBJECTS IS ABOUT 10.9 PIXELS, WHICH ARE MUCH SMALLER THAN PUBLIC RSI DATASETS. EXTENSIVE EXPERIMENTS ON GF1-LRSD AND DOTA-SHIP SHOW THAT OUR METHOD OUTPERFORMS SEVERAL COMPETITORS, PROVING ITS EFFECTIVENESS AND GENERALITY.",NA,NA,NA,0,NA
"10.3390/rs13214209",2021,"SUN Z;LENG X;LEI Y;XIONG B;JI K;KUANG G","BIFA-YOLO: A NOVEL YOLO-BASED METHOD FOR ARBITRARY-ORIENTED SHIP DETECTION IN HIGH-RESOLUTION SAR IMAGES","REMOTE SENSING","DUE TO ITS GREAT APPLICATION VALUE IN THE MILITARY AND CIVILIAN FIELDS, SHIP DETECTION IN SYNTHETIC APERTURE RADAR (SAR) IMAGES HAS ALWAYS ATTRACTED MUCH ATTENTION. HOWEVER, SHIP TARGETS IN HIGH-RESOLUTION (HR) SAR IMAGES SHOW THE SIGNIFICANT CHARACTERISTICS OF MULTI-SCALE, ARBITRARY DIRECTIONS AND DENSE ARRANGEMENT, POSING ENORMOUS CHALLENGES TO DETECT SHIPS QUICKLY AND ACCURATELY. TO ADDRESS THESE ISSUES ABOVE, A NOVEL YOLO-BASED ARBITRARY-ORIENTED SAR SHIP DETECTOR USING BI-DIRECTIONAL FEATURE FUSION AND ANGULAR CLASSIFICATION (BIFA-YOLO) IS PROPOSED IN THIS ARTICLE. FIRST OF ALL, A NOVEL BI-DIRECTIONAL FEATURE FUSION MODULE (BI-DFFM) TAILORED TO SAR SHIP DETECTION IS APPLIED TO THE YOLO FRAMEWORK. THIS MODULE CAN EFFICIENTLY AGGREGATE MULTI-SCALE FEATURES THROUGH BI-DIRECTIONAL (TOP-DOWN AND BOTTOM-UP) INFORMATION INTERACTION, WHICH IS HELPFUL FOR DETECTING MULTI-SCALE SHIPS. SECONDLY, TO EFFECTIVELY DETECT ARBITRARY-ORIENTED AND DENSELY ARRANGED SHIPS IN HR SAR IMAGES, WE ADD AN ANGULAR CLASSIFICATION STRUCTURE TO THE HEAD NETWORK. THIS STRUCTURE IS CONDUCIVE TO ACCURATELY OBTAINING SHIPS' ANGLE INFORMATION WITHOUT THE PROBLEM OF BOUNDARY DISCONTINUITY AND COMPLICATED PARAMETER REGRESSION. MEANWHILE, IN BIFA-YOLO, A RANDOM ROTATION MOSAIC DATA AUGMENTATION METHOD IS EMPLOYED TO SUPPRESS THE IMPACT OF ANGLE IMBALANCE. COMPARED WITH OTHER CONVENTIONAL DATA AUGMENTATION METHODS, THE PROPOSED METHOD CAN BETTER IMPROVE DETECTION PERFORMANCE OF ARBITRARY-ORIENTED SHIPS. FINALLY, WE CONDUCT EXTENSIVE EXPERIMENTS ON THE SAR SHIP DETECTION DATASET (SSDD) AND LARGE-SCENE HR SAR IMAGES FROM GF-3 SATELLITE TO VERIFY OUR METHOD. THE PROPOSED METHOD CAN REACH THE DETECTION PERFORMANCE WITH PRECISION = 94.85%, RECALL = 93.97%, AVERAGE PRECISION = 93.90%, AND F1-SCORE = 0.9441 ON SSDD. THE DETECTION SPEED OF OUR METHOD IS APPROXIMATELY 13.3 MS PER 512 X 512 IMAGE. IN ADDITION, COMPARISON EXPERIMENTS WITH OTHER DEEP LEARNING-BASED METHODS AND VERIFICATION EXPERIMENTS ON LARGE-SCENE HR SAR IMAGES DEMONSTRATE THAT OUR METHOD SHOWS STRONG ROBUSTNESS AND ADAPTABILITY.","ARTICLE",NA,"BI-DIRECTIONAL FEATURE FUSION; ANGULAR CLASSIFICATION; ARBITRARY-ORIENTED SHIP DETECTION; HIGH-RESOLUTION (HR); SYNTHETIC APERTURE RADAR (SAR)",236,"ENVIRONMENTAL SCIENCES & ECOLOGY; GEOLOGY; REMOTE SENSING; IMAGING SCIENCE & PHOTOGRAPHIC TECHNOLOGY"
"10.3390/rs13214209",2021,"SUN Z;LENG X;LEI Y;XIONG B;JI K;KUANG G","BIFA-YOLO: A NOVEL YOLO-BASED METHOD FOR ARBITRARY-ORIENTED SHIP DETECTION IN HIGH-RESOLUTION SAR IMAGES","REMOTE SENSING","DUE TO ITS GREAT APPLICATION VALUE IN THE MILITARY AND CIVILIAN FIELDS, SHIP DETECTION IN SYNTHETIC APERTURE RADAR (SAR) IMAGES HAS ALWAYS ATTRACTED MUCH ATTENTION. HOWEVER, SHIP TARGETS IN HIGH-RESOLUTION (HR) SAR IMAGES SHOW THE SIGNIFICANT CHARACTERISTICS OF MULTI-SCALE, ARBITRARY DIRECTIONS AND DENSE ARRANGEMENT, POSING ENORMOUS CHALLENGES TO DETECT SHIPS QUICKLY AND ACCURATELY. TO ADDRESS THESE ISSUES ABOVE, A NOVEL YOLO-BASED ARBITRARY-ORIENTED SAR SHIP DETECTOR USING BI-DIRECTIONAL FEATURE FUSION AND ANGULAR CLASSIFICATION (BIFA-YOLO) IS PROPOSED IN THIS ARTICLE. FIRST OF ALL, A NOVEL BI-DIRECTIONAL FEATURE FUSION MODULE (BI-DFFM) TAILORED TO SAR SHIP DETECTION IS APPLIED TO THE YOLO FRAMEWORK. THIS MODULE CAN EFFICIENTLY AGGREGATE MULTI-SCALE FEATURES THROUGH BI-DIRECTIONAL (TOP-DOWN AND BOTTOM-UP) INFORMATION INTERACTION, WHICH IS HELPFUL FOR DETECTING MULTI-SCALE SHIPS. SECONDLY, TO EFFECTIVELY DETECT ARBITRARY-ORIENTED AND DENSELY ARRANGED SHIPS IN HR SAR IMAGES, WE ADD AN ANGULAR CLASSIFICATION STRUCTURE TO THE HEAD NETWORK. THIS STRUCTURE IS CONDUCIVE TO ACCURATELY OBTAINING SHIPS’ ANGLE INFORMATION WITHOUT THE PROBLEM OF BOUNDARY DISCONTINUITY AND COMPLICATED PARAMETER REGRESSION. MEANWHILE, IN BIFA-YOLO, A RANDOM ROTATION MOSAIC DATA AUGMENTATION METHOD IS EMPLOYED TO SUPPRESS THE IMPACT OF ANGLE IMBALANCE. COMPARED WITH OTHER CONVENTIONAL DATA AUGMENTATION METHODS, THE PROPOSED METHOD CAN BETTER IMPROVE DETECTION PERFORMANCE OF ARBITRARY-ORIENTED SHIPS. FINALLY, WE CONDUCT EXTENSIVE EXPERIMENTS ON THE SAR SHIP DETECTION DATASET (SSDD) AND LARGE-SCENE HR SAR IMAGES FROM GF-3 SATELLITE TO VERIFY OUR METHOD. THE PROPOSED METHOD CAN REACH THE DETECTION PERFORMANCE WITH PRECISION = 94.85%, RECALL = 93.97%, AVERAGE PRECISION = 93.90%, AND F1-SCORE = 0.9441 ON SSDD. THE DETECTION SPEED OF OUR METHOD IS APPROXIMATELY 13.3 MS PER 512 × 512 IMAGE. IN ADDITION, COMPARISON EXPERIMENTS WITH OTHER DEEP LEARNING-BASED METHODS AND VERIFICATION EXPERIMENTS ON LARGE-SCENE HR SAR IMAGES DEMONSTRATE THAT OUR METHOD SHOWS STRONG ROBUSTNESS AND ADAPTABILITY. © 2021 BY THE AUTHORS. LICENSEE MDPI, BASEL, SWITZERLAND.","ARTICLE",NA,"ANGULAR CLASSIFICATION; ARBITRARY-ORIENTED SHIP DETECTION; BI-DIRECTIONAL FEATURE FUSION; HIGH-RESOLUTION (HR); SYNTHETIC APERTURE RADAR (SAR)",254,NA
"10.3390/rs13214255",2021,"CIOCARLAN A;STOIAN A;MONTH = J","SHIP DETECTION IN SENTINEL 2 MULTI-SPECTRAL IMAGES WITH SELF-SUPERVISED LEARNING","REMOTE SENSING","AUTOMATIC SHIP DETECTION PROVIDES AN ESSENTIAL FUNCTION TOWARDS MARITIME DOMAIN AWARENESS FOR SECURITY OR ECONOMIC MONITORING PURPOSES. THIS WORK PRESENTS AN APPROACH FOR TRAINING A DEEP LEARNING SHIP DETECTOR IN SENTINEL-2 MULTI-SPECTRAL IMAGES WITH FEW LABELED EXAMPLES. WE DESIGN A NETWORK ARCHITECTURE FOR DETECTING SHIPS WITH A BACKBONE THAT CAN BE PRE-TRAINED SEPARATELY. BY USING SELF SUPERVISED LEARNING, AN EMERGING UNSUPERVISED TRAINING PROCEDURE, WE LEARN GOOD FEATURES ON SENTINEL-2 IMAGES, WITHOUT REQUIRING LABELING, TO INITIALIZE OUR NETWORK’S BACKBONE. THE FULL NETWORK IS THEN FINE-TUNED TO LEARN TO DETECT SHIPS IN CHALLENGING SETTINGS. WE EVALUATED THIS APPROACH VERSUS PRE-TRAINING ON IMAGENET AND VERSUS A CLASSICAL IMAGE PROCESSING PIPELINE. WE EXAMINED THE IMPACT OF VARIATIONS IN THE SELF-SUPERVISED LEARNING STEP AND WE SHOW THAT IN THE FEW-SHOT LEARNING SETTING SELF-SUPERVISED PRE-TRAINING ACHIEVES BETTER RESULTS THAN IMAGENET PRE-TRAINING. WHEN ENOUGH TRAINING DATA ARE AVAILABLE, OUR SELF-SUPERVISED APPROACH IS AS GOOD AS IMAGENET PRE-TRAINING. WE CONCLUDE THAT A BETTER DESIGN OF THE SELF-SUPERVISED TASK AND BIGGER NON-ANNOTATED DATASET SIZES CAN LEAD TO SURPASSING IMAGENET PRE-TRAINING PERFORMANCE WITHOUT ANY ANNOTATION COSTS.",NA,NA,NA,0,NA
"10.3390/rs14040950",2022,"DONG Z;WANG M;WANG Y;LIU Y;FENG Y;XU W;MONTH = J","MULTI-ORIENTED OBJECT DETECTION IN HIGH-RESOLUTION REMOTE SENSING IMAGERY BASED ON CONVOLUTIONAL NEURAL NETWORKS WITH ADAPTIVE OBJECT ORIENTATION FEATURES","REMOTE SENSING","IN HIGH-RESOLUTION EARTH OBSERVATION SYSTEMS, OBJECT DETECTION IN HIGH SPATIAL RESOLUTION REMOTE SENSING IMAGES (HSRIS) IS THE KEY TECHNOLOGY FOR AUTOMATIC EXTRACTION, ANALYSIS AND UNDERSTANDING OF IMAGE INFORMATION. WITH RESPECT TO THE MULTI-ANGLE FEATURES OF OBJECT ORIENTATION IN HSRIS OBJECT DETECTION, THIS PAPER PRESENTS A NOVEL HSRIS OBJECT DETECTION METHOD BASED ON CONVOLUTIONAL NEURAL NETWORKS (CNN) WITH ADAPTIVE OBJECT ORIENTATION FEATURES. FIRST, AN ADAPTIVE OBJECT ORIENTATION REGRESSION METHOD IS PROPOSED TO OBTAIN OBJECT REGIONS IN ANY DIRECTION. IN THE ADAPTIVE OBJECT ORIENTATION REGRESSION METHOD, FIVE COORDINATE PARAMETERS ARE USED TO REGRESS THE OBJECT REGION WITH ANY DIRECTION. THEN, A CNN FRAMEWORK FOR OBJECT DETECTION OF HSRIS IS DESIGNED USING THE ADAPTIVE OBJECT ORIENTATION REGRESSION METHOD. USING MULTIPLE OBJECT DETECTION DATASETS, THE PROPOSED METHOD IS COMPARED WITH SOME STATE-OF-THE-ART OBJECT DETECTION METHODS. THE EXPERIMENTAL RESULTS SHOW THAT THE PROPOSED METHOD CAN MORE ACCURATELY DETECT OBJECTS WITH LARGE ASPECT RATIOS AND DENSELY DISTRIBUTED OBJECTS THAN SOME STATE-OF-THE-ART OBJECT DETECTION METHODS USING A HORIZONTAL BOUNDING BOX, AND OBTAIN BETTER OBJECT DETECTION RESULTS FOR HSRIS.",NA,NA,NA,0,NA
"10.3390/rs14081850",2022,"GUO H;BAI H;YUAN Y;QIN W;MONTH = J","FULLY DEFORMABLE CONVOLUTIONAL NETWORK FOR SHIP DETECTION IN REMOTE SENSING IMAGERY","REMOTE SENSING","IN HIGH SPATIAL RESOLUTION REMOTE SENSING IMAGERY (HRSI), SHIP DETECTION PLAYS A FUNDAMENTAL ROLE IN A WIDE VARIETY OF APPLICATIONS. DESPITE THE REMARKABLE PROGRESS MADE BY MANY METHODS, SHIP DETECTION REMAINS CHALLENGING DUE TO THE DENSE DISTRIBUTION, THE COMPLEX BACKGROUND, AND THE HUGE DIFFERENCES IN SCALE AND ORIENTATION OF SHIPS. TO ADDRESS THE ABOVE PROBLEMS, A NOVEL, FULLY DEFORMABLE CONVOLUTIONAL NETWORK (FD-NET) IS PROPOSED FOR DENSE AND MULTIPLE-SCALE SHIP DETECTION IN HRSI, WHICH COULD EFFECTIVELY EXTRACT FEATURES AT VARIABLE SCALES, ORIENTATIONS AND ASPECT RATIOS BY INTEGRATING DEFORMABLE CONVOLUTION INTO THE ENTIRE NETWORK STRUCTURE. IN ORDER TO BOOST MORE ACCURATE SPATIAL AND SEMANTIC INFORMATION FLOW IN THE NETWORK, AN ENHANCED FEATURE PYRAMID NETWORK (EFPN) IS DESIGNED BASED ON DEFORMABLE CONVOLUTION CONSTRUCTING BOTTOM-UP FEATURE MAPS. ADDITIONALLY, IN CONSIDERING OF THE FEATURE LEVEL IMBALANCE IN FEATURE FUSION, AN ADAPTIVE BALANCED FEATURE INTEGRATED (ABFI) MODULE IS CONNECTED AFTER EFPN TO MODEL THE SCALE-SENSITIVE DEPENDENCE AMONG FEATURE MAPS AND HIGHLIGHT THE VALUABLE FEATURES. TO FURTHER ENHANCE THE GENERALIZATION ABILITY OF FD-NET, EXTRA DATA AUGMENTATION AND TRAINING METHODS ARE JOINTLY DESIGNED FOR MODEL TRAINING. EXTENSIVE EXPERIMENTS ARE CONDUCTED ON TWO PUBLIC REMOTE SENSING DATASETS, DIOR AND DOTA, WHICH THEN STRONGLY PROVE THE EFFECTIVENESS OF OUR METHOD IN REMOTE SENSING FIELD.",NA,NA,NA,0,NA
"10.3390/rs14092177",2022,"HE B;ZHANG Q;TONG M;HE C","ORIENTED SHIP DETECTOR FOR REMOTE SENSING IMAGERY BASED ON PAIRWISE BRANCH DETECTION HEAD AND SAR FEATURE ENHANCEMENT","REMOTE SENSING","RECENTLY, OBJECT DETECTION IN NATURAL IMAGES HAS MADE A BREAKTHROUGH, BUT IT IS STILL CHALLENGING IN ORIENTED SHIP DETECTION FOR REMOTE SENSING IMAGERY. CONSIDERING SOME LIMITATIONS IN THIS TASK, SUCH AS UNCERTAIN SHIP ORIENTATION, UNSPECIFIC FEATURES FOR LOCATING AND CLASSIFICATION IN THE COMPLEX OPTICAL ENVIRONMENT, AND MULTIPLICATIVE SPECKLE INTERFERENCE OF SYNTHETIC APERTURE RADAR (SAR), WE PROPOSE AN ORIENTED SHIP DETECTOR BASED ON THE PAIRWISE BRANCH DETECTION HEAD AND ADAPTIVE SAR FEATURE ENHANCEMENT. THE DETAILS ARE AS FOLLOWS: (1) FIRSTLY, THE SHIPS WITH ARBITRARY DIRECTIONS ARE DESCRIBED WITH A ROTATED GROUND TRUTH, AND AN ORIENTED REGION PROPOSAL NETWORK (ORPN) IS DESIGNED TO STUDY THE TRANSFORMATION FROM THE HORIZONTAL REGION OF INTEREST TO THE ROTATED REGION OF INTEREST. THE ORPN EFFECTIVELY IMPROVED THE QUALITY OF THE CANDIDATE AREA WHILE ONLY INTRODUCING A FEW PARAMETERS. (2) IN VIEW OF THE EXISTING ALGORITHMS THAT TEND TO PERFORM CLASSIFICATION AND REGRESSION PREDICTION ON THE SAME OUTPUT FEATURE, THIS PAPER PROPOSES A PAIRWISE DETECTION HEAD (PBH) TO DESIGN PARALLEL BRANCHES TO DECOUPLE CLASSIFICATION AND LOCATING TASKS, SO THAT EACH BRANCH CAN LEARN MORE TASK-SPECIFIC FEATURES. (3) INSPIRED BY THE RATIO-OF-AVERAGE DETECTOR IN TRADITIONAL SAR IMAGE PROCESSING, THE SAR EDGE ENHANCEMENT (SEE) MODULE IS PROPOSED, WHICH ADAPTIVELY ENHANCES EDGE PIXELS, AND THE THRESHOLD OF THE EDGE IS LEARNED BY THE CHANNEL-SHARED ADAPTIVE THRESHOLDS BLOCK. EXPERIMENTS WERE CARRIED OUT ON BOTH OPTICAL AND SAR DATASETS. IN THE OPTICAL DATASET, PBH COMBINED WITH ORPN IMPROVED RECALL BY 5.03%, AND IN THE SAR DATASET, THE OVERALL METHOD ACHIEVED A MAXIMUM F1 SCORE IMPROVEMENT OF 6.07%; THESE RESULTS IMPLY THE VALIDITY OF OUR METHOD.","ARTICLE",NA,"SHIP DETECTION; DEEP LEARNING; REMOTE SENSING IMAGERY; SAR FEATURE ENHANCEMENT; PAIRWISE HEAD",12,"ENVIRONMENTAL SCIENCES & ECOLOGY; GEOLOGY; REMOTE SENSING; IMAGING SCIENCE & PHOTOGRAPHIC TECHNOLOGY"
"10.3390/rs14092177",2022,"HE B;ZHANG Q;TONG M;HE C","ORIENTED SHIP DETECTOR FOR REMOTE SENSING IMAGERY BASED ON PAIRWISE BRANCH DETECTION HEAD AND SAR FEATURE ENHANCEMENT","REMOTE SENSING","RECENTLY, OBJECT DETECTION IN NATURAL IMAGES HAS MADE A BREAKTHROUGH, BUT IT IS STILL CHALLENGING IN ORIENTED SHIP DETECTION FOR REMOTE SENSING IMAGERY. CONSIDERING SOME LIMITATIONS IN THIS TASK, SUCH AS UNCERTAIN SHIP ORIENTATION, UNSPECIFIC FEATURES FOR LOCATING AND CLASSIFICATION IN THE COMPLEX OPTICAL ENVIRONMENT, AND MULTIPLICATIVE SPECKLE INTERFERENCE OF SYNTHETIC APERTURE RADAR (SAR), WE PROPOSE AN ORIENTED SHIP DETECTOR BASED ON THE PAIRWISE BRANCH DETECTION HEAD AND ADAPTIVE SAR FEATURE ENHANCEMENT. THE DETAILS ARE AS FOLLOWS: (1) FIRSTLY, THE SHIPS WITH ARBITRARY DIRECTIONS ARE DESCRIBED WITH A ROTATED GROUND TRUTH, AND AN ORIENTED REGION PROPOSAL NETWORK (ORPN) IS DESIGNED TO STUDY THE TRANSFORMATION FROM THE HORIZONTAL REGION OF INTEREST TO THE ROTATED REGION OF INTEREST. THE ORPN EFFECTIVELY IMPROVED THE QUALITY OF THE CANDIDATE AREA WHILE ONLY INTRODUCING A FEW PARAMETERS. (2) IN VIEW OF THE EXISTING ALGORITHMS THAT TEND TO PERFORM CLASSIFICATION AND REGRESSION PREDICTION ON THE SAME OUTPUT FEATURE, THIS PAPER PROPOSES A PAIRWISE DETECTION HEAD (PBH) TO DESIGN PARALLEL BRANCHES TO DECOUPLE CLASSIFICATION AND LOCATING TASKS, SO THAT EACH BRANCH CAN LEARN MORE TASK-SPECIFIC FEATURES. (3) INSPIRED BY THE RATIO-OF-AVERAGE DETECTOR IN TRADITIONAL SAR IMAGE PROCESSING, THE SAR EDGE ENHANCEMENT (SEE) MODULE IS PROPOSED, WHICH ADAPTIVELY ENHANCES EDGE PIXELS, AND THE THRESHOLD OF THE EDGE IS LEARNED BY THE CHANNEL-SHARED ADAPTIVE THRESHOLDS BLOCK. EXPERIMENTS WERE CARRIED OUT ON BOTH OPTICAL AND SAR DATASETS. IN THE OPTICAL DATASET, PBH COMBINED WITH ORPN IMPROVED RECALL BY 5.03%, AND IN THE SAR DATASET, THE OVERALL METHOD ACHIEVED A MAXIMUM F1 SCORE IMPROVEMENT OF 6.07%; THESE RESULTS IMPLY THE VALIDITY OF OUR METHOD. © 2022 BY THE AUTHORS. LICENSEE MDPI, BASEL, SWITZERLAND.","ARTICLE",NA,"DEEP LEARNING; PAIRWISE HEAD; REMOTE SENSING IMAGERY; SAR FEATURE ENHANCEMENT; SHIP DETECTION",13,NA
"10.3390/rs14153530",2022,"XIE X;LI L;AN Z;LU G;ZHOU Z;MONTH = J","SMALL SHIP DETECTION BASED ON HYBRID ANCHOR STRUCTURE AND FEATURE SUPER-RESOLUTION","REMOTE SENSING","SMALL SHIPS IN REMOTE SENSING IMAGES HAVE BLURRED DETAILS AND ARE DIFFICULT TO DETECT. EXISTING ALGORITHMS USUALLY DETECT SMALL SHIPS BASED ON PREDEFINED ANCHORS WITH DIFFERENT SIZES. HOWEVER, LIMITED BY THE NUMBER OF DIFFERENT SIZES, IT IS DIFFICULT FOR ANCHOR-BASED METHODS TO MATCH SMALL SHIPS OF DIFFERENT SIZES AND STRUCTURES DURING TRAINING, AS THEY CAN EASILY CAUSE MISDETECTIONS. IN THIS PAPER, WE PROPOSE A HYBRID ANCHOR STRUCTURE TO GENERATE REGION PROPOSALS FOR SMALL SHIPS, SO AS TO TAKE FULL ADVANTAGE OF BOTH ANCHOR-BASED METHODS WITH HIGH LOCALIZATION ACCURACY AND ANCHOR-FREE METHODS WITH FEWER MISDETECTIONS. TO UNIFY THE OUTPUT EVALUATION AND OBTAIN THE BEST OUTPUT, A LABEL REASSIGNMENT STRATEGY IS PROPOSED, WHICH REASSIGNS THE SAMPLE LABELS ACCORDING TO THE HARMONIC INTERSECTION-OVER-UNION (IOU) BEFORE AND AFTER REGRESSION. IN ADDITION, AN ADAPTIVE FEATURE PYRAMID STRUCTURE IS PROPOSED TO ENHANCE THE FEATURES OF IMPORTANT LOCATIONS ON THE FEATURE MAP, SO THAT THE FEATURES OF SMALL SHIP TARGETS ARE MORE PROMINENT AND EASIER TO IDENTIFY. MOREOVER, FEATURE SUPER-RESOLUTION TECHNOLOGY IS INTRODUCED FOR THE REGION OF INTEREST (ROI) FEATURES OF SMALL SHIPS TO GENERATE SUPER-RESOLUTION FEATURE REPRESENTATIONS WITH A SMALL COMPUTATIONAL COST, AS WELL AS GENERATIVE ADVERSARIAL TRAINING TO IMPROVE THE REALISM OF SUPER-RESOLUTION FEATURES. BASED ON THE SUPER-RESOLUTION FEATURE, SHIP PROPOSALS ARE FURTHER CLASSIFIED AND REGRESSED BY USING SUPER-RESOLUTION FEATURES TO OBTAIN MORE ACCURATE DETECTION RESULTS. DETAILED ABLATION AND COMPARISON EXPERIMENTS DEMONSTRATE THE EFFECTIVENESS OF THE PROPOSED METHOD.",NA,NA,NA,0,NA
"10.3390/rs14153731",2022,"WANG W;ZHANG X;SUN W;HUANG M;MONTH = J","A NOVEL METHOD OF SHIP DETECTION UNDER CLOUD INTERFERENCE FOR OPTICAL REMOTE SENSING IMAGES","REMOTE SENSING","IN THIS PAPER, WE PROPOSE A NOVEL METHOD DEVELOPED FOR DETECTING INCOMPLETE SHIP TARGETS UNDER CLOUD INTERFERENCE AND LOW-CONTRAST SHIP TARGETS IN THIN FOG BASED ON SUPERPIXEL SEGMENTATION, AND OUTLINE ITS APPLICATION TO OPTICAL REMOTE SENSING IMAGES. THE DETECTION OF SHIP TARGETS OFTEN REQUIRES THE TARGET TO BE COMPLETE, AND THE OVERALL FEATURES OF THE SHIP ARE USED FOR DETECTION AND RECOGNITION. WHEN THE SHIP TARGET IS OBSCURED BY CLOUDS, OR THE CONTRAST BETWEEN THE SHIP TARGET AND THE SEA-CLUTTER BACKGROUND IS LOW, THERE MAY BE INCOMPLETE TARGETS, WHICH REDUCE THE EFFECTIVENESS OF RECOGNITION. HERE, WE PROPOSE A NEW METHOD COMBINING CONSTANT FALSE ALARM RATE (CFAR) AND SUPERPIXEL SEGMENTATION WITH FEATURE POINTS (SFCFAR) TO SOLVE THE ABOVE PROBLEMS. OUR NEWLY DEVELOPED SFCFAR UTILIZES SUPERPIXEL SEGMENTATION TO DIVIDE LARGE SCENES INTO MANY SMALL REGIONS WHICH INCLUDE TARGET REGIONS AND BACKGROUND REGIONS. IN REMOTE SENSING IMAGES, THE TARGET OCCUPIES A SMALL PROPORTION OF PIXELS IN THE ENTIRE IMAGE. IN OUR METHOD, WE USE SUPERPIXEL SEGMENTATION TO DIVIDE REMOTE SENSING IMAGES INTO MEANINGFUL BLOCKS. THE TARGET REGIONS ARE IDENTIFIED USING THE CHARACTERISTICS OF CLUSTERS OF SHIP TEXTURE FEATURES AND THE TEXTURE DIFFERENCES BETWEEN THE TARGET AND BACKGROUND REGIONS. THIS STEP NOT ONLY DETECTS THE SHIP TARGET QUICKLY, BUT ALSO DETECTS SHIPS WITH LOW CONTRAST AND UNDER CLOUD COVER. IN OPTICAL REMOTE SENSING, SHIPS AT SEA UNDER THIN CLOUDS ARE NOT COMMON IN PRACTICE, AND THE SAMPLE SIZE GENERATED IS RELATIVELY SMALL, SO THIS PROBLEM IS NOT APPLICABLE TO DEEP LEARNING ALGORITHMS FOR TRAINING, WHILE THE SFCFAR ALGORITHM DOES NOT REQUIRE DATA TRAINING TO COMPLETE THE DETECTION TASK. EXPERIMENTS SHOW THAT THE PROPOSED SFCFAR ALGORITHM ENHANCES THE DETECTION OF OBSCURED SHIP TARGETS UNDER CLOUDS AND LOW-CONTRAST TARGETS IN THIN FOG, COMPARED WITH TRADITIONAL TARGET DETECTION METHODS AND AS DEEP LEARNING ALGORITHMS, FURTHER COMPLEMENTING EXISTING SHIP DETECTION METHODS.",NA,NA,NA,0,NA
"10.3390/rs14174383",2022,"JIAN L;PU Z;ZHU L;YAO T;LIANG X;MONTH = J","SS R-CNN: SELF-SUPERVISED LEARNING IMPROVING MASK R-CNN FOR SHIP DETECTION IN REMOTE SENSING IMAGES","REMOTE SENSING","DUE TO THE COST OF ACQUIRING AND LABELING REMOTE SENSING IMAGES, ONLY A LIMITED NUMBER OF IMAGES WITH THE TARGET OBJECTS ARE OBTAINED AND LABELED IN SOME PRACTICAL APPLICATIONS, WHICH SEVERELY LIMITS THE GENERALIZATION CAPABILITY OF TYPICAL DEEP LEARNING NETWORKS. SELF-SUPERVISED LEARNING CAN LEARN THE INHERENT FEATURE REPRESENTATIONS OF UNLABELED INSTANCES AND IS A PROMISING TECHNIQUE FOR MARINE SHIP DETECTION. IN THIS WORK, WE DESIGN A MORE-WAY CUTPASTE SELF-SUPERVISED TASK TO TRAIN A FEATURE REPRESENTATION NETWORK USING CLEAN MARINE SURFACE IMAGES WITH NO SHIPS, BASED ON WHICH A TWO-STAGE OBJECT DETECTION MODEL USING MASK R-CNN IS IMPROVED TO DETECT MARINE SHIPS. EXPERIMENTAL RESULTS SHOW THAT WITH A LIMITED NUMBER OF LABELED REMOTE SENSING IMAGES, THE DESIGNED MODEL ACHIEVES BETTER DETECTION PERFORMANCE THAN SUPERVISED BASELINE METHODS IN TERMS OF MAP. PARTICULARLY, THE DETECTION ACCURACY FOR SMALL-SIZED MARINE SHIPS IS EVIDENTLY IMPROVED.",NA,NA,NA,0,NA
"10.3390/rs14194749",2022,"ZHANG J;HUANG R;LI Y;PAN B","ORIENTED SHIP DETECTION BASED ON INTERSECTING CIRCLE AND DEFORMABLE ROI IN REMOTE SENSING IMAGES","REMOTE SENSING","SHIP DETECTION IS AN IMPORTANT TOPIC IN THE TASK OF UNDERSTANDING REMOTE SENSING IMAGES. ONE OF THE CHALLENGES FOR SHIP DETECTION IS THE LARGE LENGTH-WIDTH RATIO OF SHIPS, WHICH MAY WEAKEN THE FEATURE EXTRACTION ABILITY. SIMULTANEOUSLY, SHIPS INCLINING IN ANY DIRECTION IS ALSO A CHALLENGE FOR SHIP DETECTION IN REMOTE SENSING IMAGES. IN THIS PAPER, A NOVEL ORIENTED SHIP DETECTION METHOD IS PROPOSED BASED ON AN INTERSECTING CIRCLE AND DEFORMABLE REGION OF INTEREST (OSCD-NET), WHICH AIMS AT DESCRIBING THE CHARACTERISTICS OF A LARGE LENGTH-WIDTH RATIO AND ARBITRARY DIRECTION. OSCD-NET IS COMPOSED OF TWO MODULES: AN INTERSECTING CIRCLE ROTATED DETECTION HEAD (ICR-HEAD) AND A DEFORMABLE REGION OF INTEREST (DROI). THE ICR-HEAD DETECTS A HORIZONTAL BOUNDING BOX AND AN INTERSECTING CIRCLE TO OBTAIN AN ORIENTED BOUNDING BOX. DROI PERFORMS THREE ROIALIGN WITH DIFFERENT POOLED SIZES FOR EACH FEATURE CANDIDATE REGION. IN ADDITION, THE DROI MODULE USES TRANSFORMATION AND DEFORMATION OPERATIONS TO PAY ATTENTION TO SHIP FEATURE INFORMATION AND ALIGN FEATURE SHAPES. OSCD-NET SHOWS PROMISING PERFORMANCE ON PUBLIC REMOTE SENSING IMAGE DATASETS.","ARTICLE",NA,"DEEP LEARNING; OBJECT DETECTION; ORIENTED BOUNDING BOX; SHIP DETECTION; REMOTE SENSING IMAGE",7,"ENVIRONMENTAL SCIENCES & ECOLOGY; GEOLOGY; REMOTE SENSING; IMAGING SCIENCE & PHOTOGRAPHIC TECHNOLOGY"
"10.3390/rs14194749",2022,"ZHANG J;HUANG R;LI Y;PAN B","ORIENTED SHIP DETECTION BASED ON INTERSECTING CIRCLE AND DEFORMABLE ROI IN REMOTE SENSING IMAGES","REMOTE SENSING","SHIP DETECTION IS AN IMPORTANT TOPIC IN THE TASK OF UNDERSTANDING REMOTE SENSING IMAGES. ONE OF THE CHALLENGES FOR SHIP DETECTION IS THE LARGE LENGTH–WIDTH RATIO OF SHIPS, WHICH MAY WEAKEN THE FEATURE EXTRACTION ABILITY. SIMULTANEOUSLY, SHIPS INCLINING IN ANY DIRECTION IS ALSO A CHALLENGE FOR SHIP DETECTION IN REMOTE SENSING IMAGES. IN THIS PAPER, A NOVEL ORIENTED SHIP DETECTION METHOD IS PROPOSED BASED ON AN INTERSECTING CIRCLE AND DEFORMABLE REGION OF INTEREST (OSCD-NET), WHICH AIMS AT DESCRIBING THE CHARACTERISTICS OF A LARGE LENGTH–WIDTH RATIO AND ARBITRARY DIRECTION. OSCD-NET IS COMPOSED OF TWO MODULES: AN INTERSECTING CIRCLE ROTATED DETECTION HEAD (ICR-HEAD) AND A DEFORMABLE REGION OF INTEREST (DROI). THE ICR-HEAD DETECTS A HORIZONTAL BOUNDING BOX AND AN INTERSECTING CIRCLE TO OBTAIN AN ORIENTED BOUNDING BOX. DROI PERFORMS THREE ROIALIGN WITH DIFFERENT POOLED SIZES FOR EACH FEATURE CANDIDATE REGION. IN ADDITION, THE DROI MODULE USES TRANSFORMATION AND DEFORMATION OPERATIONS TO PAY ATTENTION TO SHIP FEATURE INFORMATION AND ALIGN FEATURE SHAPES. OSCD-NET SHOWS PROMISING PERFORMANCE ON PUBLIC REMOTE SENSING IMAGE DATASETS. © 2022 BY THE AUTHORS.","ARTICLE",NA,"DEEP LEARNING; OBJECT DETECTION; ORIENTED BOUNDING BOX; REMOTE SENSING IMAGE; SHIP DETECTION",9,NA
"10.3390/rs14194749",2022,"ZHANG J;HUANG R;LI Y;PAN B;MONTH = J","ORIENTED SHIP DETECTION BASED ON INTERSECTING CIRCLE AND DEFORMABLE ROI IN REMOTE SENSING IMAGES","REMOTE SENSING","SHIP DETECTION IS AN IMPORTANT TOPIC IN THE TASK OF UNDERSTANDING REMOTE SENSING IMAGES. ONE OF THE CHALLENGES FOR SHIP DETECTION IS THE LARGE LENGTH–WIDTH RATIO OF SHIPS, WHICH MAY WEAKEN THE FEATURE EXTRACTION ABILITY. SIMULTANEOUSLY, SHIPS INCLINING IN ANY DIRECTION IS ALSO A CHALLENGE FOR SHIP DETECTION IN REMOTE SENSING IMAGES. IN THIS PAPER, A NOVEL ORIENTED SHIP DETECTION METHOD IS PROPOSED BASED ON AN INTERSECTING CIRCLE AND DEFORMABLE REGION OF INTEREST (OSCD-NET), WHICH AIMS AT DESCRIBING THE CHARACTERISTICS OF A LARGE LENGTH–WIDTH RATIO AND ARBITRARY DIRECTION. OSCD-NET IS COMPOSED OF TWO MODULES: AN INTERSECTING CIRCLE ROTATED DETECTION HEAD (ICR-HEAD) AND A DEFORMABLE REGION OF INTEREST (DROI). THE ICR-HEAD DETECTS A HORIZONTAL BOUNDING BOX AND AN INTERSECTING CIRCLE TO OBTAIN AN ORIENTED BOUNDING BOX. DROI PERFORMS THREE ROIALIGN WITH DIFFERENT POOLED SIZES FOR EACH FEATURE CANDIDATE REGION. IN ADDITION, THE DROI MODULE USES TRANSFORMATION AND DEFORMATION OPERATIONS TO PAY ATTENTION TO SHIP FEATURE INFORMATION AND ALIGN FEATURE SHAPES. OSCD-NET SHOWS PROMISING PERFORMANCE ON PUBLIC REMOTE SENSING IMAGE DATASETS.",NA,NA,NA,0,NA
"10.3390/rs14195048",2022,"LI J;LI Z;CHEN M;WANG Y;LUO Q;MONTH = J","A NEW SHIP DETECTION ALGORITHM IN OPTICAL REMOTE SENSING IMAGES BASED ON IMPROVED R3DET","REMOTE SENSING","THE TASK OF SHIP TARGET DETECTION BASED ON REMOTE SENSING IMAGES HAS ATTRACTED MORE AND MORE ATTENTION BECAUSE OF ITS IMPORTANT VALUE IN CIVIL AND MILITARY FIELDS. TO SOLVE THE PROBLEM OF LOW ACCURACY IN SHIP TARGET DETECTION IN OPTICAL REMOTE SENSING SHIP IMAGES DUE TO COMPLEX SCENES AND LARGE-TARGET-SCALE DIFFERENCES, AN IMPROVED R3DET ALGORITHM IS PROPOSED IN THIS PAPER. ON THE BASIS OF R3DET, A FEATURE PYRAMID NETWORK (FPN) STRUCTURE IS REPLACED BY A SEARCH ARCHITECTURE-BASED FEATURE PYRAMID NETWORK (NAS FPN) SO THAT THE NETWORK CAN ADAPTIVELY LEARN AND SELECT THE FEATURE COMBINATION UPDATE AND ENRICH THE MULTISCALE FEATURE INFORMATION. AFTER THE FEATURE EXTRACTION NETWORK, A SHALLOW FEATURE IS ADDED TO THE CONTEXT INFORMATION ENHANCEMENT (COT) MODULE TO SUPPLEMENT THE SMALL TARGET SEMANTIC INFORMATION. AN EFFICIENT CHANNEL ATTENTION (ECA) MODULE IS ADDED TO MAKE THE NETWORK GATHER IN THE TARGET AREA. THE IMPROVED ALGORITHM IS APPLIED TO THE SHIP DATA IN THE REMOTE SENSING IMAGE DATA SET FAIR1M. THE EFFECTIVENESS OF THE IMPROVED MODEL IN A COMPLEX ENVIRONMENT AND FOR SMALL TARGET DETECTION IS VERIFIED THROUGH COMPARISON EXPERIMENTS WITH R3DET AND OTHER MODELS.",NA,NA,NA,0,NA
"10.3390/rs14215460",2022,"CHEN W;HAN B;YANG Z;GAO X;MONTH = J","MSSDET: MULTI-SCALE SHIP-DETECTION FRAMEWORK IN OPTICAL REMOTE-SENSING IMAGES AND NEW BENCHMARK","REMOTE SENSING","SHIPS COMPRISE THE ONLY AND MOST IMPORTANT OCEAN TRANSPORTATION MODE. THUS, SHIP DETECTION IS ONE OF THE MOST CRITICAL TECHNOLOGIES IN SHIP MONITORING, WHICH PLAYS AN ESSENTIAL ROLE IN MAINTAINING MARINE SAFETY. OPTICAL REMOTE-SENSING IMAGES CONTAIN RICH COLOR AND TEXTURE INFORMATION, WHICH IS BENEFICIAL TO SHIP DETECTION. HOWEVER, FEW OPTICAL REMOTE-SENSING DATASETS ARE OPEN PUBLICLY DUE TO THE ISSUE OF SENSITIVE DATA AND COPYRIGHTS, AND ONLY THE HRSC2016 DATASET IS BUILT FOR THE SHIP-DETECTION TASK. MOREOVER, ALMOST ALL GENERAL OBJECT DETECTORS SUFFER FROM THE FAILURE OF MULTI-SCALE SHIP DETECTION BECAUSE OF THE DIVERSITY OF SPATIAL RESOLUTION AND SHIP SIZE. IN THIS PAPER, WE RE-ANNOTATE THE HRSC2016 DATASET AND SUPPLEMENT 610 OPTICAL REMOTE-SENSING IMAGES TO BUILD A NEW OPEN SOURCE SHIP-DETECTION BENCHMARK DATASET WITH RICH MULTI-SCALE SHIP OBJECTS NAMED THE HRSC2016-MS DATASET. IN ADDITION, WE FURTHER EXPLORE THE POTENTIAL OF A RECURSIVE MECHANISM IN THE FIELD OF OBJECT DETECTION AND PROPOSE A NOVEL MULTI-SCALE SHIP-DETECTION FRAMEWORK (MSSDET) IN OPTICAL REMOTE-SENSING IMAGES. THE SUCCESS OF DETECTING MULTI-SCALE OBJECTS DEPENDS ON THE HIERARCHICAL PYRAMID STRUCTURE IN THE OBJECT-DETECTION FRAMEWORK. HOWEVER, THE INHERENT SEMANTIC AND SPATIAL GAPS AMONG HIERARCHICAL PYRAMID LEVELS SERIOUSLY AFFECT DETECTION PERFORMANCE. TO ALLEVIATE THIS PROBLEM, WE PROPOSE A JOINT RECURSIVE FEATURE PYRAMID (JRFP), WHICH CAN GENERATE SEMANTICALLY STRONG AND SPATIALLY REFINED MULTI-SCALE FEATURES. EXTENSIVE EXPERIMENTS WERE CONDUCTED ON THE HRSC2016-MS, HRSC2016, AND DIOR DATASETS. DETAILED ABLATION STUDIES DIRECTLY DEMONSTRATED THE EFFECTIVENESS OF THE PROPOSED JRFP ARCHITECTURE AND ALSO SHOWED THAT THE PROPOSED METHOD HAS EXCELLENT GENERALIZABILITY. COMPARISONS WITH STATE-OF-THE-ART METHODS SHOWED THAT THE PROPOSED METHOD ACHIEVES COMPETITIVE PERFORMANCE, I.E., 77.3\%, 95.8\%, AND 73.3\% MEAN AVERAGE PRECISION ACCURACY ON THE HRSC2016-MS, HRSC2016, AND DIOR DATASETS, RESPECTIVELY.",NA,NA,NA,0,NA
"10.3390/rs14236017",2022,"SAVELONAS M;VEINIDIS C;BARTSOKAS T;MONTH = J","COMPUTER VISION AND PATTERN RECOGNITION FOR THE ANALYSIS OF 2D/3D REMOTE SENSING DATA IN GEOSCIENCE: A SURVEY","REMOTE SENSING","HISTORICALLY, GEOSCIENCE HAS BEEN A PROMINENT DOMAIN FOR APPLICATIONS OF COMPUTER VISION AND PATTERN RECOGNITION. THE NUMEROUS CHALLENGES ASSOCIATED WITH GEOSCIENCE-RELATED IMAGING DATA, WHICH INCLUDE POOR IMAGING QUALITY, NOISE, MISSING VALUES, LACK OF PRECISE BOUNDARIES DEFINING VARIOUS GEOSCIENCE OBJECTS AND PROCESSES, AS WELL AS NON-STATIONARITY IN SPACE AND/OR TIME, PROVIDE AN IDEAL TEST BED FOR ADVANCED COMPUTER VISION TECHNIQUES. ON THE OTHER HAND, THE DEVELOPMENTS IN PATTERN RECOGNITION, ESPECIALLY WITH THE RAPID EVOLUTION OF POWERFUL GRAPHICAL PROCESSING UNITS (GPUS) AND THE SUBSEQUENT DEEP LEARNING BREAKTHROUGH, ENABLE VALUABLE COMPUTATIONAL TOOLS, WHICH CAN AID GEOSCIENTISTS IN IMPORTANT PROBLEMS, SUCH AS LAND COVER MAPPING, TARGET DETECTION, PATTERN MINING IN IMAGING DATA, BOUNDARY EXTRACTION AND CHANGE DETECTION. IN THIS LANDSCAPE, CLASSICAL COMPUTER VISION APPROACHES, SUCH AS ACTIVE CONTOURS, SUPERPIXELS, OR DESCRIPTOR-GUIDED CLASSIFICATION, PROVIDE ALTERNATIVES THAT REMAIN RELEVANT WHEN DOMAIN EXPERT LABELLING OF LARGE SAMPLE COLLECTIONS IS OFTEN NOT FEASIBLE. THIS ISSUE PERSISTS, DESPITE EFFORTS FOR THE STANDARDIZATION OF GEOSCIENCE DATASETS, SUCH AS MICROSOFT’S EFFORT FOR AI ON EARTH, OR GOOGLE EARTH. THIS WORK COVERS DEVELOPMENTS IN APPLICATIONS OF COMPUTER VISION AND PATTERN RECOGNITION ON GEOSCIENCE-RELATED IMAGING DATA, FOLLOWING BOTH PRE-DEEP LEARNING AND POST-DEEP LEARNING PARADIGMS. VARIOUS IMAGING MODALITIES ARE ADDRESSED, INCLUDING: MULTISPECTRAL IMAGES, HYPERSPECTRAL IMAGES (HSIS), SYNTHETIC APERTURE RADAR (SAR) IMAGES, POINT CLOUDS OBTAINED FROM LIGHT DETECTION AND RANGING (LIDAR) SENSORS OR DIGITAL ELEVATION MODELS (DEMS).",NA,NA,NA,0,NA
"10.3390/rs15041120",2023,"HUA Z;PAN G;GAO K;LI H;CHEN S","AF-OSD: AN ANCHOR-FREE ORIENTED SHIP DETECTOR BASED ON MULTI-SCALE DENSE-POINT ROTATION GAUSSIAN HEATMAP","REMOTE SENSING","DUE TO THE COMPLEXITY OF AIRBORNE REMOTE SENSING SCENES, STRONG BACKGROUND AND NOISE INTERFERENCE, POSITIVE AND NEGATIVE SAMPLE IMBALANCE, AND MULTIPLE SHIP SCALES, SHIP DETECTION IS A CRITICAL AND CHALLENGING TASK IN REMOTE SENSING. THIS WORK PROPOSES AN END-TO-END ANCHOR-FREE ORIENTED SHIP DETECTOR (AF-OSD) FRAMEWORK BASED ON A MULTI-SCALE DENSE-POINT ROTATION GAUSSIAN HEATMAP (MDP-RGH) TO TACKLE THESE AFOREMENTIONED CHALLENGES. FIRST, TO SOLVE THE SAMPLE IMBALANCE PROBLEM AND SUPPRESS THE INTERFERENCE OF NEGATIVE SAMPLES SUCH AS BACKGROUND AND NOISE, THE ORIENTED SHIP IS MODELED VIA THE PROPOSED MDP-RGH ACCORDING TO ITS SHAPE AND DIRECTION TO GENERATE SHIP LABELS WITH MORE ACCURATE INFORMATION, WHILE THE IMBALANCE BETWEEN POSITIVE AND NEGATIVE SAMPLES IS ADAPTIVELY LEARNED FOR THE SHIPS WITH DIFFERENT SCALES. THEN, THE AF-OSD BASED ON MDP-RGH IS FURTHER DEVISED TO DETECT THE MULTI-SCALE ORIENTED SHIP, WHICH IS THE ACCURATE IDENTIFICATION AND INFORMATION EXTRACTION FOR MULTI-SCALE VESSELS. FINALLY, A MULTI-TASK OBJECT SIZE ADAPTIVE LOSS FUNCTION IS DESIGNED TO GUIDE THE TRAINING PROCESS, IMPROVING ITS DETECTION QUALITY AND PERFORMANCE FOR MULTI-SCALE ORIENTED SHIPS. SIMULATION RESULTS SHOW THAT EXTENSIVE EXPERIMENTS ON HRSC2016 AND DOTA SHIP DATASETS REVEAL THAT THE PROPOSED METHOD ACHIEVES SIGNIFICANTLY OUTPERFORMS THE COMPARED STATE-OF-THE-ART METHODS.","ARTICLE",NA,"ANCHOR-FREE; ARBITRARILY ORIENTED SHIP DETECTION; DEEP LEARNING; GAUSSIAN HEATMAP; MULTI-SCALE",10,"ENVIRONMENTAL SCIENCES & ECOLOGY; GEOLOGY; REMOTE SENSING; IMAGING SCIENCE & PHOTOGRAPHIC TECHNOLOGY"
"10.3390/rs15041120",2023,"HUA Z;PAN G;GAO K;LI H;CHEN S","AF-OSD: AN ANCHOR-FREE ORIENTED SHIP DETECTOR BASED ON MULTI-SCALE DENSE-POINT ROTATION GAUSSIAN HEATMAP","REMOTE SENSING","DUE TO THE COMPLEXITY OF AIRBORNE REMOTE SENSING SCENES, STRONG BACKGROUND AND NOISE INTERFERENCE, POSITIVE AND NEGATIVE SAMPLE IMBALANCE, AND MULTIPLE SHIP SCALES, SHIP DETECTION IS A CRITICAL AND CHALLENGING TASK IN REMOTE SENSING. THIS WORK PROPOSES AN END-TO-END ANCHOR-FREE ORIENTED SHIP DETECTOR (AF-OSD) FRAMEWORK BASED ON A MULTI-SCALE DENSE-POINT ROTATION GAUSSIAN HEATMAP (MDP-RGH) TO TACKLE THESE AFOREMENTIONED CHALLENGES. FIRST, TO SOLVE THE SAMPLE IMBALANCE PROBLEM AND SUPPRESS THE INTERFERENCE OF NEGATIVE SAMPLES SUCH AS BACKGROUND AND NOISE, THE ORIENTED SHIP IS MODELED VIA THE PROPOSED MDP-RGH ACCORDING TO ITS SHAPE AND DIRECTION TO GENERATE SHIP LABELS WITH MORE ACCURATE INFORMATION, WHILE THE IMBALANCE BETWEEN POSITIVE AND NEGATIVE SAMPLES IS ADAPTIVELY LEARNED FOR THE SHIPS WITH DIFFERENT SCALES. THEN, THE AF-OSD BASED ON MDP-RGH IS FURTHER DEVISED TO DETECT THE MULTI-SCALE ORIENTED SHIP, WHICH IS THE ACCURATE IDENTIFICATION AND INFORMATION EXTRACTION FOR MULTI-SCALE VESSELS. FINALLY, A MULTI-TASK OBJECT SIZE ADAPTIVE LOSS FUNCTION IS DESIGNED TO GUIDE THE TRAINING PROCESS, IMPROVING ITS DETECTION QUALITY AND PERFORMANCE FOR MULTI-SCALE ORIENTED SHIPS. SIMULATION RESULTS SHOW THAT EXTENSIVE EXPERIMENTS ON HRSC2016 AND DOTA SHIP DATASETS REVEAL THAT THE PROPOSED METHOD ACHIEVES SIGNIFICANTLY OUTPERFORMS THE COMPARED STATE-OF-THE-ART METHODS. © 2023 BY THE AUTHORS.","ARTICLE",NA,"ANCHOR-FREE; ARBITRARILY ORIENTED SHIP DETECTION; DEEP LEARNING; GAUSSIAN HEATMAP; MULTI-SCALE",10,NA
"10.3390/rs15051411",2023,"ZHANG Y;LU D;QIU X;LI F","SCATTERING-POINT-GUIDED RPN FOR ORIENTED SHIP DETECTION IN SAR IMAGES","REMOTE SENSING","SHIP DETECTION IN SYNTHETIC APERTURE RADAR (SAR) IMAGES HAS ATTRACTED WIDESPREAD ATTENTION DUE TO ITS SIGNIFICANCE AND CHALLENGES. IN RECENT YEARS, NUMEROUS DETECTORS BASED ON DEEP LEARNING HAVE ACHIEVED GOOD PERFORMANCE IN THE FIELD OF SAR SHIP DETECTION. HOWEVER, SHIP TARGETS OF THE SAME TYPE ALWAYS HAVE VARIOUS REPRESENTATIONS IN SAR IMAGES UNDER DIFFERENT IMAGING CONDITIONS, WHILE DIFFERENT TYPES OF SHIPS MAY HAVE A HIGH DEGREE OF SIMILARITY, WHICH CONSIDERABLY COMPLICATES SAR TARGET RECOGNITION. MEANWHILE, THE SHIP TARGET IN THE SAR IMAGE IS ALSO OBSCURED BY BACKGROUND AND NOISE. TO ADDRESS THESE ISSUES, THIS PAPER PROPOSES A NOVEL ORIENTED SHIP DETECTION METHOD IN SAR IMAGES NAMED SPG-OSD. FIRST, WE PROPOSE AN ORIENTED TWO-STAGE DETECTION MODULE BASED ON THE SCATTERING CHARACTERISTICS. SECOND, TO REDUCE FALSE ALARMS AND MISSING SHIPS, WE IMPROVE THE PERFORMANCE OF THE NETWORK BY INCORPORATING SAR SCATTERING CHARACTERISTICS IN THE FIRST STAGE OF THE DETECTOR. A SCATTERING-POINT-GUIDED REGION PROPOSAL NETWORK (RPN) IS DESIGNED TO PREDICT POSSIBLE KEY SCATTERING POINTS AND MAKE THE REGRESSION AND CLASSIFICATION STAGES OF RPN INCREASE ATTENTION TO THE VICINITY OF KEY SCATTERING POINTS AND REDUCE ATTENTION TO BACKGROUND AND NOISE. THIRD, SUPERVISED CONTRASTIVE LEARNING IS INTRODUCED TO ALLEVIATE THE PROBLEM OF MINUTE DISCREPANCIES AMONG SAR OBJECT CLASSES. REGION-OF-INTEREST (ROI) CONTRASTIVE LOSS IS PROPOSED TO ENHANCE INTER-CLASS DISTINCTION AND DIMINISH INTRA-CLASS VARIANCE. EXTENSIVE EXPERIMENTS ARE CONDUCTED ON THE SAR SHIP DETECTION DATASET FROM THE GAOFEN-3 SATELLITE, AND THE EXPERIMENTAL RESULTS DEMONSTRATE THE EFFECTIVENESS OF SPG-OSD AND SHOW THAT OUR METHOD ACHIEVES STATE-OF-THE-ART PERFORMANCE.","ARTICLE",NA,"SHIP DETECTION; DEEP-LEARNING; SCATTERING POINT; CONTRASTIVE LEARNING; SYNTHETIC APERTURE RADAR (SAR)",27,"ENVIRONMENTAL SCIENCES & ECOLOGY; GEOLOGY; REMOTE SENSING; IMAGING SCIENCE & PHOTOGRAPHIC TECHNOLOGY"
"10.3390/rs15051411",2023,"ZHANG Y;LU D;QIU X;LI F","SCATTERING-POINT-GUIDED RPN FOR ORIENTED SHIP DETECTION IN SAR IMAGES","REMOTE SENSING","SHIP DETECTION IN SYNTHETIC APERTURE RADAR (SAR) IMAGES HAS ATTRACTED WIDESPREAD ATTENTION DUE TO ITS SIGNIFICANCE AND CHALLENGES. IN RECENT YEARS, NUMEROUS DETECTORS BASED ON DEEP LEARNING HAVE ACHIEVED GOOD PERFORMANCE IN THE FIELD OF SAR SHIP DETECTION. HOWEVER, SHIP TARGETS OF THE SAME TYPE ALWAYS HAVE VARIOUS REPRESENTATIONS IN SAR IMAGES UNDER DIFFERENT IMAGING CONDITIONS, WHILE DIFFERENT TYPES OF SHIPS MAY HAVE A HIGH DEGREE OF SIMILARITY, WHICH CONSIDERABLY COMPLICATES SAR TARGET RECOGNITION. MEANWHILE, THE SHIP TARGET IN THE SAR IMAGE IS ALSO OBSCURED BY BACKGROUND AND NOISE. TO ADDRESS THESE ISSUES, THIS PAPER PROPOSES A NOVEL ORIENTED SHIP DETECTION METHOD IN SAR IMAGES NAMED SPG-OSD. FIRST, WE PROPOSE AN ORIENTED TWO-STAGE DETECTION MODULE BASED ON THE SCATTERING CHARACTERISTICS. SECOND, TO REDUCE FALSE ALARMS AND MISSING SHIPS, WE IMPROVE THE PERFORMANCE OF THE NETWORK BY INCORPORATING SAR SCATTERING CHARACTERISTICS IN THE FIRST STAGE OF THE DETECTOR. A SCATTERING-POINT-GUIDED REGION PROPOSAL NETWORK (RPN) IS DESIGNED TO PREDICT POSSIBLE KEY SCATTERING POINTS AND MAKE THE REGRESSION AND CLASSIFICATION STAGES OF RPN INCREASE ATTENTION TO THE VICINITY OF KEY SCATTERING POINTS AND REDUCE ATTENTION TO BACKGROUND AND NOISE. THIRD, SUPERVISED CONTRASTIVE LEARNING IS INTRODUCED TO ALLEVIATE THE PROBLEM OF MINUTE DISCREPANCIES AMONG SAR OBJECT CLASSES. REGION-OF-INTEREST (ROI) CONTRASTIVE LOSS IS PROPOSED TO ENHANCE INTER-CLASS DISTINCTION AND DIMINISH INTRA-CLASS VARIANCE. EXTENSIVE EXPERIMENTS ARE CONDUCTED ON THE SAR SHIP DETECTION DATASET FROM THE GAOFEN-3 SATELLITE, AND THE EXPERIMENTAL RESULTS DEMONSTRATE THE EFFECTIVENESS OF SPG-OSD AND SHOW THAT OUR METHOD ACHIEVES STATE-OF-THE-ART PERFORMANCE. © 2023 BY THE AUTHORS.","ARTICLE",NA,"CONTRASTIVE LEARNING; DEEP-LEARNING; SCATTERING POINT; SHIP DETECTION; SYNTHETIC APERTURE RADAR (SAR)",31,NA
"10.3390/rs15174358",2023,"TIAN Y;WANG X;ZHU S;XU F;LIU J;MONTH = J","LMSD-NET: A LIGHTWEIGHT AND HIGH-PERFORMANCE SHIP DETECTION NETWORK FOR OPTICAL REMOTE SENSING IMAGES","REMOTE SENSING","SHIP DETECTION TECHNOLOGY HAS ACHIEVED SIGNIFICANT PROGRESS RECENTLY. HOWEVER, FOR PRACTICAL APPLICATIONS, LIGHTWEIGHT SHIP DETECTION STILL REMAINS A VERY CHALLENGING PROBLEM SINCE SMALL SHIPS HAVE SMALL RELATIVE SCALES IN WIDE IMAGES AND ARE EASILY MISSED IN THE BACKGROUND. TO PROMOTE THE RESEARCH AND APPLICATION OF SMALL-SHIP DETECTION, WE PROPOSE A NEW REMOTE SENSING IMAGE DATASET (VRS-SD V2) AND PROVIDE A FOG SIMULATION METHOD THAT REFLECTS THE ACTUAL BACKGROUND IN REMOTE SENSING SHIP DETECTION. THE EXPERIMENT RESULTS SHOW THAT THE PROPOSED FOG SIMULATION IS BENEFICIAL IN IMPROVING THE ROBUSTNESS OF THE MODEL FOR EXTREME WEATHER. FURTHER, WE PROPOSE A LIGHTWEIGHT DETECTOR (LMSD-NET) FOR SHIP DETECTION. ABLATION EXPERIMENTS INDICATE THE IMPROVED ELA-C3 MODULE CAN EFFICIENTLY EXTRACT FEATURES AND IMPROVE THE DETECTION ACCURACY, AND THE PROPOSED WGC-PANET CAN REDUCE THE MODEL PARAMETERS AND COMPUTATION COMPLEXITY TO ENSURE A LIGHTWEIGHT NATURE. IN ADDITION, WE ADD A CONTEXTUAL TRANSFORMER (COT) BLOCK TO IMPROVE THE LOCALIZATION ACCURACY AND PROPOSE AN IMPROVED LOCALIZATION LOSS SPECIALIZED FOR TINY-SHIP PREDICTION. FINALLY, THE OVERALL PERFORMANCE EXPERIMENTS DEMONSTRATE THAT LMSD-NET IS COMPETITIVE IN LIGHTWEIGHT SHIP DETECTION AMONG THE SOTA MODELS. THE OVERALL PERFORMANCE ACHIEVES 81.3\% IN AP@50 AND COULD MEET THE LIGHTWEIGHT AND REAL-TIME DETECTION REQUIREMENTS.",NA,NA,NA,0,NA
"10.3390/rs16050913",2024,"LIU Y;MA Y;CHEN F;SHANG E;YAO W;ZHANG S;YANG J","YOLOV7OSAR: A LIGHTWEIGHT HIGH-PRECISION SHIP DETECTION MODEL FOR SAR IMAGES BASED ON THE YOLOV7 ALGORITHM","REMOTE SENSING","RESEARCHERS HAVE EXPLORED VARIOUS METHODS TO FULLY EXPLOIT THE ALL-WEATHER CHARACTERISTICS OF SYNTHETIC APERTURE RADAR (SAR) IMAGES TO ACHIEVE HIGH-PRECISION, REAL-TIME, COMPUTATIONALLY EFFICIENT, AND EASILY DEPLOYABLE SHIP TARGET DETECTION MODELS. THESE METHODS INCLUDE CONSTANT FALSE ALARM RATE (CFAR) ALGORITHMS AND DEEP LEARNING APPROACHES SUCH AS RCNN, YOLO, AND SSD, AMONG OTHERS. WHILE THESE METHODS OUTPERFORM TRADITIONAL ALGORITHMS IN SAR SHIP DETECTION, CHALLENGES STILL EXIST IN HANDLING THE ARBITRARY SHIP DISTRIBUTIONS AND SMALL TARGET FEATURES IN SAR REMOTE SENSING IMAGES. EXISTING MODELS ARE COMPLEX, WITH A LARGE NUMBER OF PARAMETERS, HINDERING EFFECTIVE DEPLOYMENT. THIS PAPER INTRODUCES A YOLOV7 ORIENTED BOUNDING BOX SAR SHIP DETECTION MODEL (YOLOV7OSAR). THE MODEL EMPLOYS A ROTATION BOX DETECTION MECHANISM, USES THE KLD LOSS FUNCTION TO ENHANCE ACCURACY, AND INTRODUCES A BI-FORMER ATTENTION MECHANISM TO IMPROVE SMALL TARGET DETECTION. BY REDESIGNING THE NETWORK'S WIDTH AND DEPTH AND INCORPORATING A LIGHTWEIGHT P-ELAN STRUCTURE, THE MODEL EFFECTIVELY REDUCES ITS SIZE AND COMPUTATIONAL REQUIREMENTS. THE PROPOSED MODEL ACHIEVES HIGH-PRECISION DETECTION RESULTS ON THE PUBLIC RSDD DATASET (94.8% OFFSHORE, 66.6% NEARSHORE), AND ITS GENERALIZATION ABILITY IS VALIDATED ON A CUSTOM DATASET (94.2% OVERALL DETECTION ACCURACY).","ARTICLE",NA,"YOLO ALGORITHM; SHIP DETECTION; ORIENTED BOUNDING BOX; SYNTHETIC APERTURE RADAR (SAR) IMAGES",22,"ENVIRONMENTAL SCIENCES & ECOLOGY; GEOLOGY; REMOTE SENSING; IMAGING SCIENCE & PHOTOGRAPHIC TECHNOLOGY"
"10.3390/rs16050913",2024,"LIU Y;MA Y;CHEN F;SHANG E;YAO W;ZHANG S;YANG J","YOLOV7OSAR: A LIGHTWEIGHT HIGH-PRECISION SHIP DETECTION MODEL FOR SAR IMAGES BASED ON THE YOLOV7 ALGORITHM","REMOTE SENSING","RESEARCHERS HAVE EXPLORED VARIOUS METHODS TO FULLY EXPLOIT THE ALL-WEATHER CHARACTERISTICS OF SYNTHETIC APERTURE RADAR (SAR) IMAGES TO ACHIEVE HIGH-PRECISION, REAL-TIME, COMPUTATIONALLY EFFICIENT, AND EASILY DEPLOYABLE SHIP TARGET DETECTION MODELS. THESE METHODS INCLUDE CONSTANT FALSE ALARM RATE (CFAR) ALGORITHMS AND DEEP LEARNING APPROACHES SUCH AS RCNN, YOLO, AND SSD, AMONG OTHERS. WHILE THESE METHODS OUTPERFORM TRADITIONAL ALGORITHMS IN SAR SHIP DETECTION, CHALLENGES STILL EXIST IN HANDLING THE ARBITRARY SHIP DISTRIBUTIONS AND SMALL TARGET FEATURES IN SAR REMOTE SENSING IMAGES. EXISTING MODELS ARE COMPLEX, WITH A LARGE NUMBER OF PARAMETERS, HINDERING EFFECTIVE DEPLOYMENT. THIS PAPER INTRODUCES A YOLOV7 ORIENTED BOUNDING BOX SAR SHIP DETECTION MODEL (YOLOV7OSAR). THE MODEL EMPLOYS A ROTATION BOX DETECTION MECHANISM, USES THE KLD LOSS FUNCTION TO ENHANCE ACCURACY, AND INTRODUCES A BI-FORMER ATTENTION MECHANISM TO IMPROVE SMALL TARGET DETECTION. BY REDESIGNING THE NETWORK’S WIDTH AND DEPTH AND INCORPORATING A LIGHTWEIGHT P-ELAN STRUCTURE, THE MODEL EFFECTIVELY REDUCES ITS SIZE AND COMPUTATIONAL REQUIREMENTS. THE PROPOSED MODEL ACHIEVES HIGH-PRECISION DETECTION RESULTS ON THE PUBLIC RSDD DATASET (94.8% OFFSHORE, 66.6% NEARSHORE), AND ITS GENERALIZATION ABILITY IS VALIDATED ON A CUSTOM DATASET (94.2% OVERALL DETECTION ACCURACY). © 2024 BY THE AUTHORS.","ARTICLE",NA,"ORIENTED BOUNDING BOX; SHIP DETECTION; SYNTHETIC APERTURE RADAR (SAR) IMAGES; YOLO ALGORITHM",24,NA
"10.3390/rs16071145",2024,"ZHAO T;WANG Y;LI Z;GAO Y;CHEN C;FENG H;ZHAO Z","SHIP DETECTION WITH DEEP LEARNING IN OPTICAL REMOTE-SENSING IMAGES: A SURVEY OF CHALLENGES AND ADVANCES","REMOTE SENSING","SHIP DETECTION AIMS TO AUTOMATICALLY IDENTIFY WHETHER THERE ARE SHIPS IN THE IMAGES, PRECISELY CLASSIFIES AND LOCALIZES THEM. REGARDLESS OF WHETHER UTILIZING EARLY MANUALLY DESIGNED METHODS OR DEEP LEARNING TECHNOLOGY, SHIP DETECTION IS DEDICATED TO EXPLORING THE INHERENT CHARACTERISTICS OF SHIPS TO ENHANCE RECALL. NOWADAYS, HIGH-PRECISION SHIP DETECTION PLAYS A CRUCIAL ROLE IN CIVILIAN AND MILITARY APPLICATIONS. IN ORDER TO PROVIDE A COMPREHENSIVE REVIEW OF SHIP DETECTION IN OPTICAL REMOTE-SENSING IMAGES (SDORSIS), THIS PAPER SUMMARIZES THE CHALLENGES AS A GUIDE. THESE CHALLENGES INCLUDE COMPLEX MARINE ENVIRONMENTS, INSUFFICIENT DISCRIMINATIVE FEATURES, LARGE SCALE VARIATIONS, DENSE AND ROTATED DISTRIBUTIONS, LARGE ASPECT RATIOS, AND IMBALANCES BETWEEN POSITIVE AND NEGATIVE SAMPLES. WE METICULOUSLY REVIEW THE IMPROVEMENT METHODS AND CONDUCT A DETAILED ANALYSIS OF THE STRENGTHS AND WEAKNESSES OF THESE METHODS. WE COMPILE SHIP INFORMATION FROM COMMON OPTICAL REMOTE SENSING IMAGE DATASETS AND COMPARE ALGORITHM PERFORMANCE. SIMULTANEOUSLY, WE COMPARE AND ANALYZE THE FEATURE EXTRACTION CAPABILITIES OF BACKBONES BASED ON CNNS AND TRANSFORMER, SEEKING NEW DIRECTIONS FOR THE DEVELOPMENT IN SDORSIS. PROMISING PROSPECTS ARE PROVIDED TO FACILITATE FURTHER RESEARCH IN THE FUTURE.","REVIEW",NA,"SHIP DETECTION; DEEP LEARNING; OPTICAL REMOTE-SENSING IMAGES; CONVOLUTIONAL NEURAL NETWORK; TRANSFORMER",27,"ENVIRONMENTAL SCIENCES & ECOLOGY; GEOLOGY; REMOTE SENSING; IMAGING SCIENCE & PHOTOGRAPHIC TECHNOLOGY"
"10.3390/rs16071145",2024,"ZHAO T;WANG Y;LI Z;GAO Y;CHEN C;FENG H;ZHAO Z","SHIP DETECTION WITH DEEP LEARNING IN OPTICAL REMOTE-SENSING IMAGES: A SURVEY OF CHALLENGES AND ADVANCES","REMOTE SENSING","SHIP DETECTION AIMS TO AUTOMATICALLY IDENTIFY WHETHER THERE ARE SHIPS IN THE IMAGES, PRECISELY CLASSIFIES AND LOCALIZES THEM. REGARDLESS OF WHETHER UTILIZING EARLY MANUALLY DESIGNED METHODS OR DEEP LEARNING TECHNOLOGY, SHIP DETECTION IS DEDICATED TO EXPLORING THE INHERENT CHARACTERISTICS OF SHIPS TO ENHANCE RECALL. NOWADAYS, HIGH-PRECISION SHIP DETECTION PLAYS A CRUCIAL ROLE IN CIVILIAN AND MILITARY APPLICATIONS. IN ORDER TO PROVIDE A COMPREHENSIVE REVIEW OF SHIP DETECTION IN OPTICAL REMOTE-SENSING IMAGES (SDORSIS), THIS PAPER SUMMARIZES THE CHALLENGES AS A GUIDE. THESE CHALLENGES INCLUDE COMPLEX MARINE ENVIRONMENTS, INSUFFICIENT DISCRIMINATIVE FEATURES, LARGE SCALE VARIATIONS, DENSE AND ROTATED DISTRIBUTIONS, LARGE ASPECT RATIOS, AND IMBALANCES BETWEEN POSITIVE AND NEGATIVE SAMPLES. WE METICULOUSLY REVIEW THE IMPROVEMENT METHODS AND CONDUCT A DETAILED ANALYSIS OF THE STRENGTHS AND WEAKNESSES OF THESE METHODS. WE COMPILE SHIP INFORMATION FROM COMMON OPTICAL REMOTE SENSING IMAGE DATASETS AND COMPARE ALGORITHM PERFORMANCE. SIMULTANEOUSLY, WE COMPARE AND ANALYZE THE FEATURE EXTRACTION CAPABILITIES OF BACKBONES BASED ON CNNS AND TRANSFORMER, SEEKING NEW DIRECTIONS FOR THE DEVELOPMENT IN SDORSIS. PROMISING PROSPECTS ARE PROVIDED TO FACILITATE FURTHER RESEARCH IN THE FUTURE. © 2024 BY THE AUTHORS.","REVIEW",NA,"CONVOLUTIONAL NEURAL NETWORK; DEEP LEARNING; OPTICAL REMOTE-SENSING IMAGES; SHIP DETECTION; TRANSFORMER",35,NA
"10.3390/rs16071145",2024,"ZHAO T;WANG Y;LI Z;GAO Y;CHEN C;FENG H;ZHAO Z;MONTH = J","SHIP DETECTION WITH DEEP LEARNING IN OPTICAL REMOTE-SENSING IMAGES: A SURVEY OF CHALLENGES AND ADVANCES","REMOTE SENSING","SHIP DETECTION AIMS TO AUTOMATICALLY IDENTIFY WHETHER THERE ARE SHIPS IN THE IMAGES, PRECISELY CLASSIFIES AND LOCALIZES THEM. REGARDLESS OF WHETHER UTILIZING EARLY MANUALLY DESIGNED METHODS OR DEEP LEARNING TECHNOLOGY, SHIP DETECTION IS DEDICATED TO EXPLORING THE INHERENT CHARACTERISTICS OF SHIPS TO ENHANCE RECALL. NOWADAYS, HIGH-PRECISION SHIP DETECTION PLAYS A CRUCIAL ROLE IN CIVILIAN AND MILITARY APPLICATIONS. IN ORDER TO PROVIDE A COMPREHENSIVE REVIEW OF SHIP DETECTION IN OPTICAL REMOTE-SENSING IMAGES (SDORSIS), THIS PAPER SUMMARIZES THE CHALLENGES AS A GUIDE. THESE CHALLENGES INCLUDE COMPLEX MARINE ENVIRONMENTS, INSUFFICIENT DISCRIMINATIVE FEATURES, LARGE SCALE VARIATIONS, DENSE AND ROTATED DISTRIBUTIONS, LARGE ASPECT RATIOS, AND IMBALANCES BETWEEN POSITIVE AND NEGATIVE SAMPLES. WE METICULOUSLY REVIEW THE IMPROVEMENT METHODS AND CONDUCT A DETAILED ANALYSIS OF THE STRENGTHS AND WEAKNESSES OF THESE METHODS. WE COMPILE SHIP INFORMATION FROM COMMON OPTICAL REMOTE SENSING IMAGE DATASETS AND COMPARE ALGORITHM PERFORMANCE. SIMULTANEOUSLY, WE COMPARE AND ANALYZE THE FEATURE EXTRACTION CAPABILITIES OF BACKBONES BASED ON CNNS AND TRANSFORMER, SEEKING NEW DIRECTIONS FOR THE DEVELOPMENT IN SDORSIS. PROMISING PROSPECTS ARE PROVIDED TO FACILITATE FURTHER RESEARCH IN THE FUTURE.",NA,NA,NA,0,NA
"10.3390/rs16224312",2024,"LI J;LI J;ZHANG K;LI X;CHEN Z;MONTH = J","ENHANCED FISHING MONITORING IN THE CENTRAL-EASTERN NORTH PACIFIC USING DEEP LEARNING WITH NIGHTLY REMOTE SENSING","REMOTE SENSING","THE TIMELY AND ACCURATE MONITORING OF HIGH-SEAS FISHERIES IS ESSENTIAL FOR EFFECTIVE MANAGEMENT. HOWEVER, EFFORTS TO MONITOR INDUSTRY FISHING VESSELS IN THE CENTRAL-EASTERN NORTH PACIFIC HAVE BEEN HAMPERED BY FREQUENT CLOUD COVER AND SOLAR ILLUMINATION INTERFERENCE. IN THIS STUDY, ENHANCED FISHING EXTRACTION ALGORITHMS BASED ON COMPUTER VISION WERE DEVELOPED AND TESTED. THE RESULTS SHOWED THAT YOLO-BASED COMPUTER VISION MODELS EFFECTIVELY DETECTED DENSE SMALL FISHING TARGETS, WITH ORIGINAL YOLOV8 ACHIEVING A PRECISION (P) OF 89\% AND A RECALL (R) OF 79\%, WHILE REFINED VERSIONS IMPROVED THESE METRICS TO 93\% AND 99\%, RESPECTIVELY. COMPARED WITH TRADITIONAL THRESHOLD METHODS, THE YOLO-BASED ENHANCED MODELS SHOWED SIGNIFICANTLY HIGHER ACCURACY. WHILE THE THRESHOLD METHOD COULD IDENTIFY SIMILAR TREND CHANGES, IT LACKED PRECISION IN DETECTING INDIVIDUAL TARGETS, ESPECIALLY IN BLURRY SCENARIOS. USING OUR TRAINED COMPUTER VISION MODEL, WE ESTABLISHED A DATASET OF DYNAMIC CHANGES IN FISHING VESSELS OVER THE PAST DECADE. THIS RESEARCH PROVIDES AN ACCURATE AND REPRODUCIBLE PROCESS FOR PRECISE MONITORING OF LIT FISHERIES IN THE NORTH PACIFIC, LEVERAGING THE OPERATIONAL AND NEAR-REAL-TIME CAPABILITIES OF GOOGLE EARTH ENGINE AND COMPUTER VISION. THE APPROACH CAN ALSO BE APPLIED TO DYNAMIC MONITORING OF INDUSTRIAL LIT FISHING VESSELS IN OTHER REGIONS.",NA,NA,NA,0,NA
"10.3390/rs16244760",2024,"HUANG Y;WANG D;WU B;AN D","NST-YOLO11: VIT MERGED MODEL WITH NEURON ATTENTION FOR ARBITRARY-ORIENTED SHIP DETECTION IN SAR IMAGES","REMOTE SENSING","DUE TO THE SIGNIFICANT DISCREPANCIES IN THE DISTRIBUTION OF SHIPS IN NEARSHORE AND OFFSHORE AREAS, THE WIDE RANGE OF THEIR SIZE, AND THE RANDOMNESS OF TARGET ORIENTATION IN THE SEA, TRADITIONAL DETECTION MODELS IN THE FIELD OF COMPUTER VISION STRUGGLE TO ACHIEVE PERFORMANCE IN SAR IMAGE SHIP TARGET DETECTION COMPARABLE TO THAT IN OPTICAL IMAGE DETECTION. THIS PAPER PROPOSES AN ORIENTED SHIP TARGET DETECTION MODEL BASED ON THE YOLO11 ALGORITHM, NEURAL SWIN TRANSFORMER-YOLO11 (NST-YOLO11). THE PROPOSED MODEL INTEGRATES AN IMPROVED SWIN TRANSFORMER MODULE CALLED NEURAL SWIN-T AND A CROSS-STAGE CONNECTED SPATIAL PYRAMID POOLING-FAST (CS-SPPF) MODULE. BY INTRODUCING A SPATIAL/CHANNEL UNIFIED ATTENTION MECHANISM WITH NEURON SUPPRESSION IN THE SPATIAL DOMAIN, THE INFORMATION REDUNDANCY GENERATED BY THE LOCAL WINDOW SELF-ATTENTION MODULE IN THE SWIN TRANSFORMER BLOCK IS CUT OFF. FURTHERMORE, THE IDEA OF CROSS-STAGE PARTIAL (CSP) CONNECTIONS IS APPLIED TO THE FAST SPATIAL PYRAMID POOLING (SPPF) MODULE, EFFECTIVELY ENHANCING THE ABILITY TO RETAIN INFORMATION IN MULTI-SCALE FEATURE EXTRACTION. EXPERIMENTS CONDUCTED ON THE ROTATED SHIP DETECTION DATASET IN SAR IMAGES (RSDD-SAR) AND THE SAR SHIP DETECTION DATASET (SSDD+) AND COMPARISONS WITH OTHER ORIENTED DETECTION MODELS DEMONSTRATE THAT THE PROPOSED NST-YOLO11 ACHIEVES STATE-OF-THE-ART DETECTION PERFORMANCE, DEMONSTRATE OUTSTANDING GENERALIZATION ABILITY AND ROBUSTNESS OF THE PROPOSED MODEL.","ARTICLE",NA,"NEURAL NETWORK; ORIENTED DETECTION; REMOTE SENSING; SHIP DETECTION; SYNTHETIC APERTURE RADAR (SAR)",19,"ENVIRONMENTAL SCIENCES & ECOLOGY; GEOLOGY; REMOTE SENSING; IMAGING SCIENCE & PHOTOGRAPHIC TECHNOLOGY"
"10.3390/rs16244760",2024,"HUANG Y;WANG D;WU B;AN D","NST-YOLO11: VIT MERGED MODEL WITH NEURON ATTENTION FOR ARBITRARY-ORIENTED SHIP DETECTION IN SAR IMAGES","REMOTE SENSING","DUE TO THE SIGNIFICANT DISCREPANCIES IN THE DISTRIBUTION OF SHIPS IN NEARSHORE AND OFFSHORE AREAS, THE WIDE RANGE OF THEIR SIZE, AND THE RANDOMNESS OF TARGET ORIENTATION IN THE SEA, TRADITIONAL DETECTION MODELS IN THE FIELD OF COMPUTER VISION STRUGGLE TO ACHIEVE PERFORMANCE IN SAR IMAGE SHIP TARGET DETECTION COMPARABLE TO THAT IN OPTICAL IMAGE DETECTION. THIS PAPER PROPOSES AN ORIENTED SHIP TARGET DETECTION MODEL BASED ON THE YOLO11 ALGORITHM, NEURAL SWIN TRANSFORMER-YOLO11 (NST-YOLO11). THE PROPOSED MODEL INTEGRATES AN IMPROVED SWIN TRANSFORMER MODULE CALLED NEURAL SWIN-T AND A CROSS-STAGE CONNECTED SPATIAL PYRAMID POOLING-FAST (CS-SPPF) MODULE. BY INTRODUCING A SPATIAL/CHANNEL UNIFIED ATTENTION MECHANISM WITH NEURON SUPPRESSION IN THE SPATIAL DOMAIN, THE INFORMATION REDUNDANCY GENERATED BY THE LOCAL WINDOW SELF-ATTENTION MODULE IN THE SWIN TRANSFORMER BLOCK IS CUT OFF. FURTHERMORE, THE IDEA OF CROSS-STAGE PARTIAL (CSP) CONNECTIONS IS APPLIED TO THE FAST SPATIAL PYRAMID POOLING (SPPF) MODULE, EFFECTIVELY ENHANCING THE ABILITY TO RETAIN INFORMATION IN MULTI-SCALE FEATURE EXTRACTION. EXPERIMENTS CONDUCTED ON THE ROTATED SHIP DETECTION DATASET IN SAR IMAGES (RSDD-SAR) AND THE SAR SHIP DETECTION DATASET (SSDD+) AND COMPARISONS WITH OTHER ORIENTED DETECTION MODELS DEMONSTRATE THAT THE PROPOSED NST-YOLO11 ACHIEVES STATE-OF-THE-ART DETECTION PERFORMANCE, DEMONSTRATE OUTSTANDING GENERALIZATION ABILITY AND ROBUSTNESS OF THE PROPOSED MODEL. © 2024 BY THE AUTHORS.","ARTICLE",NA,"NEURAL NETWORK; ORIENTED DETECTION; REMOTE SENSING; SHIP DETECTION; SYNTHETIC APERTURE RADAR (SAR)",21,NA
"10.3390/rs17040643",2025,"ZHONG J;LIU L;SONG F;LI Y;XUE Y","RACR-SHIPDET: A SHIP ORIENTATION DETECTION METHOD BASED ON ROTATION-ADAPTIVE CONVNEXT AND ENHANCED REPBIFPAN","REMOTE SENSING","SHIP ORIENTATION DETECTION IS ESSENTIAL FOR MARITIME NAVIGATION, TRAFFIC MONITORING, AND DEFENSE, YET EXISTING METHODS FACE CHALLENGES WITH ROTATIONAL INVARIANCE IN LARGE-ANGLE SCENARIOS, DIFFICULTIES IN MULTI-SCALE FEATURE FUSION, AND THE LIMITATIONS OF TRADITIONAL IOU WHEN DETECTING ORIENTED OBJECTS AND PREDICTING OBJECTS' ORIENTATION. IN THIS ARTICLE, WE PROPOSE A NOVEL SHIP ORIENTATION DETECTION (RACR-SHIPDET) NETWORK BASED ON ROTATION-ADAPTIVE CONVNEXT AND ENHANCED REPBIFPAN IN REMOTE SENSING IMAGES. TO EQUIP THE MODEL WITH ROTATIONAL INVARIANCE, CONVNEXT IS FIRST IMPROVED SO THAT IT CAN DYNAMICALLY ADJUST THE ROTATION ANGLE AND CONVOLUTION KERNEL THROUGH ADAPTIVE ROTATION CONVOLUTION, NAMELY, ARRCONV, FORMING A NEW ARCHITECTURE CALLED ROTCONVNEXT. SUBSEQUENTLY, THE REPBIFPAN, ENHANCED WITH THE WEIGHTED FEATURE AGGREGATION MODULE, IS EMPLOYED TO PRIORITIZE INFORMATIVE FEATURES BY DYNAMICALLY ASSIGNING ADAPTIVE WEIGHTS, EFFECTIVELY REDUCING THE INFLUENCE OF REDUNDANT OR IRRELEVANT FEATURES AND IMPROVING FEATURE REPRESENTATION. MOREOVER, A MORE STABLE VERSION OF KFIOU IS PROPOSED, NAMED SCKFIOU, WHICH IMPROVES THE ACCURACY AND STABILITY OF OVERLAP CALCULATION BY INTRODUCING A SMALL PERTURBATION TERM AND UTILIZING CHOLESKY DECOMPOSITION FOR EFFICIENT MATRIX INVERSION AND DETERMINANT CALCULATION. EVALUATIONS USING THE DOTA-ORSHIP DATASET DEMONSTRATE THAT RACR-SHIPDET OUTPERFORMS CURRENT STATE-OF-THE-ART MODELS, ACHIEVING AN MAP OF 95.3%, REPRESENTING AN IMPROVEMENT OF 5.3% OVER PSC (90.0%) AND OF 1.9% OVER HDDET (93.4%). FURTHERMORE, IT DEMONSTRATES A SUPERIOR ORIENTATION ACCURACY OF 96.9%, EXCEEDING HDDET BY A MARGIN OF 5.0%, ESTABLISHING ITSELF AS A ROBUST SOLUTION FOR SHIP ORIENTATION DETECTION IN COMPLEX ENVIRONMENTS.","ARTICLE",NA,"SHIP ORIENTATION DETECTION; DEEP LEARNING; CONVNEXT; FEATURE FUSION; REMOTE SENSING",0,"ENVIRONMENTAL SCIENCES & ECOLOGY; GEOLOGY; REMOTE SENSING; IMAGING SCIENCE & PHOTOGRAPHIC TECHNOLOGY"
"10.3390/rs17040643",2025,"ZHONG J;LIU L;SONG F;LI Y;XUE Y","RACR-SHIPDET: A SHIP ORIENTATION DETECTION METHOD BASED ON ROTATION-ADAPTIVE CONVNEXT AND ENHANCED REPBIFPAN","REMOTE SENSING","SHIP ORIENTATION DETECTION IS ESSENTIAL FOR MARITIME NAVIGATION, TRAFFIC MONITORING, AND DEFENSE, YET EXISTING METHODS FACE CHALLENGES WITH ROTATIONAL INVARIANCE IN LARGE-ANGLE SCENARIOS, DIFFICULTIES IN MULTI-SCALE FEATURE FUSION, AND THE LIMITATIONS OF TRADITIONAL IOU WHEN DETECTING ORIENTED OBJECTS AND PREDICTING OBJECTS’ ORIENTATION. IN THIS ARTICLE, WE PROPOSE A NOVEL SHIP ORIENTATION DETECTION (RACR-SHIPDET) NETWORK BASED ON ROTATION-ADAPTIVE CONVNEXT AND ENHANCED REPBIFPAN IN REMOTE SENSING IMAGES. TO EQUIP THE MODEL WITH ROTATIONAL INVARIANCE, CONVNEXT IS FIRST IMPROVED SO THAT IT CAN DYNAMICALLY ADJUST THE ROTATION ANGLE AND CONVOLUTION KERNEL THROUGH ADAPTIVE ROTATION CONVOLUTION, NAMELY, ARRCONV, FORMING A NEW ARCHITECTURE CALLED ROTCONVNEXT. SUBSEQUENTLY, THE REPBIFPAN, ENHANCED WITH THE WEIGHTED FEATURE AGGREGATION MODULE, IS EMPLOYED TO PRIORITIZE INFORMATIVE FEATURES BY DYNAMICALLY ASSIGNING ADAPTIVE WEIGHTS, EFFECTIVELY REDUCING THE INFLUENCE OF REDUNDANT OR IRRELEVANT FEATURES AND IMPROVING FEATURE REPRESENTATION. MOREOVER, A MORE STABLE VERSION OF KFIOU IS PROPOSED, NAMED SCKFIOU, WHICH IMPROVES THE ACCURACY AND STABILITY OF OVERLAP CALCULATION BY INTRODUCING A SMALL PERTURBATION TERM AND UTILIZING CHOLESKY DECOMPOSITION FOR EFFICIENT MATRIX INVERSION AND DETERMINANT CALCULATION. EVALUATIONS USING THE DOTA-ORSHIP DATASET DEMONSTRATE THAT RACR-SHIPDET OUTPERFORMS CURRENT STATE-OF-THE-ART MODELS, ACHIEVING AN MAP OF 95.3%, REPRESENTING AN IMPROVEMENT OF 5.3% OVER PSC (90.0%) AND OF 1.9% OVER HDDET (93.4%). FURTHERMORE, IT DEMONSTRATES A SUPERIOR ORIENTATION ACCURACY OF 96.9%, EXCEEDING HDDET BY A MARGIN OF 5.0%, ESTABLISHING ITSELF AS A ROBUST SOLUTION FOR SHIP ORIENTATION DETECTION IN COMPLEX ENVIRONMENTS. © 2025 BY THE AUTHORS.","ARTICLE",NA,"CONVNEXT; DEEP LEARNING; FEATURE FUSION; REMOTE SENSING; SHIP ORIENTATION DETECTION",0,NA
"10.3390/rs17091570",2025,"CAO W;ZHAO X;WANG H;HU Y","WTDBNET: A WAVELET TRANSFORM-BASED DUAL-STREAM BACKBONE NETWORK FOR FINE-GRAINED SHIP DETECTION","REMOTE SENSING","FINE-GRAINED SHIP DETECTION TASKS REQUIRE MODELS TO ACCURATELY CLASSIFY FINE-GRAINED CATEGORIES AND PRECISELY LOCALIZE THEM WITHIN COMPLEX BACKGROUNDS, RELYING ON DETAILED FEATURES. THE CHALLENGES OF THIS TASK MAINLY LIE IN BIRD'S-EYE VIEWPOINTS, SCALE VARIATIONS, ROTATIONAL CHANGES, AND ENVIRONMENTAL FACTORS, WHICH LEAD TO MINOR INTER-CLASS DIFFERENCES AND SIGNIFICANT INTRA-CLASS VARIATIONS. THIS PAPER PRESENTS A NOVEL MODEL, CALLED WAVELET TRANSFORM-BASED DUAL-STREAM BACKBONE NETWORK (WTDBNET), WHICH EFFECTIVELY INTEGRATES THREE KEY STRENGTHS: THE ABILITY OF THE TRANSFORMER TO MODEL LONG-RANGE DEPENDENCIES FOR GLOBAL CONTEXT, THE CAPABILITY OF CONVOLUTIONAL NEURAL NETWORKS TO EXTRACT DETAILED LOCAL FEATURES, AND THE EFFICIENCY OF WAVELET TRANSFORM IN FREQUENCY-DOMAIN DECOMPOSITION FOR ENHANCING EDGES AND TEXTURE DETAILS. THESE COMPONENTS ARE FUSED VIA CHANNEL AND SPATIAL ATTENTION MECHANISMS, THEREBY IMPROVING THE MODEL'S ABILITY TO EXTRACT DISCRIMINATIVE FEATURES. THE EFFECTIVENESS OF WTDBNET IS VALIDATED ON TWO WIDELY USED BENCHMARKS FOR FINE-GRAINED ORIENTED SHIP DETECTION, AS WELL AS ON A SELF-CONSTRUCTED DATASET DESIGNED TO REPRESENT COMPLEX SCENARIOS. EXPERIMENTAL RESULTS DEMONSTRATE THE SUPERIOR PERFORMANCE OF THE PROPOSED METHOD.","ARTICLE",NA,"DEEP LEARNING; REMOTE SENSING IMAGES; FINE-GRAINED SHIP DETECTION; CNN; TRANSFORMER; WAVELET TRANSFORM",0,"ENVIRONMENTAL SCIENCES & ECOLOGY; GEOLOGY; REMOTE SENSING; IMAGING SCIENCE & PHOTOGRAPHIC TECHNOLOGY"
"10.3390/rs17091570",2025,"CAO W;ZHAO X;WANG H;HU Y","WTDBNET: A WAVELET TRANSFORM-BASED DUAL-STREAM BACKBONE NETWORK FOR FINE-GRAINED SHIP DETECTION","REMOTE SENSING","FINE-GRAINED SHIP DETECTION TASKS REQUIRE MODELS TO ACCURATELY CLASSIFY FINE-GRAINED CATEGORIES AND PRECISELY LOCALIZE THEM WITHIN COMPLEX BACKGROUNDS, RELYING ON DETAILED FEATURES. THE CHALLENGES OF THIS TASK MAINLY LIE IN BIRD’S-EYE VIEWPOINTS, SCALE VARIATIONS, ROTATIONAL CHANGES, AND ENVIRONMENTAL FACTORS, WHICH LEAD TO MINOR INTER-CLASS DIFFERENCES AND SIGNIFICANT INTRA-CLASS VARIATIONS. THIS PAPER PRESENTS A NOVEL MODEL, CALLED WAVELET TRANSFORM-BASED DUAL-STREAM BACKBONE NETWORK (WTDBNET), WHICH EFFECTIVELY INTEGRATES THREE KEY STRENGTHS: THE ABILITY OF THE TRANSFORMER TO MODEL LONG-RANGE DEPENDENCIES FOR GLOBAL CONTEXT, THE CAPABILITY OF CONVOLUTIONAL NEURAL NETWORKS TO EXTRACT DETAILED LOCAL FEATURES, AND THE EFFICIENCY OF WAVELET TRANSFORM IN FREQUENCY-DOMAIN DECOMPOSITION FOR ENHANCING EDGES AND TEXTURE DETAILS. THESE COMPONENTS ARE FUSED VIA CHANNEL AND SPATIAL ATTENTION MECHANISMS, THEREBY IMPROVING THE MODEL’S ABILITY TO EXTRACT DISCRIMINATIVE FEATURES. THE EFFECTIVENESS OF WTDBNET IS VALIDATED ON TWO WIDELY USED BENCHMARKS FOR FINE-GRAINED ORIENTED SHIP DETECTION, AS WELL AS ON A SELF-CONSTRUCTED DATASET DESIGNED TO REPRESENT COMPLEX SCENARIOS. EXPERIMENTAL RESULTS DEMONSTRATE THE SUPERIOR PERFORMANCE OF THE PROPOSED METHOD. © 2025 BY THE AUTHORS.","ARTICLE",NA,"CNN; DEEP LEARNING; FINE-GRAINED SHIP DETECTION; REMOTE SENSING IMAGES; TRANSFORMER; WAVELET TRANSFORM",0,NA
"10.3390/rs17183170",2025,"ROCHA R;FIGUEIREDO F;MONTH = J","ENHANCING YOLO-BASED SAR SHIP DETECTION WITH ATTENTION MECHANISMS","REMOTE SENSING","THIS STUDY ENHANCES SYNTHETIC APERTURE RADAR (SAR) SHIP DETECTION BY INTEGRATING ATTENTION MECHANISMS, BI-LEVEL ROUTING ATTENTION (BRA), SWIN TRANSFORMER, AND A CONVOLUTIONAL BLOCK ATTENTION MODULE (CBAM) INTO STATE-OF-THE-ART YOLO ARCHITECTURES (YOLOV11 AND V12). ADDRESSING CHALLENGES LIKE SMALL SHIP SIZES AND COMPLEX MARITIME BACKGROUNDS IN SAR IMAGERY, WE SYSTEMATICALLY EVALUATE THE IMPACT OF ADDING AND REPLACING ATTENTION LAYERS AT STRATEGIC POSITIONS WITHIN THE MODELS. EXPERIMENTS REVEAL THAT REPLACING THE ORIGINAL ATTENTION LAYER AT POSITION 4 (C3K2 MODULE) WITH THE CBAM IN YOLOV12 ACHIEVES OPTIMAL PERFORMANCE, ATTAINING AN MAP@0.5 OF 98.0\% ON THE SAR SHIP DATASET (SSD), SURPASSING BASELINE YOLOV12 (97.8\%) AND PRIOR WORKS. THE OPTIMIZED CBAM-ENHANCED YOLOV12 ALSO REDUCES COMPUTATIONAL COSTS (5.9 GFLOPS VS. 6.5 GFLOPS IN THE BASELINE). CROSS-DATASET VALIDATION ON THE SAR SHIP DETECTION DATASET (SSDD) CONFIRMS CONSISTENT IMPROVEMENTS, UNDERSCORING THE EFFICACY OF TARGETED ATTENTION-LAYER REPLACEMENT FOR SAR-SPECIFIC CHALLENGES. ADDITIONALLY, TESTS ON THE SADD AND MSAR DATASETS DEMONSTRATE THAT THIS OPTIMIZATION GENERALIZES BEYOND SHIP DETECTION, YIELDING GAINS IN AIRCRAFT DETECTION AND MULTI-CLASS SAR OBJECT RECOGNITION. THIS WORK ESTABLISHES A ROBUST FRAMEWORK FOR EFFICIENT, HIGH-PRECISION MARITIME SURVEILLANCE USING DEEP LEARNING.",NA,NA,NA,0,NA
"10.3390/rs17223774",2025,"LEE D;HONG J;SEO H;OH H","KFGOD: A FINE-GRAINED OBJECT DETECTION DATASET IN KOMPSAT SATELLITE IMAGERY","REMOTE SENSING","HIGHLIGHTS WHAT ARE THE MAIN FINDINGS? KFGOD PROVIDES APPROXIMATELY 880K OBJECT INSTANCES ACROSS 33 FINE-GRAINED CLASSES FROM HOMOGENEOUS KOMPSAT-3/3A IMAGERY (0.55-0.7 M RESOLUTION), WITH DUAL OBB+HBB ANNOTATIONS. THE DATASET'S UNIQUE SENSOR HOMOGENEITY (KOMPSAT-3/3A ONLY) PROVIDES A WELL-CONTROLLED, SENSOR-CONSISTENT BENCHMARK THAT MINIMIZES SENSOR-INDUCED DOMAIN GAPS AND ENABLES A FAIR COMPARISON OF THE DETECTION ALGORITHMS. WHAT ARE THE IMPLICATIONS OF THE MAIN FINDINGS? BENCHMARK RESULTS (SOTA MAP 63.9%) VALIDATE KFGOD AS A CHALLENGING BENCHMARK, HIGHLIGHTING CRITICAL, REAL-WORLD RESEARCH PROBLEMS IN FINE-GRAINED, LONG-TAIL, AND ORIENTED OBJECT DETECTION. MULTI-FORMAT LABEL SUPPORT AND DEMONSTRATED REAL-WORLD USE CASES (E.G., KOREA COAST GUARD MARITIME SURVEILLANCE) SHOW THAT KFGOD IS PRACTICALLY USEFUL AND GENERALIZES WELL TO DIVERSE HIGH-RESOLUTION SATELLITE IMAGERY.HIGHLIGHTS WHAT ARE THE MAIN FINDINGS? KFGOD PROVIDES APPROXIMATELY 880K OBJECT INSTANCES ACROSS 33 FINE-GRAINED CLASSES FROM HOMOGENEOUS KOMPSAT-3/3A IMAGERY (0.55-0.7 M RESOLUTION), WITH DUAL OBB+HBB ANNOTATIONS. THE DATASET'S UNIQUE SENSOR HOMOGENEITY (KOMPSAT-3/3A ONLY) PROVIDES A WELL-CONTROLLED, SENSOR-CONSISTENT BENCHMARK THAT MINIMIZES SENSOR-INDUCED DOMAIN GAPS AND ENABLES A FAIR COMPARISON OF THE DETECTION ALGORITHMS. WHAT ARE THE IMPLICATIONS OF THE MAIN FINDINGS? BENCHMARK RESULTS (SOTA MAP 63.9%) VALIDATE KFGOD AS A CHALLENGING BENCHMARK, HIGHLIGHTING CRITICAL, REAL-WORLD RESEARCH PROBLEMS IN FINE-GRAINED, LONG-TAIL, AND ORIENTED OBJECT DETECTION. MULTI-FORMAT LABEL SUPPORT AND DEMONSTRATED REAL-WORLD USE CASES (E.G., KOREA COAST GUARD MARITIME SURVEILLANCE) SHOW THAT KFGOD IS PRACTICALLY USEFUL AND GENERALIZES WELL TO DIVERSE HIGH-RESOLUTION SATELLITE IMAGERY.ABSTRACT OBJECT DETECTION IN HIGH-RESOLUTION SATELLITE IMAGERY IS A CRITICAL TECHNOLOGY FOR VARIOUS APPLICATIONS, YET IT FACES PERSISTENT CHALLENGES DUE TO EXTREME VARIATIONS IN OBJECT SCALE, ORIENTATION, AND DENSITY. THE DEVELOPMENT OF NUMEROUS PUBLIC DATASETS HAS BEEN PIVOTAL FOR ADVANCING THE FIELD. TO CONTINUE THIS PROGRESS AND EXPAND THE DIVERSITY OF SENSOR DATA AVAILABLE FOR RESEARCH, WE INTRODUCE THE KOMPSAT FINE-GRAINED OBJECT DETECTION (KFGOD) DATASET, A NEW LARGE-SCALE BENCHMARK FOR FINE-GRAINED OBJECT DETECTION. KFGOD IS UNIQUELY CONSTRUCTED USING 70 CM AND 55 CM RESOLUTION OPTICAL IMAGERY FROM THE KOMPSAT-3 AND 3A SATELLITES, SOURCES NOT COVERED BY EXISTING MAJOR DATASETS. IT PROVIDES APPROXIMATELY 880,000 OBJECT INSTANCES ACROSS 33 FINE-GRAINED CLASSES, ENCOMPASSING A WIDE RANGE OF SHIPS, AIRCRAFT, VEHICLES, AND INFRASTRUCTURE. THE DATASET ENSURES HIGH QUALITY AND SENSOR CONSISTENCY, COVERING DIVERSE GEOGRAPHICAL REGIONS WORLDWIDE TO PROMOTE MODEL GENERALIZATION. FOR PRECISE LOCALIZATION, ALL OBJECTS ARE ANNOTATED WITH BOTH ORIENTED (OBB) AND HORIZONTAL (HBB) BOUNDING BOXES. COMPREHENSIVE EXPERIMENTS WITH STATE-OF-THE-ART DETECTION MODELS PROVIDE BENCHMARK RESULTS AND HIGHLIGHT THE CHALLENGING NATURE OF THE DATASET, PARTICULARLY IN DISTINGUISHING BETWEEN VISUALLY SIMILAR FINE-GRAINED CLASSES. THE KFGOD DATASET IS PUBLICLY AVAILABLE AND AIMS TO FOSTER FURTHER RESEARCH IN FINE-GRAINED OBJECT DETECTION AND ANALYSIS OF HIGH-RESOLUTION SATELLITE IMAGERY.","ARTICLE",NA,"FINE-GRAINED OBJECT DETECTION; KOMPSAT; LARGE-SCALE DATASET; SATELLITE IMAGERY; ARTIFICIAL INTELLIGENCE; REMOTE SENSING",0,"ENVIRONMENTAL SCIENCES & ECOLOGY; GEOLOGY; REMOTE SENSING; IMAGING SCIENCE & PHOTOGRAPHIC TECHNOLOGY"
"10.3390/rs17223774",2025,"LEE D;HONG J;SEO H;OH H","KFGOD: A FINE-GRAINED OBJECT DETECTION DATASET IN KOMPSAT SATELLITE IMAGERY","REMOTE SENSING","HIGHLIGHTS: WHAT ARE THE MAIN FINDINGS? KFGOD PROVIDES APPROXIMATELY 880K OBJECT INSTANCES ACROSS 33 FINE-GRAINED CLASSES FROM HOMOGENEOUS KOMPSAT-3/3A IMAGERY (0.55–0.7 M RESOLUTION), WITH DUAL OBB+HBB ANNOTATIONS. THE DATASET’S UNIQUE SENSOR HOMOGENEITY (KOMPSAT-3/3A ONLY) PROVIDES A WELL-CONTROLLED, SENSOR-CONSISTENT BENCHMARK THAT MINIMIZES SENSOR-INDUCED DOMAIN GAPS AND ENABLES A FAIR COMPARISON OF THE DETECTION ALGORITHMS. WHAT ARE THE IMPLICATIONS OF THE MAIN FINDINGS? BENCHMARK RESULTS (SOTA MAP 63.9%) VALIDATE KFGOD AS A CHALLENGING BENCHMARK, HIGHLIGHTING CRITICAL, REAL-WORLD RESEARCH PROBLEMS IN FINE-GRAINED, LONG-TAIL, AND ORIENTED OBJECT DETECTION. MULTI-FORMAT LABEL SUPPORT AND DEMONSTRATED REAL-WORLD USE CASES (E.G., KOREA COAST GUARD MARITIME SURVEILLANCE) SHOW THAT KFGOD IS PRACTICALLY USEFUL AND GENERALIZES WELL TO DIVERSE HIGH-RESOLUTION SATELLITE IMAGERY. OBJECT DETECTION IN HIGH-RESOLUTION SATELLITE IMAGERY IS A CRITICAL TECHNOLOGY FOR VARIOUS APPLICATIONS, YET IT FACES PERSISTENT CHALLENGES DUE TO EXTREME VARIATIONS IN OBJECT SCALE, ORIENTATION, AND DENSITY. THE DEVELOPMENT OF NUMEROUS PUBLIC DATASETS HAS BEEN PIVOTAL FOR ADVANCING THE FIELD. TO CONTINUE THIS PROGRESS AND EXPAND THE DIVERSITY OF SENSOR DATA AVAILABLE FOR RESEARCH, WE INTRODUCE THE KOMPSAT FINE-GRAINED OBJECT DETECTION (KFGOD) DATASET, A NEW LARGE-SCALE BENCHMARK FOR FINE-GRAINED OBJECT DETECTION. KFGOD IS UNIQUELY CONSTRUCTED USING 70 CM AND 55 CM RESOLUTION OPTICAL IMAGERY FROM THE KOMPSAT-3 AND 3A SATELLITES, SOURCES NOT COVERED BY EXISTING MAJOR DATASETS. IT PROVIDES APPROXIMATELY 880,000 OBJECT INSTANCES ACROSS 33 FINE-GRAINED CLASSES, ENCOMPASSING A WIDE RANGE OF SHIPS, AIRCRAFT, VEHICLES, AND INFRASTRUCTURE. THE DATASET ENSURES HIGH QUALITY AND SENSOR CONSISTENCY, COVERING DIVERSE GEOGRAPHICAL REGIONS WORLDWIDE TO PROMOTE MODEL GENERALIZATION. FOR PRECISE LOCALIZATION, ALL OBJECTS ARE ANNOTATED WITH BOTH ORIENTED (OBB) AND HORIZONTAL (HBB) BOUNDING BOXES. COMPREHENSIVE EXPERIMENTS WITH STATE-OF-THE-ART DETECTION MODELS PROVIDE BENCHMARK RESULTS AND HIGHLIGHT THE CHALLENGING NATURE OF THE DATASET, PARTICULARLY IN DISTINGUISHING BETWEEN VISUALLY SIMILAR FINE-GRAINED CLASSES. THE KFGOD DATASET IS PUBLICLY AVAILABLE AND AIMS TO FOSTER FURTHER RESEARCH IN FINE-GRAINED OBJECT DETECTION AND ANALYSIS OF HIGH-RESOLUTION SATELLITE IMAGERY. © 2025 BY THE AUTHORS.","ARTICLE",NA,"ARTIFICIAL INTELLIGENCE; FINE-GRAINED OBJECT DETECTION; KOMPSAT; LARGE-SCALE DATASET; REMOTE SENSING; SATELLITE IMAGERY",0,NA
"10.3390/s24175850",2024,"FENG S;HUANG Y;ZHANG N;MONTH = J","AN IMPROVED YOLOV8 OBB MODEL FOR SHIP DETECTION THROUGH STABLE DIFFUSION DATA AUGMENTATION","SENSORS","UNMANNED AERIAL VEHICLES (UAVS) WITH CAMERAS OFFER EXTENSIVE MONITORING CAPABILITIES AND EXCEPTIONAL MANEUVERABILITY, MAKING THEM IDEAL FOR REAL-TIME SHIP DETECTION AND EFFECTIVE SHIP MANAGEMENT. HOWEVER, SHIP DETECTION BY CAMERA-EQUIPPED UAVS FACES CHALLENGES WHEN IT COMES TO MULTI-VIEWPOINTS, MULTI-SCALES, ENVIRONMENTAL VARIABILITY, AND DATASET SCARCITY. TO OVERCOME THESE CHALLENGES, WE PROPOSED A DATA AUGMENTATION METHOD BASED ON STABLE DIFFUSION TO GENERATE NEW IMAGES FOR EXPANDING THE DATASET. ADDITIONALLY, WE IMPROVE THE YOLOV8N OBB MODEL BY INCORPORATING THE BIFPN STRUCTURE AND EMA MODULE, ENHANCING ITS ABILITY TO DETECT MULTI-VIEWPOINT AND MULTI-SCALE SHIP INSTANCES. THROUGH MULTIPLE COMPARATIVE EXPERIMENTS, WE EVALUATED THE EFFECTIVENESS OF OUR PROPOSED DATA AUGMENTATION METHOD AND THE IMPROVED MODEL. THE RESULTS INDICATED THAT OUR PROPOSED DATA AUGMENTATION METHOD IS EFFECTIVE FOR LOW-VOLUME DATASETS WITH COMPLEX OBJECT FEATURES. THE YOLOV8N-BIFPN-EMA OBB MODEL WE PROPOSED PERFORMED WELL IN DETECTING MULTI-VIEWPOINT AND MULTI-SCALE SHIP INSTANCES, ACHIEVING THE MAP (@0.5) OF 92.3\%, THE MAP (@0.5:0.95) OF 77.5\%, A REDUCTION OF 0.8 MILLION IN MODEL PARAMETERS, AND A DETECTION SPEED THAT SATISFIES REAL-TIME SHIP DETECTION REQUIREMENTS.",NA,NA,NA,0,NA
"10.3390/s25030657",2025,"WAN M;ZHONG G;WU Q;ZHAO X;LIN Y;LU Y","CR-MASK RCNN: AN IMPROVED MASK RCNN METHOD FOR AIRPORT RUNWAY DETECTION AND SEGMENTATION IN REMOTE SENSING IMAGES","SENSORS","AIRPORT RUNWAYS, AS THE CORE PART OF AIRPORTS, BELONG TO VITAL NATIONAL INFRASTRUCTURE, AND THE TARGET DETECTION AND SEGMENTATION OF AIRPORT RUNWAYS IN REMOTE SENSING IMAGES USING DEEP LEARNING METHODS HAVE SIGNIFICANT RESEARCH VALUE. MOST OF THE EXISTING AIRPORT TARGET DETECTION METHODS BASED ON DEEP LEARNING RELY ON HORIZONTAL BOUNDING BOXES FOR LOCALIZATION, WHICH OFTEN CONTAIN IRRELEVANT BACKGROUND INFORMATION. MOREOVER, WHEN DETECTING MULTIPLE INTERSECTING AIRPORT RUNWAYS IN A SINGLE REMOTE SENSING IMAGE, ISSUES SUCH AS FALSE POSITIVES AND FALSE NEGATIVES ARE APT TO OCCUR. TO ADDRESS THESE CHALLENGES, THIS STUDY PROPOSES AN END-TO-END REMOTE SENSING IMAGE AIRPORT RUNWAY DETECTION AND SEGMENTATION METHOD BASED ON AN IMPROVED MASK RCNN (CR-MASK RCNN). THE PROPOSED METHOD USES A ROTATED REGION GENERATION NETWORK INSTEAD OF A NON-ROTATED REGION GENERATION NETWORK, ALLOWING IT TO GENERATE ROTATED BOUNDING BOXES THAT FIT THE SHAPE OF THE AIRPORT RUNWAY MORE CLOSELY, THUS AVOIDING THE INTERFERENCE OF A LARGE AMOUNT OF INVALID BACKGROUND INFORMATION BROUGHT ABOUT BY HORIZONTAL BOUNDING BOXES. FURTHERMORE, THE METHOD INCORPORATES AN ATTENTION MECHANISM INTO THE BACKBONE FEATURE EXTRACTION NETWORK TO ALLOCATE ATTENTION TO DIFFERENT AIRPORT RUNWAY FEATURE MAP SCALES, WHICH ENHANCES THE EXTRACTION OF LOCAL FEATURE INFORMATION, CAPTURES DETAILED INFORMATION MORE EFFECTIVELY, AND REDUCES ISSUES OF FALSE POSITIVES AND FALSE NEGATIVES WHEN DETECTING AIRPORT RUNWAY TARGETS. THE RESULTS INDICATE THAT, WHEN COMPARING HORIZONTAL BOUNDING BOXES WITH ROTATED BOUNDING BOXES FOR DETECTING AND SEGMENTING AIRPORT RUNWAYS, THE LATTER ARE MORE PRECISE FOR COMPLEX BACKGROUNDS. FURTHERMORE, INCORPORATING AN ATTENTION MECHANISM ENHANCES THE ACCURACY OF AIRPORT RUNWAY RECOGNITION, MAKING IT HIGHLY EFFECTIVE AND PRACTICAL.","ARTICLE",NA,"REMOTELY SENSED IMAGERY; AIRPORT RUNWAY DETECTION; IMPROVED MASK RCNN; ROTATED REGION GENERATING NETWORK; ATTENTION MECHANISM",5,"CHEMISTRY; ENGINEERING; INSTRUMENTS & INSTRUMENTATION"
"10.3390/su14159277",2022,"XIE F;LUO H;LI S;LIU Y;LIN B","USING CLEAN ENERGY SATELLITES TO INTERPRET IMAGERY: A SATELLITE IOT ORIENTED LIGHTWEIGHT OBJECT DETECTION FRAMEWORK FOR SAR SHIP DETECTION","SUSTAINABILITY","THIS PAPER STUDIES THE LIGHTWEIGHT DEEP LEARNING OBJECT DETECTION ALGORITHM TO DETECT SHIP TARGETS IN SAR IMAGES THAT CAN BE DEPLOYED ON-ORBIT AND ACCESSED IN THE SPACE-BASED IOT. TRADITIONALLY, REMOTE SENSING DATA MUST BE TRANSFERRED TO THE GROUND FOR PROCESSING. WITH THE VIGOROUS DEVELOPMENT OF THE COMMERCIAL AEROSPACE INDUSTRY, COMPUTING, AND HIGH-SPEED LASER INTER-SATELLITE LINK TECHNOLOGIES, THE INTERCONNECTION OF EVERYTHING IN THE INTELLIGENT WORLD HAS BECOME AN IRREVERSIBLE TREND. SATELLITE REMOTE SENSING HAS ENTERED THE ERA OF A BIG DATA LINK WITH IOT. ON-ORBIT INTERPRETATION GIVES REMOTE SENSING IMAGES EXPANSE APPLICATION SPACE. HOWEVER, IMPLEMENTING ON-ORBIT HIGH-PERFORMANCE COMPUTING (HPC) IS DIFFICULT; IT IS LIMITED BY THE POWER AND COMPUTER RESOURCE CONSUMPTION OF THE SATELLITE PLATFORM. FACING THIS CHALLENGE, BUILDING A PROCESSING ALGORITHM WITH LESS COMPUTATIONAL COMPLEXITY, LESS PARAMETER QUANTITY, HIGH PRECISION, AND LOW COMPUTATIONAL POWER CONSUMPTION IS A KEY ISSUE. IN THIS PAPER, WE PROPOSE A LIGHTWEIGHT END-TO-END SAR SHIP DETECTOR FUSED WITH THE VISION TRANSFORMER ENCODER: YOLO-VITSS. THE EXPERIMENT SHOWS THAT YOLO-VITSS HAS LIGHTWEIGHT FEATURES, THE MODEL SIZE IS ONLY 1.31 MB; IT HAS ANTI-NOISE CAPABILITY IS SUITABLE FOR PROCESSING SAR REMOTE SENSING IMAGES WITH NATIVE NOISE, AND IT ALSO HAS HIGH PERFORMANCE AND LOW TRAINING ENERGY CONSUMPTION WITH 96.6 MAP ON THE SSDD DATASET. THESE CHARACTERISTICS MAKE YOLO-VITSS SUITABLE FOR PORTING TO SATELLITES FOR ON-ORBIT PROCESSING AND ONLINE LEARNING. FURTHERMORE, THE IDEAS PROPOSED IN THIS PAPER HELP TO BUILD A CLEANER AND A MORE EFFICIENT NEW PARADIGM FOR REMOTE SENSING IMAGE INTERPRETATION. MIGRATING HPC TASKS PERFORMED ON THE GROUND TO ON-ORBIT SATELLITES AND USING SOLAR ENERGY TO COMPLETE COMPUTING TASKS IS A MORE ENVIRONMENTALLY FRIENDLY OPTION. THIS ENVIRONMENTAL ADVANTAGE WILL GRADUALLY INCREASE WITH THE CURRENT CONSTRUCTION OF LARGE-SCALE SATELLITE CONSTELLATIONS. THE SCHEME PROPOSED IN THIS PAPER HELPS TO BUILD A NOVEL REAL-TIME, ECO-FRIENDLY, AND SUSTAINABLE SAR IMAGE INTERPRETATION MODE.","ARTICLE",NA,"ECO-FRIENDLY IOT; SYNTHETIC APERTURE RADAR; SHIP DETECTION; YOLOV5; VISION TRANSFORMER; LIGHTWEIGHT DEEP LEARNING ALGORITHMS",7,"SCIENCE & TECHNOLOGY - OTHER TOPICS; ENVIRONMENTAL SCIENCES & ECOLOGY"
"10.3390/su14159277",2022,"XIE F;LUO H;LI S;LIU Y;LIN B","USING CLEAN ENERGY SATELLITES TO INTERPRET IMAGERY: A SATELLITE IOT ORIENTED LIGHTWEIGHT OBJECT DETECTION FRAMEWORK FOR SAR SHIP DETECTION","SUSTAINABILITY (SWITZERLAND)","THIS PAPER STUDIES THE LIGHTWEIGHT DEEP LEARNING OBJECT DETECTION ALGORITHM TO DETECT SHIP TARGETS IN SAR IMAGES THAT CAN BE DEPLOYED ON-ORBIT AND ACCESSED IN THE SPACE-BASED IOT. TRADITIONALLY, REMOTE SENSING DATA MUST BE TRANSFERRED TO THE GROUND FOR PROCESSING. WITH THE VIGOROUS DEVELOPMENT OF THE COMMERCIAL AEROSPACE INDUSTRY, COMPUTING, AND HIGH-SPEED LASER INTER-SATELLITE LINK TECHNOLOGIES, THE INTERCONNECTION OF EVERYTHING IN THE INTELLIGENT WORLD HAS BECOME AN IRREVERSIBLE TREND. SATELLITE REMOTE SENSING HAS ENTERED THE ERA OF A BIG DATA LINK WITH IOT. ON-ORBIT INTERPRETATION GIVES REMOTE SENSING IMAGES EXPANSE APPLICATION SPACE. HOWEVER, IMPLEMENTING ON-ORBIT HIGH-PERFORMANCE COMPUTING (HPC) IS DIFFICULT; IT IS LIMITED BY THE POWER AND COMPUTER RESOURCE CONSUMPTION OF THE SATELLITE PLATFORM. FACING THIS CHALLENGE, BUILDING A PROCESSING ALGORITHM WITH LESS COMPUTATIONAL COMPLEXITY, LESS PARAMETER QUANTITY, HIGH PRECISION, AND LOW COMPUTATIONAL POWER CONSUMPTION IS A KEY ISSUE. IN THIS PAPER, WE PROPOSE A LIGHTWEIGHT END-TO-END SAR SHIP DETECTOR FUSED WITH THE VISION TRANSFORMER ENCODER: YOLO−VITSS. THE EXPERIMENT SHOWS THAT YOLO−VITSS HAS LIGHTWEIGHT FEATURES, THE MODEL SIZE IS ONLY 1.31 MB; IT HAS ANTI-NOISE CAPABILITY IS SUITABLE FOR PROCESSING SAR REMOTE SENSING IMAGES WITH NATIVE NOISE, AND IT ALSO HAS HIGH PERFORMANCE AND LOW TRAINING ENERGY CONSUMPTION WITH 96.6 MAP ON THE SSDD DATASET. THESE CHARACTERISTICS MAKE YOLO−VITSS SUITABLE FOR PORTING TO SATELLITES FOR ON-ORBIT PROCESSING AND ONLINE LEARNING. FURTHERMORE, THE IDEAS PROPOSED IN THIS PAPER HELP TO BUILD A CLEANER AND A MORE EFFICIENT NEW PARADIGM FOR REMOTE SENSING IMAGE INTERPRETATION. MIGRATING HPC TASKS PERFORMED ON THE GROUND TO ON-ORBIT SATELLITES AND USING SOLAR ENERGY TO COMPLETE COMPUTING TASKS IS A MORE ENVIRONMENTALLY FRIENDLY OPTION. THIS ENVIRONMENTAL ADVANTAGE WILL GRADUALLY INCREASE WITH THE CURRENT CONSTRUCTION OF LARGE-SCALE SATELLITE CONSTELLATIONS. THE SCHEME PROPOSED IN THIS PAPER HELPS TO BUILD A NOVEL REAL-TIME, ECO-FRIENDLY, AND SUSTAINABLE SAR IMAGE INTERPRETATION MODE. © 2022 BY THE AUTHORS.","ARTICLE",NA,"ECO-FRIENDLY IOT; LIGHTWEIGHT DEEP LEARNING ALGORITHMS; SHIP DETECTION; SYNTHETIC APERTURE RADAR; VISION TRANSFORMER; YOLOV5",8,NA
"10.3390/su15129706",2023,"SONKAR A;KUMAR S;KUMAR N;MONTH = J","SPACEBORNE SAR-BASED DETECTION OF SHIPS IN SUEZ GULF TO ANALYZE THE MARITIME TRAFFIC JAM CAUSED DUE TO THE BLOCKAGE OF EGYPT'S SUEZ CANAL.","SUSTAINABILITY (2071-1050)","WITH THE CONVENIENCE AND CONNECTEDNESS OF THE OCEANS IN RECENT YEARS, THERE HAS BEEN AN INCREASE IN NAVAL TRAFFIC, WHICH HAS PROMPTED MARITIME SURVEILLANCE TO ATTRACT SPECIAL ATTENTION DUE TO ITS SIGNIFICANT APPLICATION IN MARINE OPERATIONS. SHIPS, BECAUSE OF THEIR UNEVEN AND RUGGED DESIGN, APPEAR AS A BRIGHTER PATCH, WHICH AIDS IN THEIR IDENTIFICATION BY THE SYNTHETIC APERTURE RADAR (SAR), AN ACTIVE REMOTE SENSING TECHNIQUE. IN THIS STUDY, SENTINEL-1 AND SENTINEL-2 DATASETS ARE USED TO DETECT VESSELS IN THE GULF OF SUEZ IN ORDER TO EXAMINE THE INCREASING MARITIME TRAFFIC INDUCED BY THE SUEZ CANAL BLOCKAGE CAUSED BY THE EVER GIVEN SHIP BECOMING STRANDED IN THE CANAL ON 23 MARCH 2021 AND BEING FREED AFTER 6 DAYS ON 29 MARCH 2021. THE USEFULNESS OF DUAL-POL SPACEBORNE SAR DATASETS IN SHIP DETECTION IS ALSO DETERMINED. THE ANALYSIS WAS PERFORMED WITHIN A TIME WINDOW SPANNING BEFORE, DURING, AND AFTER THE BLOCKAGE EVENT. ON THE BASIS OF THE EXPERIMENTAL RESULTS, SENTINEL-1 IMAGES PROVED TO BE MORE EFFECTIVE COMPARED TO SENTINEL-2 IMAGES FOR SHIP DETECTION DUE TO THE ALL-WEATHER CAPABILITY OF THE SENTINEL-1 DATASET. FURTHERMORE, THE SHIP DETECTION RESULTS OBTAINED IN DUAL POLARIZATION WERE SUBSTANTIALLY MORE ACCURATE THAN THE RESULTS OBTAINED IN A SINGLE POLARIZATION.",NA,NA,NA,0,NA
"10.3390/sym17040594",2025,"ZHU J;LIN Q;JING D;FU Q;MA T;LI J","SYMMETRY-DRIVEN GAUSSIAN REPRESENTATION AND ADAPTIVE ASSIGNMENT FOR ORIENTED OBJECT DETECTION","SYMMETRY-BASEL","OBJECT DETECTION (OD) IN REMOTE SENSING IMAGERY (RSI) ENCOUNTERS SIGNIFICANT CHALLENGES SUCH AS MULTI-SCALE VARIATION, HIGH ASPECT RATIOS, AND DENSELY DISTRIBUTED OBJECTS. THESE CHALLENGES OFTEN RESULT IN MISALIGNMENTS AMONG BOUNDING BOX (BBOX) REPRESENTATION, LABEL ASSIGNMENT (LA) STRATEGIES, AND REGRESSION LOSS FUNCTIONS. TO ADDRESS THESE LIMITATIONS, THIS STUDY PROPOSES A NOVEL DETECTION FRAMEWORK, THE GAUSSIAN DETECTION (GAUSSIANDET) FRAMEWORK, THAT INTEGRATES PROBABILISTIC MODELING WITH DYNAMIC SAMPLE ASSIGNMENT TO ACHIEVE MORE PRECISE OD. THE CORE DESIGN OF THIS FRAMEWORK IS INSPIRED BY THE THEORY OF GEOMETRIC SYMMETRY. SPECIFICALLY, THE RADIAL SYMMETRY OF A TWO-DIMENSIONAL GAUSSIAN DISTRIBUTION IS EMPLOYED TO CAPTURE THE ROTATIONAL AND SCALE-INVARIANT PROPERTIES OF REMOTE SENSING (RS) OBJECTS. BY LEVERAGING THE AXIAL SYMMETRY OF ELLIPTICAL GEOMETRY, THE PROPOSED GAUSSIAN ELLIPTICAL INTERSECTION OVER UNION (GEIOU) ENABLES ROTATION-ALIGNED MATCHING, WHILE OMNI-DIMENSIONAL ADAPTIVE ASSIGNMENT (ODAA) INTRODUCES DYNAMIC SYMMETRIC CONSTRAINTS TO OPTIMIZE THE SPATIAL DISTRIBUTION OF TRAINING SAMPLES. SPECIFICALLY, A FLEXIBLE BOUNDING BOX (FBBOX) REPRESENTATION BASED ON A 2D GAUSSIAN DISTRIBUTION IS INTRODUCED TO MORE ACCURATELY CHARACTERIZE THE SHAPE, ASPECT RATIO, AND ORIENTATION OF OBJECTS. IN ADDITION, THE GEIOU IS DESIGNED AS A SCALE-INVARIANT SIMILARITY METRIC TO ALIGN REGRESSION LOSS WITH DETECTION ACCURACY. TO FURTHER ENHANCE SAMPLE QUALITY AND FEATURE LEARNING, THE ODAA STRATEGY ADAPTIVELY SELECTS POSITIVE SAMPLES BASED ON OBJECT SCALE AND GEOMETRIC CONSTRAINTS. EXPERIMENTAL RESULTS ON THE HIGH-RESOLUTION SHIP COLLECTION 2016 (HRSC2016) AND UNIVERSITY OF CHINESE ACADEMY OF SCIENCES-AERIAL OBJECT DETECTION (UCAS-AOD) DATASETS DEMONSTRATE THAT GAUSSIANDET ACHIEVES MEAN AVERAGE PRECISION (MAP) SCORES OF 90.53% AND 96.24%, RESPECTIVELY. THESE RESULTS SIGNIFICANTLY OUTPERFORM EXISTING ORIENTED OBJECT DETECTION (OOD) METHODS, THEREBY VALIDATING THE EFFECTIVENESS OF THE PROPOSED APPROACH AND PROVIDING A SOLID THEORETICAL FOUNDATION FOR FUTURE RESEARCH IN REMOTE SENSING OBJECT DETECTION (RSOD).","ARTICLE",NA,"OBJECT DETECTION; SYMMETRY; REMOTE SENSING IMAGERY; GAUSSIAN REPRESENTATION; ELLIPTICAL IOU; DYNAMIC LABEL ASSIGNMENT; DEEP LEARNING; BOUNDING BOX REGRESSION",0,"SCIENCE & TECHNOLOGY - OTHER TOPICS"
"10.3390/sym17040594",2025,"ZHU J;LIN Q;JING D;FU Q;MA T;LI J","SYMMETRY-DRIVEN GAUSSIAN REPRESENTATION AND ADAPTIVE ASSIGNMENT FOR ORIENTED OBJECT DETECTION","SYMMETRY","OBJECT DETECTION (OD) IN REMOTE SENSING IMAGERY (RSI) ENCOUNTERS SIGNIFICANT CHALLENGES SUCH AS MULTI-SCALE VARIATION, HIGH ASPECT RATIOS, AND DENSELY DISTRIBUTED OBJECTS. THESE CHALLENGES OFTEN RESULT IN MISALIGNMENTS AMONG BOUNDING BOX (BBOX) REPRESENTATION, LABEL ASSIGNMENT (LA) STRATEGIES, AND REGRESSION LOSS FUNCTIONS. TO ADDRESS THESE LIMITATIONS, THIS STUDY PROPOSES A NOVEL DETECTION FRAMEWORK, THE GAUSSIAN DETECTION (GAUSSIANDET) FRAMEWORK, THAT INTEGRATES PROBABILISTIC MODELING WITH DYNAMIC SAMPLE ASSIGNMENT TO ACHIEVE MORE PRECISE OD. THE CORE DESIGN OF THIS FRAMEWORK IS INSPIRED BY THE THEORY OF GEOMETRIC SYMMETRY. SPECIFICALLY, THE RADIAL SYMMETRY OF A TWO-DIMENSIONAL GAUSSIAN DISTRIBUTION IS EMPLOYED TO CAPTURE THE ROTATIONAL AND SCALE-INVARIANT PROPERTIES OF REMOTE SENSING (RS) OBJECTS. BY LEVERAGING THE AXIAL SYMMETRY OF ELLIPTICAL GEOMETRY, THE PROPOSED GAUSSIAN ELLIPTICAL INTERSECTION OVER UNION (GEIOU) ENABLES ROTATION-ALIGNED MATCHING, WHILE OMNI-DIMENSIONAL ADAPTIVE ASSIGNMENT (ODAA) INTRODUCES DYNAMIC SYMMETRIC CONSTRAINTS TO OPTIMIZE THE SPATIAL DISTRIBUTION OF TRAINING SAMPLES. SPECIFICALLY, A FLEXIBLE BOUNDING BOX (FBBOX) REPRESENTATION BASED ON A 2D GAUSSIAN DISTRIBUTION IS INTRODUCED TO MORE ACCURATELY CHARACTERIZE THE SHAPE, ASPECT RATIO, AND ORIENTATION OF OBJECTS. IN ADDITION, THE GEIOU IS DESIGNED AS A SCALE-INVARIANT SIMILARITY METRIC TO ALIGN REGRESSION LOSS WITH DETECTION ACCURACY. TO FURTHER ENHANCE SAMPLE QUALITY AND FEATURE LEARNING, THE ODAA STRATEGY ADAPTIVELY SELECTS POSITIVE SAMPLES BASED ON OBJECT SCALE AND GEOMETRIC CONSTRAINTS. EXPERIMENTAL RESULTS ON THE HIGH-RESOLUTION SHIP COLLECTION 2016 (HRSC2016) AND UNIVERSITY OF CHINESE ACADEMY OF SCIENCES–AERIAL OBJECT DETECTION (UCAS-AOD) DATASETS DEMONSTRATE THAT GAUSSIANDET ACHIEVES MEAN AVERAGE PRECISION (MAP) SCORES OF 90.53% AND 96.24%, RESPECTIVELY. THESE RESULTS SIGNIFICANTLY OUTPERFORM EXISTING ORIENTED OBJECT DETECTION (OOD) METHODS, THEREBY VALIDATING THE EFFECTIVENESS OF THE PROPOSED APPROACH AND PROVIDING A SOLID THEORETICAL FOUNDATION FOR FUTURE RESEARCH IN REMOTE SENSING OBJECT DETECTION (RSOD). © 2025 BY THE AUTHORS.","ARTICLE",NA,"BOUNDING BOX REGRESSION; DEEP LEARNING; DYNAMIC LABEL ASSIGNMENT; ELLIPTICAL IOU; GAUSSIAN REPRESENTATION; OBJECT DETECTION; REMOTE SENSING IMAGERY; SYMMETRY",0,NA
"10.36287/setsci.21.2.006",2024,"AZDAVAY N;ZAJAC Z;DIDIS H;BOZ I;MONTH = D","OPTIMIZING ACCURACY AND EFFICIENCY IN SHIP DETECTION FROM SATELLITE IMAGES THROUGH A COMPARATIVE ANALYSIS OF OBJECT DETECTION MODELS","SETSCI - CONFERENCE PROCEEDINGS","THIS STUDY EVALUATES THE PERFORMANCE OF FASTER R-CNN AND YOLOV7 OBJECT DETECTORS FOR DYNAMIC SHIP DETECTION IN MARITIME APPLICATIONS. BOTH ALGORITHMS ARE TESTED UNDER CHALLENGING CONDITIONS, INCLUDING POOR IMAGE QUALITY DUE TO CLOUD AND DUST OBSCURATION, VARYING LIGHTING, AND HIGH-ALTITUDE CAPTURES. THE NECESSITY FOR DETECTION METHODS WITH HIGH ACCURACY AND EFFICIENCY IN SUCH ENVIRONMENTS IS DISCUSSED. RESULTS SHOW THAT FASTER R-CNN OUTPERFORMS YOLOV7 IN DETECTION ACCURACY, ACHIEVING SUPERIOR PRECISION, RECALL, MAP, AND F1 SCORES. THIS ACCURACY ALLOWS FOR SUCCESSFUL IDENTIFICATION AND CLASSIFICATION OF SHIPS EVEN IN LOW-QUALITY IMAGES. HOWEVER, DESPITE ITS ACCURACY ADVANTAGE, FASTER R-CNN FALLS SHORT IN SPEED, WITH AN AVERAGE DETECTION TIME OF 53.4 SECONDS, MAKING IT LESS VIABLE FOR REAL-TIME USE. CONVERSELY, YOLOV7 PROCESSES IMAGES SIGNIFICANTLY FASTER, WITH AN EXTRACTION TIME OF JUST 21.6 SECONDS, THOUGH AT THE COST OF LOWER ACCURACY. ITS RAPID PROCESSING MAKES YOLOV7 MORE SUITABLE FOR REAL-TIME APPLICATIONS REQUIRING QUICK DECISIONS. THIS STUDY UNDERSCORES THE IMPORTANCE OF BALANCING DETECTION ACCURACY AND SPEED WHEN SELECTING AN ALGORITHM FOR SHIP DETECTION, OFFERING KEY INSIGHTS TO ENHANCE MARITIME SAFETY, TRAFFIC MONITORING, AND AUTONOMOUS NAVIGATION SYSTEMS.",NA,NA,NA,0,NA
"10.37188/ope.20233104.0517",2023,"XIAO S;ZHANG Y;CHANG X;SUN J","SHIP DETECTION ORIENTED TO COMPRESSIVE SENSING MEASUREMENTS OF SPACE OPTICAL REMOTE SENSING SCENES; 面 向 航 天 光 学 遥 感 场 景 压 缩 感 知 测 量 值 的舰 船 检 测","GUANGXUE JINGMI GONGCHENG/OPTICS AND PRECISION ENGINEERING","THE COMPRESSIVE SENSING（CS）-BASED SPACE OPTICAL REMOTE-SENSING（SORS）IMAGING SYSTEM CAN SIMULTANEOUSLY PERFORM SAMPLING AND COMPRESSION BY USING HARDWARE AT THE SENSING STAGE. THE SYSTEM MUST RECONSTRUCT THE ORIGINAL SCENE DURING THE SHIP DETECTION TASK. THE SCENE RECONSTRUCTION PROCESS OF CS IS COMPUTATIONALLY EXPENSIVE，MEMORY INTENSIVE，AND TIME-CONSUMING. THIS PAPER PROPOSES AN ALGORITHM NAMED COMPRESSIVE SENSING AND IMPROVED YOU ONLY LOOK ONCE（CS-IM-YOLO）FOR DIRECT SHIP DETECTION BASED ON MEASUREMENTS OBTAINED BY THE IMAGING SYSTEM. TO SIMULATE THE BLOCK COMPRESSION SAMPLING PROCESS OF THE IMAGING SYSTEM，THE CONVOLUTION MEASUREMENT LAYER WITH THE SAME STRIDE AND CONVOLUTION KERNEL SIZE IS USED TO PERFORM THE CONVOLUTION OPERATION ON THE SCENE，AND THE HIGH-DIMENSIONAL IMAGE SIGNAL IS PROJECTED INTO THE LOW-DIMENSIONAL SPACE TO OBTAIN THE FULL-IMAGE CS MEASUREMENTS. AFTER OBTAINING THE MEASUREMENTS OF THE SCENE，THE PROPOSED SHIP DETECTION NETWORK EXTRACTS THE COORDINATES OF THE SHIP FROM THE MEASUREMENTS. THE SQUEEZE-AND-EXCITATION NETWORK（SENET）MODULE IS IMPORTED INTO THE BACKBONE NETWORK，AND THE IMPROVED BACKBONE NETWORK IS USED TO EXTRACT THE SHIP FEATURE INFORMATION USING THE MEASUREMENTS. THE FEATURE PYRAMID NETWORK IS USED TO ENHANCE FEATURE EXTRACTION WHILE FUSING THE FEATURE INFORMATION OF THE SHALLOW，MIDDLE，AND DEEP LAYERS，AND THEN TO COMPLETE PREDICTING THE SHIP'S COORDINATES. CS-IM-YOLO ESPECIALLY CONNECTS THE CONVOLUTIONAL MEASUREMENT LAYER AND THE CS BASED SHIP DETECTION NETWORK FOR END-TO-END TRAINING；THIS CONSIDERABLY SIMPLIFIES THE PREPROCESSING PROCESS. WE PRESENT AN EVALUATION OF THE PERFORMANCE OF THE ALGORITHM BY USING THE HRSC2016 DATASET. THE EXPERIMENTAL RESULTS SHOW THAT THE PRECISION OF CS-IM-YOLO FOR DETECTION OF SHIPS VIA CS MEASUREMENTS IN SORS SCENES IS 91. 60%，THE RECALL IS 87. 59%，THE F1 VALUE IS 0. 90，AND THE AP VALUE IS 94. 13%. THIS DEMONSTRATES THAT THE ALGORITHM CAN PERFORM ACCURATE SHIP DETECTION USING THE CS MEASUREMENTS OF SORS SCENES. © 2023 CHINESE ACADEMY OF SCIENCES. ALL RIGHTS RESERVED.","ARTICLE",NA,"COMPRESSIVE SENSING; DEEP LEARNING; JOINT TRAINING OPTIMIZATION; SHIP DETECTION ORIENTED TO COMPRESSIVE SENSING MEASUREMENTS",6,NA
"10.3788/aos230957",2024,"WANG Y;GUO Y;SHAO X;WANG J;BAO Z","ORIENTED OBJECT DETECTION IN REMOTE SENSING IMAGES BASED ON FEATURE RECOMBINATION","ACTA OPTICA SINICA","OBJECTIVE OBJECT DETECTION OF OPTICAL REMOTE SENSING IMAGES IS THE PROCESS OF PROVIDING A GIVEN OPTICAL REMOTE SENSING IMAGE DATASET WITH OBJECT POSITIONING FRAME, OBJECT CATEGORY, AND CONFIDENCE BY MODEL PROCESSING, AND IT IS AN IMPORTANT TASK IN REMOTE SENSING IMAGE PROCESSING AND HAS PRACTICAL SIGNIFICANCE IN BOTH CIVIL AND MILITARY FIELDS. IN THE CIVIL FIELD, IT CAN BE EMPLOYED TO ANALYZE THE SITUATIONS OF AIRPORT FLIGHTS AND SHIPS IN PORTS AND THUS FACILITATE TIMELY ADJUSTMENT AND AVOID CONGESTION. IN THE MILITARY FIELD, ENEMIES' MILITARY DEPLOYMENT IS ANALYZED BY THE PHOTOGRAPHED IMAGES, AND FEASIBLE PLANS ARE MADE TO ENSURE SUCCESSFUL MILITARY OPERATIONS. THEREFORE, OBJECT DETECTION OF REMOTE SENSING IMAGES HAS RESEARCH SIGNIFICANCE AND APPLICATION PROSPECT. COMPARED WITH THE TRADITIONAL DETECTION ALGORITHMS, THE DETECTION METHOD BASED ON THE CONVOLUTIONAL NEURAL NETWORK HAS BECOME THE MAINSTREAM OBJECT DETECTION OF REMOTE SENSING IMAGES. THE METHOD BASED ON DEEP LEARNING CAN YIELD BETTER ACCURACY THAN THE TRADITIONAL OBJECT DETECTION METHODS OF VISIBLE LIGHT REMOTE SENSING IMAGES, AND IT IS UNNECESSARY TO MANUALLY DESIGN RULES, WHICH HAS A RELATIVELY UNIFIED STANDARD AND ENHANCES THE MODEL ROBUSTNESS. HOWEVER, THERE ARE STILL MANY DEFECTS IN INTRODUCING THE OBJECT DETECTION MODEL DEALING WITH NATURAL IMAGES DIRECTLY INTO REMOTE SENSING TASKS. STARTING FROM THE ORIENTED OBJECT DETECTION DIFFICULTIES OF REMOTE SENSING, WE DESIGN AN ORIENTED OBJECT DETECTION ALGORITHM FOR OPTICAL REMOTE SENSING IMAGES TO IMPROVE THE FEATURE EXTRACTION AND FEATURE RECOGNITION ABILITY OF MULTI-SCALE AND MULTI-DIRECTIONAL REMOTE SENSING SMALL TARGETS IN COMPLEX BACKGROUNDS. METHODS AIMING AT THE POOR PERFORMANCE OF GENERAL ALGORITHMS FOR REMOTE SENSING ORIENTED OBJECT DETECTION, WE PROPOSE AN ORIENTED OBJECT DETECTION MODEL BASED ON SWA TRAINING STRATEGY AND FEATURE RECOMBINATION. THE MODEL IS OPTIMIZED BASED ON THE ROTATED RPN ALGORITHM. ON THE ONE HAND, THE FEATURE RECOMBINATION MECHANISM IS INTRODUCED TO MAKE THE MODEL FOCUS ON EFFECTIVE FEATURES, WHICH CAN REDUCE UNNECESSARY COMPUTING RESOURCES AND IMPROVE THE MODEL ACCURACY. ON THE OTHER HAND, BASED ON RPN, THE ROTATING RPN IS INTRODUCED, AND THE POSITION AND ANGLE PARAMETERS ARE REGRESSED BY THE MIDPOINT OFFSET METHOD TO GENERATE HIGH-QUALITY DIRECTED CANDIDATE FRAMES. FOR THE REQUIRED FEATURE INCONSISTENCY BETWEEN CLASSIFICATION AND REGRESSION TASKS, A POLARIZED ATTENTION DETECTOR IS EMPLOYED, AND THE TRAINING STRATEGY IS IMPROVED. MEANWHILE, THE MODEL IS TRAINED BY CYCLIC MODE TO ALLEVIATE THE PROBLEM THAT THE TRADITIONAL TRAINING STRATEGY WILL CONVERGE TO THE BOUNDARY REGION OF THE OPTIMAL SOLUTION. SPECIFICALLY, WE CONDUCT THE FOLLOWING IMPROVEMENTS BASED ON ROTATED RPN. 1) GIVEN THE PROBLEMS IN THE OBJECT DETECTION TASKS OF REMOTE SENSING IMAGES, SUCH AS A LARGE NUMBER OF SMALL TARGETS, A LARGE PROPORTION OF BACKGROUND, AND A LARGE CHANGE IN TARGET SIZE, THE FEATURE PYRAMID CAN NOT EXTRACT EFFECTIVE INFORMATION DURING EXTRACTING AND FUSING FEATURES, WHICH DEGRADES DETECTION PERFORMANCE. THEREFORE, WE CONSIDER MAKING CHANGES IN THE FEATURE PYRAMID TO STRENGTHEN THE FEATURE EXTRACTION ABILITY OF THE FEATURE PYRAMID AND THE ABILITY TO FULLY FUSE INFORMATION OF VARIOUS SIZES. ADDITIONALLY, THE RESHAPE MODULE IS DESIGNED AND INTEGRATED INTO THE CARAFE MODEL AS A DEEP HORIZONTAL CONNECTION OF FPN. 2) TO SOLVE THE PROBLEMS OF ANGLE DISCONTINUITY AND EDGE ORDER EXCHANGE IN THE CRITICAL ANGLE OF THE COMMON DIRECTED BOX REPRESENTATION, WE INTRODUCE THE MIDPOINT OFFSET METHOD TO DEFINE THE DIRECTED BOX. AN ADAPTIVE ATTENTION MODULE IS DESIGNED IN FRONT OF THE SUGGESTED AREA GENERATION MODULE TO ENHANCE THE ABILITY OF EFFECTIVE FEATURE REPRESENTATION AND FURTHER STRENGTHEN THE ABILITY OF FEATURE EXTRACTION AND CHARACTERIZATION. 3) THE FEATURES REQUIRED FOR THE CLASSIFICATION TASK SHOULD HAVE THE SAME RESPONSE TO DIFFERENT ANGLES, WHICH IS BECAUSE THE FOCUS OF THE CLASSIFICATION TASK SHOULD BE ON THE TARGET ITSELF. THUS, IT SHOULD BE HIGHLY RESPONSIVE TO THE EFFECTIVE INFORMATION INSIDE THE PREDICTION FRAME, WHILE THE FEATURES REQUIRED FOR THE REGRESSION TASK SHOULD BE SENSITIVE TO THE ANGLE CHANGE. MEANWHILE, MORE ATTENTION SHOULD BE PAID TO THE BOUNDARY AREA OF THE TARGET AND LESS ATTENTION IS TO THE INFORMATION INSIDE THE PREDICTION FRAME FOR REALIZING ACCURATE ANGLE AND POSITION PREDICTION AND REDUCING INTERFERENCE. THEREFORE, TO AVOID FEATURE INTERFERENCE BETWEEN DIFFERENT TASKS AND EXTRACT KEY FEATURES, WE INTRODUCE A POLARIZATION ATTENTION MODULE TO THE SHARED CONVOLUTION LAYER AT THE FRONT END OF THE DUAL-BRANCH DETECTOR AND ADOPT DIFFERENT RESPONSE FUNCTIONS TO DISTINGUISH THE REPRESENTATION ABILITY OF DIFFERENT FEATURES. THE CLASSIFICATION HEAD AND REGRESSION HEAD EMPLOY AN ACTIVATION FUNCTION AND AN INHIBITION FUNCTION RESPECTIVELY. 4) IN VIEW OF THE LIMITATION THAT THE TRADITIONAL TRAINING STRATEGY MAY CONVERGE TO THE BOUNDARY REGION OF THE OPTIMAL SOLUTION, WE INTRODUCE THE SWA CYCLIC TRAINING STRATEGY, OBTAIN THE CORRESPONDING WEIGHTS BY ADOPTING THE SGD METHOD TO TRAIN MORE EPOCHS, AND AVERAGE THESE RESULTS TO ACQUIRE RESULTS CLOSEST TO THE OPTIMAL SOLUTION. RESULTS AND DISCUSSIONS TO VERIFY THE ALGORITHM PERFORMANCE, WE SELECT TWO REMOTE SENSING ORIENTED ANNOTATION DATASETS DIOR-R AND HRSC2016 TO COMPARE THE ALGORITHM PERFORMANCE. SEVERAL TYPICAL ONE-STAGE AND TWO-STAGE ORIENTED OBJECT DETECTION MODELS ARE SELECTED AND COMPARED WITH THIS MODEL. ON THE DIOR-R DATASET, OUR ALGORITHM YIELDS THE BEST ACCURACY OF 64. 49%, 4. 95% HIGHER THAN THAT OF THE BENCHMARK MODEL (TABLE 5). ON THE HRSC2016 DATASET, THE PROPOSED ALGORITHM ACHIEVES THE BEST ACCURACY OF 90. 83%, WHICH IS 11. 75% HIGHER THAN THAT OF THE BENCHMARK MODEL (TABLE 7). ADDITIONALLY, WE ANALYZE THE PERFORMANCE IMPROVEMENT AFTER INTRODUCING THE FEATURE RECOMBINATION MODULE, FOCUS SHIFT METHOD, ADAPTIVE ATTENTION MODULE, POLARIZED ATTENTION DETECTOR, AND SWA TRAINING STRATEGY RESPECTIVELY. THE EXPERIMENTAL RESULTS SHOW THAT THE ALGORITHM HAS SOUND DETECTION PERFORMANCE FOR REMOTE SENSING ORIENTED OBJECTS IN COMPLEX BACKGROUNDS. CONCLUSIONS TO IMPROVE THE DETECTION PERFORMANCE OF ORIENTED OBJECTS IN REMOTE SENSING IMAGES, WE PROPOSE AN ORIENTED OBJECT DETECTION MODEL BASED ON FEATURE RECOMBINATION AND POLARIZED ATTENTION. THE EXPERIMENTAL RESULTS SHOW THAT THE ALGORITHM CAN EFFECTIVELY DETECT ORIENTED OBJECTS IN REMOTE SENSING IMAGES, AND HAS GOOD PERFORMANCE IN ALL KINDS OF SCENES.","ARTICLE",NA,"REMOTE SENSING; ORIENTED OBJECT DETECTION; DEEP LEARNING; FEATURE RECOMBINATION; POLARIZED ATTENTION",2,"OPTICS"
"10.3788/aos230957",2024,"WANG Y;GUO Y;SHAO X;WANG J;BAO Z","ORIENTED OBJECT DETECTION IN REMOTE SENSING IMAGES BASED ON FEATURE RECOMBINATION; 基 于 特 征 重 组 的 遥 感 图 像 有 向 目 标 检 测","GUANGXUE XUEBAO/ACTA OPTICA SINICA","OBJECTIVE OBJECT DETECTION OF OPTICAL REMOTE SENSING IMAGES IS THE PROCESS OF PROVIDING A GIVEN OPTICAL REMOTE SENSING IMAGE DATASET WITH OBJECT POSITIONING FRAME, OBJECT CATEGORY, AND CONFIDENCE BY MODEL PROCESSING, AND IT IS AN IMPORTANT TASK IN REMOTE SENSING IMAGE PROCESSING AND HAS PRACTICAL SIGNIFICANCE IN BOTH CIVIL AND MILITARY FIELDS. IN THE CIVIL FIELD, IT CAN BE EMPLOYED TO ANALYZE THE SITUATIONS OF AIRPORT FLIGHTS AND SHIPS IN PORTS AND THUS FACILITATE TIMELY ADJUSTMENT AND AVOID CONGESTION. IN THE MILITARY FIELD, ENEMIES' MILITARY DEPLOYMENT IS ANALYZED BY THE PHOTOGRAPHED IMAGES, AND FEASIBLE PLANS ARE MADE TO ENSURE SUCCESSFUL MILITARY OPERATIONS. THEREFORE, OBJECT DETECTION OF REMOTE SENSING IMAGES HAS RESEARCH SIGNIFICANCE AND APPLICATION PROSPECT. COMPARED WITH THE TRADITIONAL DETECTION ALGORITHMS, THE DETECTION METHOD BASED ON THE CONVOLUTIONAL NEURAL NETWORK HAS BECOME THE MAINSTREAM OBJECT DETECTION OF REMOTE SENSING IMAGES. THE METHOD BASED ON DEEP LEARNING CAN YIELD BETTER ACCURACY THAN THE TRADITIONAL OBJECT DETECTION METHODS OF VISIBLE LIGHT REMOTE SENSING IMAGES, AND IT IS UNNECESSARY TO MANUALLY DESIGN RULES, WHICH HAS A RELATIVELY UNIFIED STANDARD AND ENHANCES THE MODEL ROBUSTNESS. HOWEVER, THERE ARE STILL MANY DEFECTS IN INTRODUCING THE OBJECT DETECTION MODEL DEALING WITH NATURAL IMAGES DIRECTLY INTO REMOTE SENSING TASKS. STARTING FROM THE ORIENTED OBJECT DETECTION DIFFICULTIES OF REMOTE SENSING, WE DESIGN AN ORIENTED OBJECT DETECTION ALGORITHM FOR OPTICAL REMOTE SENSING IMAGES TO IMPROVE THE FEATURE EXTRACTION AND FEATURE RECOGNITION ABILITY OF MULTI-SCALE AND MULTI-DIRECTIONAL REMOTE SENSING SMALL TARGETS IN COMPLEX BACKGROUNDS. METHODS AIMING AT THE POOR PERFORMANCE OF GENERAL ALGORITHMS FOR REMOTE SENSING ORIENTED OBJECT DETECTION, WE PROPOSE AN ORIENTED OBJECT DETECTION MODEL BASED ON SWA TRAINING STRATEGY AND FEATURE RECOMBINATION. THE MODEL IS OPTIMIZED BASED ON THE ROTATED RPN ALGORITHM. ON THE ONE HAND, THE FEATURE RECOMBINATION MECHANISM IS INTRODUCED TO MAKE THE MODEL FOCUS ON EFFECTIVE FEATURES, WHICH CAN REDUCE UNNECESSARY COMPUTING RESOURCES AND IMPROVE THE MODEL ACCURACY. ON THE OTHER HAND, BASED ON RPN, THE ROTATING RPN IS INTRODUCED, AND THE POSITION AND ANGLE PARAMETERS ARE REGRESSED BY THE MIDPOINT OFFSET METHOD TO GENERATE HIGH-QUALITY DIRECTED CANDIDATE FRAMES. FOR THE REQUIRED FEATURE INCONSISTENCY BETWEEN CLASSIFICATION AND REGRESSION TASKS, A POLARIZED ATTENTION DETECTOR IS EMPLOYED, AND THE TRAINING STRATEGY IS IMPROVED. MEANWHILE, THE MODEL IS TRAINED BY CYCLIC MODE TO ALLEVIATE THE PROBLEM THAT THE TRADITIONAL TRAINING STRATEGY WILL CONVERGE TO THE BOUNDARY REGION OF THE OPTIMAL SOLUTION. SPECIFICALLY, WE CONDUCT THE FOLLOWING IMPROVEMENTS BASED ON ROTATED RPN. 1) GIVEN THE PROBLEMS IN THE OBJECT DETECTION TASKS OF REMOTE SENSING IMAGES, SUCH AS A LARGE NUMBER OF SMALL TARGETS, A LARGE PROPORTION OF BACKGROUND, AND A LARGE CHANGE IN TARGET SIZE, THE FEATURE PYRAMID CAN NOT EXTRACT EFFECTIVE INFORMATION DURING EXTRACTING AND FUSING FEATURES, WHICH DEGRADES DETECTION PERFORMANCE. THEREFORE, WE CONSIDER MAKING CHANGES IN THE FEATURE PYRAMID TO STRENGTHEN THE FEATURE EXTRACTION ABILITY OF THE FEATURE PYRAMID AND THE ABILITY TO FULLY FUSE INFORMATION OF VARIOUS SIZES. ADDITIONALLY, THE RESHAPE MODULE IS DESIGNED AND INTEGRATED INTO THE CARAFE MODEL AS A DEEP HORIZONTAL CONNECTION OF FPN. 2) TO SOLVE THE PROBLEMS OF ANGLE DISCONTINUITY AND EDGE ORDER EXCHANGE IN THE CRITICAL ANGLE OF THE COMMON DIRECTED BOX REPRESENTATION, WE INTRODUCE THE MIDPOINT OFFSET METHOD TO DEFINE THE DIRECTED BOX. AN ADAPTIVE ATTENTION MODULE IS DESIGNED IN FRONT OF THE SUGGESTED AREA GENERATION MODULE TO ENHANCE THE ABILITY OF EFFECTIVE FEATURE REPRESENTATION AND FURTHER STRENGTHEN THE ABILITY OF FEATURE EXTRACTION AND CHARACTERIZATION. 3) THE FEATURES REQUIRED FOR THE CLASSIFICATION TASK SHOULD HAVE THE SAME RESPONSE TO DIFFERENT ANGLES, WHICH IS BECAUSE THE FOCUS OF THE CLASSIFICATION TASK SHOULD BE ON THE TARGET ITSELF. THUS, IT SHOULD BE HIGHLY RESPONSIVE TO THE EFFECTIVE INFORMATION INSIDE THE PREDICTION FRAME, WHILE THE FEATURES REQUIRED FOR THE REGRESSION TASK SHOULD BE SENSITIVE TO THE ANGLE CHANGE. MEANWHILE, MORE ATTENTION SHOULD BE PAID TO THE BOUNDARY AREA OF THE TARGET AND LESS ATTENTION IS TO THE INFORMATION INSIDE THE PREDICTION FRAME FOR REALIZING ACCURATE ANGLE AND POSITION PREDICTION AND REDUCING INTERFERENCE. THEREFORE, TO AVOID FEATURE INTERFERENCE BETWEEN DIFFERENT TASKS AND EXTRACT KEY FEATURES, WE INTRODUCE A POLARIZATION ATTENTION MODULE TO THE SHARED CONVOLUTION LAYER AT THE FRONT END OF THE DUAL-BRANCH DETECTOR AND ADOPT DIFFERENT RESPONSE FUNCTIONS TO DISTINGUISH THE REPRESENTATION ABILITY OF DIFFERENT FEATURES. THE CLASSIFICATION HEAD AND REGRESSION HEAD EMPLOY AN ACTIVATION FUNCTION AND AN INHIBITION FUNCTION RESPECTIVELY. 4) IN VIEW OF THE LIMITATION THAT THE TRADITIONAL TRAINING STRATEGY MAY CONVERGE TO THE BOUNDARY REGION OF THE OPTIMAL SOLUTION, WE INTRODUCE THE SWA CYCLIC TRAINING STRATEGY, OBTAIN THE CORRESPONDING WEIGHTS BY ADOPTING THE SGD METHOD TO TRAIN MORE EPOCHS, AND AVERAGE THESE RESULTS TO ACQUIRE RESULTS CLOSEST TO THE OPTIMAL SOLUTION. RESULTS AND DISCUSSIONS TO VERIFY THE ALGORITHM PERFORMANCE, WE SELECT TWO REMOTE SENSING ORIENTED ANNOTATION DATASETS DIOR-R AND HRSC2016 TO COMPARE THE ALGORITHM PERFORMANCE. SEVERAL TYPICAL ONE-STAGE AND TWO-STAGE ORIENTED OBJECT DETECTION MODELS ARE SELECTED AND COMPARED WITH THIS MODEL. ON THE DIOR-R DATASET, OUR ALGORITHM YIELDS THE BEST ACCURACY OF 64. 49%, 4. 95% HIGHER THAN THAT OF THE BENCHMARK MODEL (TABLE 5). ON THE HRSC2016 DATASET, THE PROPOSED ALGORITHM ACHIEVES THE BEST ACCURACY OF 90. 83%, WHICH IS 11. 75% HIGHER THAN THAT OF THE BENCHMARK MODEL (TABLE 7). ADDITIONALLY, WE ANALYZE THE PERFORMANCE IMPROVEMENT AFTER INTRODUCING THE FEATURE RECOMBINATION MODULE, FOCUS SHIFT METHOD, ADAPTIVE ATTENTION MODULE, POLARIZED ATTENTION DETECTOR, AND SWA TRAINING STRATEGY RESPECTIVELY. THE EXPERIMENTAL RESULTS SHOW THAT THE ALGORITHM HAS SOUND DETECTION PERFORMANCE FOR REMOTE SENSING ORIENTED OBJECTS IN COMPLEX BACKGROUNDS. CONCLUSIONS TO IMPROVE THE DETECTION PERFORMANCE OF ORIENTED OBJECTS IN REMOTE SENSING IMAGES, WE PROPOSE AN ORIENTED OBJECT DETECTION MODEL BASED ON FEATURE RECOMBINATION AND POLARIZED ATTENTION. THE EXPERIMENTAL RESULTS SHOW THAT THE ALGORITHM CAN EFFECTIVELY DETECT ORIENTED OBJECTS IN REMOTE SENSING IMAGES, AND HAS GOOD PERFORMANCE IN ALL KINDS OF SCENES. © 2024 CHINESE OPTICAL SOCIETY. ALL RIGHTS RESERVED.","ARTICLE",NA,"DEEP LEARNING; FEATURE RECOMBINATION; ORIENTED OBJECT DETECTION; POLARIZED ATTENTION; REMOTE SENSING",2,NA
"10.3788/gzxb20204904.0410005",2020,"ZHANG X;YAO L;LU Y;HAN P;LI J","CENTER BASED MODEL FOR ARBITRARY-ORIENTED SHIP DETECTION IN REMOTE SENSING IMAGES","ACTA PHOTONICA SINICA","THE RECENT PROPOSED DEEP LEARNING-BASED ARBITRARY-ORIENTED OBJECTS DETECTION ALGORITHMS INCREASE EXTRA COMPUTATION BURDEN AND COULD NOT WORK EFFICIENTLY. A ONE-STAGE MODEL BASED ON OBJECT CENTERS DETECTION IS PROPOSED FOR ARBITRARY-ORIENTED SHIP DETECTION. AS THE CENTERS OF OBJECTS ARE FREE FROM THE INFLUENCE THEIR DISTRIBUTION DIRECTIONS, THE KEY OF THE MODEL IS TO REGRESS THE PARAMETERS OF OBJECT'S ORIENTED BOUNDING BOX ON THE BASIS OF CENTER DETECTION. FIRSTLY, A FEATURE EXTRACTING NETWORK IS DESIGNED TO ACHIEVE FEATURE MAP AND A NEW FEATURE FUSION METHOD IS PROPOSED WHICH AGGREGATES THE LOW-LEVEL FEATURES RICH IN DETAILING INFORMATION AND HIGH-LEVEL FEATURES RICH IN SEMANTIC INFORMATION TOGETHER. THEN THE FEATURE MAP IS ENTERED TO THREE DETECTION BRANCHES, WHICH PREDICT OF CENTERS, OFFSETS OF CENTERS, AND SIZE AND DIRECTION OF THE ORIENTED BOUNDING BOXES RESPECTIVELY. A COMBINED LOSS FUNCTION IS PROPOSED FOR THE TRAINING OF THE NETWORK, AND A MODIFIED NON-MAXIMUM SUPPRESSION ALGORITHM IS PROPOSED FOR REMOVING INVALID ORIENTED BOUNDING BOXES. THE PROPOSED MODEL ACHIEVES STATE-OF-ART PERFORMANCE IN PUBLIC SAR SHIP DETECTION DATASET WITH MEAN AVERAGE PRECISION AS 0.906, OUTSTANDING THAN OTHER METHODS BOTH IN SPEED AND PRECISION.","ARTICLE",NA,"OBJECT DETECTION; IMAGE ANALYSIS; DEEP LEARNING; REMOTE SENSING IMAGES; SHIP; FEATURE EXTRACTION",5,"OPTICS"
"10.3788/gzxb20204904.0410005",2020,"ZHANG X;YAO L;LÜ Y;HAN P;LI J","CENTER BASED MODEL FOR ARBITRARY-ORIENTED SHIP DETECTION IN REMOTE SENSING IMAGES; 基于中心点的遥感图像多方向舰船目标检测","GUANGZI XUEBAO/ACTA PHOTONICA SINICA","THE RECENT PROPOSED DEEP LEARNING-BASED ARBITRARY-ORIENTED OBJECTS DETECTION ALGORITHMS INCREASE EXTRA COMPUTATION BURDEN AND COULD NOT WORK EFFICIENTLY. A ONE-STAGE MODEL BASED ON OBJECT CENTERS DETECTION IS PROPOSED FOR ARBITRARY-ORIENTED SHIP DETECTION. AS THE CENTERS OF OBJECTS ARE FREE FROM THE INFLUENCE THEIR DISTRIBUTION DIRECTIONS, THE KEY OF THE MODEL IS TO REGRESS THE PARAMETERS OF OBJECT'S ORIENTED BOUNDING BOX ON THE BASIS OF CENTER DETECTION. FIRSTLY, A FEATURE EXTRACTING NETWORK IS DESIGNED TO ACHIEVE FEATURE MAP AND A NEW FEATURE FUSION METHOD IS PROPOSED WHICH AGGREGATES THE LOW-LEVEL FEATURES RICH IN DETAILING INFORMATION AND HIGH-LEVEL FEATURES RICH IN SEMANTIC INFORMATION TOGETHER. THEN THE FEATURE MAP IS ENTERED TO THREE DETECTION BRANCHES, WHICH PREDICT OF CENTERS, OFFSETS OF CENTERS, AND SIZE AND DIRECTION OF THE ORIENTED BOUNDING BOXES RESPECTIVELY. A COMBINED LOSS FUNCTION IS PROPOSED FOR THE TRAINING OF THE NETWORK, AND A MODIFIED NON-MAXIMUM SUPPRESSION ALGORITHM IS PROPOSED FOR REMOVING INVALID ORIENTED BOUNDING BOXES. THE PROPOSED MODEL ACHIEVES STATE-OF-ART PERFORMANCE IN PUBLIC SAR SHIP DETECTION DATASET WITH MEAN AVERAGE PRECISION AS 0.906, OUTSTANDING THAN OTHER METHODS BOTH IN SPEED AND PRECISION. © 2020, SCIENCE PRESS. ALL RIGHT RESERVED.","ARTICLE",NA,"DEEP LEARNING; FEATURE EXTRACTION; IMAGE ANALYSIS; OBJECT DETECTION; REMOTE SENSING IMAGES; SHIP",11,NA
"10.4108/eetiot.5435",2024,"NIRANJAN A;PATIAL S;ARYAN A;MITTAL A;CHOUDHURY T;RABIEI-DASTJERDI H;KUMAR P;MONTH = M","A DEEP LEARNING APPROACH FOR SHIP DETECTION USING SATELLITE IMAGERY","EAI ENDORSED TRANSACTIONS ON INTERNET OF THINGS","INTRODUCTION: THIS PAPER ADDRESSES SHIP DETECTION IN SATELLITE IMAGERY THROUGH A DEEP LEARNING APPROACH, VITAL FOR MARITIME APPLICATIONS. TRADITIONAL METHODS FACE CHALLENGES WITH LARGE DATASETS, MOTIVATING THE ADOPTION OF DEEP LEARNING TECHNIQUES.OBJECTIVES: THE PRIMARY OBJECTIVE IS TO PRESENT AN ALGORITHMIC METHODOLOGY FOR U-NET MODEL TRAINING, FOCUSING ON ACHIEVING ACCURACY, EFFICIENCY, AND ROBUST SHIP DETECTION. OVERCOMING MANUAL LIMITATIONS AND ENHANCING REAL-TIME MONITORING CAPABILITIES ARE KEY OBJECTIVES.METHOD: THE METHODOLOGY INVOLVES DATASET COLLECTION FROM COPERNICUS OPEN HUB, EMPLOYING RUN-LENGTH ENCODING FOR EFFICIENT PREPROCESSING, AND UTILIZING A U-NET MODEL TRAINED ON SENTINEL-2 IMAGES. DATA MANIPULATION INCLUDES RUN-LENGTH ENCODING, MASKING, AND BALANCED DATASET PREPROCESSING.RESULT: RESULTS DEMONSTRATE THE PROPOSED DEEP LEARNING MODEL'S EFFECTIVENESS IN HANDLING DIVERSE DATASETS, ENSURING ACCURACY THROUGH U-NET ARCHITECTURE, AND ADDRESSING IMBALANCES. THE ALGORITHMIC PROCESS SHOWCASES PROFICIENCY IN SHIP DETECTION.CONCLUSION: IN CONCLUSION, THIS PAPER CONTRIBUTES A COMPREHENSIVE METHODOLOGY FOR SHIP DETECTION, SIGNIFICANTLY ADVANCING ACCURACY, EFFICIENCY, AND ROBUSTNESS IN MARITIME APPLICATIONS. THE U-NET-BASED MODEL SUCCESSFULLY AUTOMATES SHIP DETECTION, PROMISING REAL-TIME MONITORING ENHANCEMENTS AND IMPROVED MARITIME SECURITY.",NA,NA,NA,0,NA
"10.48084/etasr.8755",2024,"SANKHE D;BHOSALE S;MONTH = D","VESSEL DETECTION IN SATELLITE IMAGES USING DEEP LEARNING","ENGINEERING, TECHNOLOGY \& APPLIED SCIENCE RESEARCH","RECEIVED: 16 AUGUST 2024 \TEXTBAR REVISED: 17 SEPTEMBER 2024 \TEXTBAR ACCEPTED:4 OCTOBER 2024 \TEXTBAR ONLINE: 2 DECEMBER 2024CORRESPONDING AUTHOR: SNEHAL BHOSALE",NA,NA,NA,0,NA
"10.48550/arxiv.2003.06832",2020,"CHEN K;WU M;LIU J;ZHANG C;MONTH = M","FGSD: A DATASET FOR FINE-GRAINED SHIP DETECTION IN HIGH RESOLUTION SATELLITE IMAGES",NA,"SHIP DETECTION USING HIGH-RESOLUTION REMOTE SENSING IMAGES IS AN IMPORTANT TASK, WHICH CONTRIBUTE TO SEA SURFACE REGULATION. THE COMPLEX BACKGROUND AND SPECIAL VISUAL ANGLE MAKE SHIP DETECTION RELIES IN HIGH QUALITY DATASETS TO A CERTAIN EXTENT. HOWEVER, THERE IS FEW WORKS ON GIVING BOTH PRECISE CLASSIFICATION AND ACCURATE LOCATION OF SHIPS IN EXISTING SHIP DETECTION DATASETS. TO FURTHER PROMOTE THE RESEARCH OF SHIP DETECTION, WE INTRODUCED A NEW FINE-GRAINED SHIP DETECTION DATASETS, WHICH IS NAMED AS FGSD. THE DATASET COLLECTS HIGH-RESOLUTION REMOTE SENSING IMAGES THAT CONTAINING SHIP SAMPLES FROM MULTIPLE LARGE PORTS AROUND THE WORLD. SHIP SAMPLES WERE FINE CATEGORIZED AND ANNOTATED WITH BOTH HORIZONTAL AND ROTATING BOUNDING BOXES. TO FURTHER DETAILED THE INFORMATION OF THE DATASET, WE PUT FORWARD A NEW REPRESENTATION METHOD OF SHIPS' ORIENTATION. FOR FUTURE RESEARCH, THE DOCK AS A NEW CLASS WAS ANNOTATED IN THE DATASET. BESIDES, RICH INFORMATION OF IMAGES WERE PROVIDED IN FGSD, INCLUDING THE SOURCE PORT, RESOLUTION AND CORRESPONDING GOOGLEEARTH' S RESOLUTION LEVEL OF EACH IMAGE. AS FAR AS WE KNOW, FGSD IS THE MOST COMPREHENSIVE SHIP DETECTION DATASET CURRENTLY AND IT'LL BE AVAILABLE SOON. SOME BASELINES FOR FGSD ARE ALSO PROVIDED IN THIS PAPER.",NA,NA,NA,2003,NA
"10.54097/328xmp36",2025,"LIANG L;MONTH = J","COMPUTER VISION AND DEEP LEARNING IN SHIP TARGET DETECTION","JOURNAL OF COMPUTING AND ELECTRONIC INFORMATION MANAGEMENT","WITH THE RAPID DEVELOPMENT OF THE MARINE ECONOMY IN RECENT YEARS AND THE INCREASING FREQUENCY OF MARITIME ACTIVITIES, THE CRITICALITY OF SHIP TARGET DETECTION IN MANY ASPECTS HAS BECOME INCREASINGLY EVIDENT, SUCH AS PORT MANAGEMENT, MARITIME TRAFFIC SAFETY, AND MILITARY DEFENSE. BY INTEGRATING COMPUTER VISION AND DEEP LEARNING TECHNOLOGIES, IT PROVIDES AN EFFICIENT AND ACCURATE SOLUTION FOR SHIP TARGET DETECTION. THIS ARTICLE WILL FIRST DISCUSS THE SIGNIFICANCE OF SHIP TARGET DETECTION, AND THEN ANALYZE THE TECHNICAL CHALLENGES IT FACES. THESE INCLUDE THE INTERFERENCE BROUGHT BY THE COMPLEX MARINE ENVIRONMENT, THE DIFFICULTIES IN DETECTING SMALL TARGETS, THE NEED TO HANDLE MULTI-TARGET OCCLUSION AND DENSE SCENES, AS WELL AS THE NEED TO BALANCE REAL-TIME PERFORMANCE AND COMPUTING POWER LIMITATIONS. NEXT, WE WILL PROVIDE A DETAILED INTRODUCTION TO THE KEY TECHNICAL PATHS OF DEEP LEARNING IN SHIP TARGET DETECTION. THIS INCLUDES DATA-DRIVEN METHODS, THE DEVELOPMENT AND CHANGES OF CONVOLUTIONAL NEURAL NETWORK ARCHITECTURES, ATTENTION MECHANISMS AND FEATURE FUSION STRATEGIES, AS WELL AS LIGHTWEIGHT NETWORK DESIGN. WE WILL ALSO DISCUSS THE APPLICATION OF COMPUTER VISION AND DEEP LEARNING IN SOME SYSTEMS AND FIELDS. SUCH AS PORT VESSEL SURVEILLANCE SYSTEMS, MARITIME TRAFFIC MANAGEMENT SYSTEMS, MILITARY TARGET IDENTIFICATION, AND MARINE ENVIRONMENT MONITORING, ETC., AND IT WILL SUMMARIZE THE FUTURE DEVELOPMENT TRENDS AND ALL ITS POTENTIAL.",NA,NA,NA,0,NA
"10.7717/peerj-cs.2033",2024,"EZZEDDINI L;KTARI J;FRIKHA T;ALSHARABI N;ALAYBA A;ALZAHRANI A;JADI A;ALKHOLIDI A;HAMAM H;MONTH = M","ANALYSIS OF THE PERFORMANCE OF FASTER R-CNN AND YOLOV8 IN DETECTING FISHING VESSELS AND FISHES IN REAL TIME","PEERJ COMPUTER SCIENCE","THIS RESEARCH CONDUCTS A COMPARATIVE ANALYSIS OF FASTER R-CNN AND YOLOV8 FOR REAL-TIME DETECTION OF FISHING VESSELS AND FISH IN MARITIME SURVEILLANCE. THE STUDY UNDERSCORES THE SIGNIFICANCE OF THIS INVESTIGATION IN ADVANCING FISHERIES MONITORING AND OBJECT DETECTION USING DEEP LEARNING. WITH A CLEAR FOCUS ON COMPARING THE PERFORMANCE OF FASTER R-CNN AND YOLOV8, THE RESEARCH AIMS TO ELUCIDATE THEIR EFFECTIVENESS IN REAL-TIME DETECTION, EMPHASIZING THE RELEVANCE OF SUCH CAPABILITIES IN FISHERIES MANAGEMENT. BY CONDUCTING A THOROUGH LITERATURE REVIEW, THE STUDY ESTABLISHES THE CURRENT STATE-OF-THE-ART IN OBJECT DETECTION, PARTICULARLY WITHIN THE CONTEXT OF FISHERIES MONITORING, WHILE DISCUSSING EXISTING METHODS, CHALLENGES, AND LIMITATIONS. THE FINDINGS OF THIS STUDY NOT ONLY SHED LIGHT ON THE SUPERIORITY OF YOLOV8 IN PRECISE DETECTION BUT ALSO HIGHLIGHT ITS POTENTIAL IMPACT ON MARITIME SURVEILLANCE AND THE PROTECTION OF MARINE RESOURCES.",NA,NA,NA,0,NA
NA,2020,"LI C;WANG L;KANG B;CHEN M;CUI J;ZHENG B","ARBITRARY-ORIENTED SHIP DETECTION BASED ON FEATURE FILTER AND KL LOSS","2020 12TH INTERNATIONAL CONFERENCE ON WIRELESS COMMUNICATIONS AND SIGNAL PROCESSING (WCSP)","ALTHOUGH DEEP LEARNING HAS BEEN DOMINANT IN THE FIELD OF TARGET DETECTION, THERE ARE STILL SOME CHALLENGES IN THE FIELD OF DETECTION OF SHIPS: HORIZONTAL BOUNDARY BOX CONTAINS TOO MUCH REDUNDANCY AND NOISE IN THE SCENE OF LARGE SCALE AND DENSE ARRANGEMENT OF SHIPS, AND THERE ARE MANY INTERFERENCES IN REMOTE SENSING OPTICAL IMAGES THAT AFFECT THE BOUNDING BOX REGRESSION. RECENT NEURAL NETWORK FOR SHIP DETECTION IS GENERALLY USED TO EXTRACT THE PIXEL INFORMATION IN THE IMAGE TO ACHIEVE RAPID POSITIONING AND BOUNDARY BOX REGRESSION, OR TO PROCESS THE DATASET, SO AS TO TRAIN A MORE ROBUST NETWORK. HOWEVER, THESE METHODS DO NOT FOCUS ON THE ORIGINAL FEATURE MAP AND LOSS FUNCTIONS OF THE TARGET, WHICH DIRECTLY LEAD TO THE EFFECTS OF SHIP POSITIONING AND REGRESSION. IN THIS PAPER, WE PROPOSE A SHIP DETECTION NETWORK BASED ON FEATURE FILTER AND KULLBACK-LEIBLER(KL) DIVERGENCE LOSS FUNCTION. IN THIS PAPER, WE PROPOSE TO USE MASK FILTERS ON THE OUTPUT OF THE REGION OF INTEREST(ROI) NETWORK TO REMOVE THE NOISE AROUND THE ROTATING BOUNDING BOX, WHICH IS CONDUCIVE TO THE REGRESSION OF THE ROTATING BOUNDING BOX AND ANGLE IN THE SECOND STAGE. IN ORDER TO GET A BETTER BOUNDING BOX, WE PROPOSE TO USE KL LOSS FUNCTION FOR REGRESSION OF BOUNDING BOX PARAMETERS. WITH THE OPTIMIZATION OF KL LOSS, THE BOUNDING BOX CAN BETTER SURROUND THE SHIP. WE CARRIED OUT EXPERIMENTS ON OUR OWN REMOTE SENSING SHIP IMAGE DATASET FOR SHIP DETECTION, IT CONTAINS 5,126 REMOTE SENSING SATELLITE IMAGES AND MORE THAN 23800 SHIPS IN 6 CATEGORIES. THE DATASET CONTAINS A VARIETY OF SCENARIOS AND CHALLENGES. EXPERIMENTS SHOW THAT THE METHOD IS ACCURATE AND EFFECTIVE, AND THE BOUNDING BOX HAS GOOD WRAPPING PROPERTY.","PROCEEDINGS PAPER","12TH INTERNATIONAL CONFERENCE ON WIRELESS COMMUNICATIONS AND SIGNAL PROCESSING (WCSP)","SHIP DETECTION; BOUNDING BOX; DEEP LEARNING; MASK",1,"COMPUTER SCIENCE; ENGINEERING; TELECOMMUNICATIONS"
NA,2025,"MADDELABHARGAVI M;J. G;MONTH = J","EFFICIENT SHIP DETECTION USING YOLOV8 \& YOLOV9.","GRENZE INTERNATIONAL JOURNAL OF ENGINEERING \& TECHNOLOGY (GIJET)","SHIP DETECTION IS CRUCIAL FOR MARITIME SURVEILLANCE, ENVIRONMENTAL MONITORING, AND NATIONAL SECURITY. THIS PROJECT UTILIZES ADVANCED OBJECT DETECTION ALGORITHMS, YOLOV8 AND YOLOV9, RENOWNED FOR THEIR REAL-TIME CAPABILITIES AND HIGH ACCURACY. THE OBJECTIVE IS TO AUTOMATE THE IDENTIFICATION AND LOCALIZATION OF SHIPS ON THE SEA SURFACE THROUGH COMPUTER VISION AND DEEP LEARNING. BY PROCESSING EXTENSIVE DATASETS, THESE ALGORITHMS ENHANCE EFFICIENCY BY REDUCING MANUAL MONITORING NEEDS. THE PROJECT INVOLVES TRAINING YOLOV8 AND YOLOV9 MODELS ON SPECIFIC DATASETS TO DETECT AND CLASSIFY SHIPS WITHIN IMAGES. LEVERAGING THESE TECHNOLOGIES AIMS TO ACHIEVE PRECISE AND EFFICIENT SHIP DETECTION. DURING INFERENCE, THE MODELS ANALYZE INPUT IMAGES, DETECT SHIPS BY CREATING BOUNDING BOXES, AND REPORT THE COUNT OF DETECTED SHIPS. THIS APPROACH NOT ONLY ADVANCES SHIP DETECTION CAPABILITIES BUT ALSO CONTRIBUTES TO OPTIMIZING OPERATIONAL WORKFLOWS IN MARITIME ENVIRONMENTS.",NA,NA,NA,0,NA
NA,2025,"NA N","SHIP DETECTION FROM HIGHLY CLUTTERED IMAGES USING CONVOLUTIONAL NEURAL NETWORK. - EBSCO",NA,NA,NA,NA,NA,0,NA
NA,2025,"NA N","AN ENHANCED OBJECT DETECTION NETWORK FOR SHIP TARGET DETECTION IN SAR IMAGES. - EBSCO",NA,NA,NA,NA,NA,0,NA
NA,2025,"NA N","OCEAN REMOTE SENSING TECHNIQUES AND APPLICATIONS: A REVIEW (PART I). - EBSCO",NA,NA,NA,NA,NA,0,NA
NA,2023,"CARBÓ M P;MONTH = J","VESSEL DETECTION IN SYNTHETIC APERTURE RADAR IMAGES USING FASTER R-CNN MODELS: ADVANCED MONITORING TECHNIQUES TO IMPROVE FISHERIES MANAGEMENT",NA,"FISHERIES MANAGEMENT HAS TRADITIONALLY RELIED ON CATCH QUOTAS AND MANUAL REPORTING METHODS. HOWEVER, THE DEPLETION OF FISH STOCKS HAS REQUIRED THE ADOPTION OF ELECTRONIC REPORTING SYSTEMS SUCH AS THE VESSEL MONITORING SYSTEM (VMS) AND AUTOMATIC IDENTIFICATION SYSTEM (AIS), WITH ITS OWN LIMITATIONS IN PREVENTING OVEREXPLOITATION. TO ADDRESS THIS, ADVANCEMENTS IN SYNTHETIC APERTURE RADAR (SAR) SATELLITE IMAGERY ANALYSIS, COUPLED WITH MACHINE LEARNING (ML) TECHNIQUES, HAVE EMERGED AS PROMISING TOOLS FOR MONITORING FISHING ACTIVITIES. THESE ADVANCEMENTS ARE REVOLUTIONIZING MARINE INDUSTRY MONITORING, CLOSING THE DATA GAPS FROM TRADITIONAL TECHNIQUES, AND ENHANCING TRANSPARENCY. THIS PROJECT FOCUSES ON VESSEL DETECTION, EMPLOYING COMPUTER VISION METHODS. CONVOLUTIONAL NEURAL NETWORKS (CNN), SPECIFICALLY FASTER REGION-BASED CNN (FASTER-RCNN), EXHIBIT PROMISING RESULTS WITH REDUCED DETECTION TIME AND COMPUTATIONAL COSTS. WE EVALUATED THE MODEL'S PERFORMANCE OF THESE MODELS AND IMPLEMENTED VARIOUS IMAGE PRE-PROCESSING TECHNIQUES TO IMPROVE THEM. FURTHERMORE, TO DEMONSTRATE THE POTENTIAL OF THIS APPROACH IN FISHERIES MANAGEMENT, WE TESTED THE MODEL USING REAL-WORLD SENTINEL-1 IMAGES IN A CASE STUDY ON CHILEAN FISHERIES AND DEVELOPED AN INTERACTIVE REPORT PRESENTING THE RESULTS. THE INTEGRATION OF SAR-BASED SATELLITE IMAGERY ANALYSIS AND ML TECHNIQUES HOLDS SIGNIFICANT PROMISE FOR ENHANCING FISHERIES MANAGEMENT. THE EVALUATION OF FASTER-RCNN FOR VESSEL DETECTION, ALONG WITH THE COMPARATIVE ANALYSIS OF PRE-PROCESSING TECHNIQUES, PROVIDES VALUABLE INSIGHTS INTO THE EFFECTIVENESS OF THIS METHOD. FURTHERMORE, IT ALSO REVEALED SOME LIMITATIONS OF THESE TECHNIQUES, UNDERSCORING THE NEED FOR FURTHER ADVANCEMENTS AND EMPHASIZING THE RELIANCE ON COMBINED APPROACHES FOR EFFECTIVE FISHERIES MANAGEMENT.",NA,NA,NA,0,NA
NA,2025,"NA N","IMPROVING MARITIME DOMAIN AWARENESS IN BRAZIL THROUGH COMPUTER VISION TECHNOLOGY - PROQUEST",NA,NA,NA,NA,NA,0,NA
NA,2025,"NA N","ATTENTION MECHANISM FOR DEEP LEARNING IN THE ANALYSIS OF MARITIME ENVIRONMENT - PROQUEST",NA,"EXPLORE MILLIONS OF RESOURCES FROM SCHOLARLY JOURNALS, BOOKS, NEWSPAPERS, VIDEOS AND MORE, ON THE PROQUEST PLATFORM.",NA,NA,NA,0,NA
NA,2025,"WANG W;WANG D;MONTH = A","CTS: A UNIFIED DEEP LEARNING APPROACH FOR SHIP DETECTION IN COMPLEX MARITIME ENVIRONMENTS.","IAENG INTERNATIONAL JOURNAL OF COMPUTER SCIENCE","THIS STUDY PRESENTS AN INNOVATIVE HIGH-PRECISION SHIP DETECTION FRAMEWORK, NAMED CTS, WHICH COMBINES THE TRANSFORMER ARCHITECTURE WITH CNN IN AN INGENIOUS MANNER. TO ADDRESS THE CHALLENGES POSED BY INTRICATE BACKGROUNDS IN SHIP IMAGES, OUR METHODOLOGY ADOPTS A DUAL-PATH FEATURE EXTRACTION MECHANISM, INTEGRATING CNN AND TRANSFORMER FEATURES VIA A NOVEL FUSION MODULE, AND SUBSEQUENTLY EMPLOYS A SEMANTIC SEGMENTATION NETWORK FOR METICULOUS PIXEL-LEVEL DETECTION. EXPERIMENTAL OUTCOMES UNDERSCORE THE SUPERIORITY OF OUR APPROACH OVER CONVENTIONAL METHODS, ATTAINING A PIXEL ACCURACY OF 95.26\%. THE FRAMEWORK INTRODUCED IN THIS STUDY MARKS A NOTABLE PROGRESSION IN LEVERAGING REMOTE SENSING TECHNIQUES FOR SHIP DETECTION, PROVIDING SUPERIOR FEATURE CHARACTERIZATION AND IMPROVED DETECTION PRECISION IN CHALLENGING MARITIME ENVIRONMENTS.",NA,NA,NA,0,NA
NA,2025,"NA N","SLT-NET: ENHANCED MASK RCNN NETWORK FOR SHIP LONG-TAILED DETECTION \TEXTBAR IEEE CONFERENCE PUBLICATION \TEXTBAR IEEE XPLORE",NA,NA,NA,NA,NA,0,NA
NA,2024,"NGUYEN P;MONTH = D","HA-RDET: HYBRID ANCHOR ROTATION DETECTOR FOR ORIENTED OBJECT DETECTION","ARXIV.ORG","ORIENTED OBJECT DETECTION IN AERIAL IMAGES POSES A SIGNIFICANT CHALLENGE DUE TO THEIR VARYING SIZES AND ORIENTATIONS. CURRENT STATE-OF-THE-ART DETECTORS TYPICALLY RELY ON EITHER TWO-STAGE OR ONE-STAGE APPROACHES, OFTEN EMPLOYING ANCHOR-BASED STRATEGIES, WHICH CAN RESULT IN COMPUTATIONALLY EXPENSIVE OPERATIONS DUE TO THE REDUNDANT NUMBER OF GENERATED ANCHORS DURING TRAINING. IN CONTRAST, ANCHOR-FREE MECHANISMS OFFER FASTER PROCESSING BUT SUFFER FROM A REDUCTION IN THE NUMBER OF TRAINING SAMPLES, POTENTIALLY IMPACTING DETECTION ACCURACY. TO ADDRESS THESE LIMITATIONS, WE PROPOSE THE HYBRID-ANCHOR ROTATION DETECTOR (HA-RDET), WHICH COMBINES THE ADVANTAGES OF BOTH ANCHOR-BASED AND ANCHOR-FREE SCHEMES FOR ORIENTED OBJECT DETECTION. BY UTILIZING ONLY ONE PRESET ANCHOR FOR EACH LOCATION ON THE FEATURE MAPS AND REFINING THESE ANCHORS WITH OUR ORIENTATION-AWARE CONVOLUTION TECHNIQUE, HA-RDET ACHIEVES COMPETITIVE ACCURACIES, INCLUDING 75.41 MAP ON DOTA-V1, 65.3 MAP ON DIOR-R, AND 90.2 MAP ON HRSC2016, AGAINST CURRENT ANCHOR-BASED STATE-OF-THE-ART METHODS, WHILE SIGNIFICANTLY REDUCING COMPUTATIONAL RESOURCES.",NA,NA,NA,0,NA
NA,2025,"NA N","A DEGRADED RECONSTRUCTION ENHANCEMENT-BASED METHOD FOR TINY SHIP DETECTION IN REMOTE SENSING IMAGES WITH A NEW LARGE-SCALE DATASET",NA,"THE RAPID DETECTION OF SHIPS WITHIN THE WIDE SEA AREA IS ESSENTIAL FOR INTELLIGENCE ACQUISITION. MOST MODERN DEEP LEARNING-BASED SHIP DETECTION METHODS FOCUS ON LOCATING SHIPS IN HIGH-RESOLUTION (HR) REMOTE SENSING (RS) IMAGES. SELDOM EFFORTS HAVE BEEN MADE ON SHIP DETECTION IN MEDIUM-RESOLUTION (MR) RS IMAGES. AN MR IMAGE COVERS A MUCH WIDER AREA THAN AN HR ONE OF THE SAME SIZE, THUS FACILITATING QUICK SHIP DETECTION. TO THIS END, WE PROPOSE A TINY SHIP DETECTION METHOD, NAMELY, THE DEGRADED RECONSTRUCTION ENHANCEMENT NETWORK (DRENET), FOR MR RS IMAGES. DIFFERENT FROM PREVIOUS METHODS THAT MAINLY FOCUS ON FEATURE FUSION STRATEGIES TO IMPROVE THE EXPRESSION ABILITY OF THE DETECTOR, WE DESIGN AN ADDITIONAL NETWORK BRANCH, I.E., DEGRADED RECONSTRUCTION ENHANCER, TO LEARN TO REGRESS AN OBJECT-AWARE BLURRED VERSION OF THE INPUT IMAGE IN THE TRAINING PHASE. OUR INTUITION IS THAT THE PROPOSED RECONSTRUCTION BRANCH MAY GUIDE THE BACKBONE TO FOCUS MORE ON TINY SHIP TARGETS INSTEAD OF THE VAST BACKGROUND. MOREOVER, WE INCORPORATE A CROSS-STAGE MULTI-HEAD ATTENTION MODULE IN THE DETECTOR TO FURTHER IMPROVE THE FEATURE DISCRIMINATION BY LEVERAGING THE SELF-ATTENTION MECHANISM. TO FILL THE GAP OF LACKING A LARGE-SCALE MR SHIP DETECTION DATASET, WE INTRODUCE LEVIR-SHIP, WHICH CONTAINS 3896 GF-1/GF-6 MULTISPECTRAL IMAGES AND OVER 3K TINY SHIP INSTANCES. EXPERIMENTS ON LEVIR-SHIP VALIDATE THE EFFECTIVENESS AND EFFICIENCY OF THE PROPOSED METHOD. OUR METHOD ACHIEVES 82.4 AP WITH 85 FPS, WHICH OUTPERFORMS MANY STATE-OF-THE-ART SHIP DETECTION METHODS. OUR CODE AND DATASET ARE AVAILABLE AT \TEXTLESSURI XMLNS:MML=""HTTP://WWW.W3.ORG/1998/MATH/MATHML"" XMLNS:XLINK=""HTTP://WWW.W3.ORG/1999/XLINK""\TEXTGREATERHTTPS://GITHUB.COM/WINDVCHEN/DRENET\TEXTLESS/URI\TEXTGREATER.",NA,NA,NA,0,NA
NA,2025,"NA N","IMPROVED YOLOV5S FOR SMALL SHIP DETECTION WITH OPTICAL REMOTE SENSING IMAGES \TEXTBAR IEEE JOURNALS \& MAGAZINE \TEXTBAR IEEE XPLORE",NA,NA,NA,NA,NA,0,NA
